1,37.5,0.0,100.0,0.0,0.0,100.0,0.0,0.0,316.66,8.0,7.79,0.62,0.52
2,36.59,0.03,97.0,3.0,0.0,97.0,0.0,0.0,366.87,1.76,11.15,0.59,0.39
3,37.5,0.0,100.0,0.0,0.0,100.0,0.0,0.0,276.05,16.0,4.48,0.62,0.37
4,31.5,0.09,91.0,9.0,0.0,91.0,0.0,0.0,209.1,1.29,10.41,0.58,0.37
5,37.5,0.0,100.0,0.0,0.0,100.0,0.0,0.0,349.6,14.0,3.67,0.62,0.39
6,37.5,0.0,100.0,0.0,0.0,100.0,0.0,0.0,249.98,14.0,4.8,0.62,0.37
7,37.5,0.0,100.0,0.0,0.0,100.0,0.0,0.0,339.89,12.25,6.4,0.62,0.33
8,37.5,0.0,100.0,0.0,0.0,100.0,0.0,0.0,263.98,13.0,6.28,0.62,0.34
9,37.5,0.0,100.0,0.0,0.0,100.0,0.0,0.0,290.45,6.5,9.21,0.62,0.38
10,37.5,0.0,100.0,0.0,0.0,100.0,0.0,0.0,483.83,7.0,7.32,0.62,0.39
11,37.5,0.0,100.0,0.0,0.0,100.0,0.0,0.0,273.44,8.0,5.45,0.62,0.37
12,37.5,0.0,100.0,0.0,0.0,100.0,0.0,0.0,280.58,16.0,2.24,0.62,0.38
13,37.5,0.0,100.0,0.0,0.0,100.0,0.0,0.0,323.27,14.0,6.15,0.62,0.38
14,37.5,0.0,100.0,0.0,0.0,100.0,0.0,0.0,314.77,16.0,3.77,0.62,0.38
15,37.5,0.0,100.0,0.0,0.0,100.0,0.0,0.0,437.78,12.25,7.23,0.62,0.37
16,37.5,0.0,100.0,0.0,0.0,100.0,0.0,0.0,213.65,16.0,2.77,0.62,0.4
17,37.5,0.0,100.0,0.0,0.0,100.0,0.0,0.0,281.77,14.0,5.2,0.62,0.39
18,37.5,0.0,100.0,0.0,0.0,100.0,0.0,0.0,373.9,13.0,8.26,0.62,0.39
19,37.5,0.0,100.0,0.0,0.0,100.0,0.0,0.0,62.99,7.0,7.83,0.62,0.38
20,37.5,0.0,100.0,0.0,0.0,100.0,0.0,0.0,271.75,14.0,6.47,0.62,0.38
21,37.5,0.0,100.0,0.0,0.0,100.0,0.0,0.0,340.24,8.0,7.01,0.62,0.4
22,37.5,0.0,100.0,0.0,0.0,100.0,0.0,0.0,290.82,12.25,5.71,0.62,0.39
23,37.5,0.0,100.0,0.0,0.0,100.0,0.0,0.0,234.63,8.0,6.95,0.62,0.38
24,37.5,0.0,100.0,0.0,0.0,100.0,0.0,0.0,381.41,16.0,4.87,0.62,0.36
25,37.5,0.0,100.0,0.0,0.0,100.0,0.0,0.0,353.36,16.0,5.26,0.62,0.37
26,37.5,0.0,100.0,0.0,0.0,100.0,0.0,0.0,220.91,12.25,8.63,0.62,0.38
27,37.5,0.0,100.0,0.0,0.0,100.0,0.0,0.0,394.61,16.0,5.73,0.62,0.41
28,37.5,0.0,100.0,0.0,0.0,100.0,0.0,0.0,341.02,6.25,7.83,0.62,0.37
29,37.5,0.0,100.0,0.0,0.0,100.0,0.0,0.0,386.25,14.0,6.91,0.62,0.37
30,37.5,0.0,100.0,0.0,0.0,100.0,0.0,0.0,389.31,12.5,9.74,0.62,0.41
31,37.5,0.0,100.0,0.0,0.0,100.0,0.0,0.0,227.96,4.0,11.26,0.62,0.39
32,36.3,0.07,93.0,7.0,0.0,93.0,0.0,0.0,256.11,1.04,11.07,0.52,0.41
33,37.5,0.0,100.0,0.0,0.0,100.0,0.0,0.0,329.13,3.25,12.38,0.62,0.38
34,37.5,0.0,100.0,0.0,0.0,100.0,0.0,0.0,276.25,6.25,8.13,0.62,0.37
35,30.98,0.07,93.0,7.0,0.0,93.0,0.0,0.0,186.08,1.05,11.76,0.6,0.39
36,37.5,0.0,100.0,0.0,0.0,100.0,0.0,0.0,241.52,8.0,7.46,0.62,0.38
37,37.5,0.0,100.0,0.0,0.0,100.0,0.0,0.0,129.62,12.5,6.66,0.62,0.38
38,37.5,0.0,100.0,0.0,0.0,100.0,0.0,0.0,330.72,14.0,8.45,0.62,0.41
39,37.5,0.0,100.0,0.0,0.0,100.0,0.0,0.0,289.49,14.0,5.19,0.62,0.49
40,37.5,0.0,100.0,0.0,0.0,100.0,0.0,0.0,447.97,16.0,4.54,0.62,0.41
41,37.5,0.0,100.0,0.0,0.0,100.0,0.0,0.0,432.35,14.0,5.7,0.62,0.37
42,37.5,0.0,100.0,0.0,0.0,100.0,0.0,0.0,332.86,6.25,11.39,0.62,0.38
43,37.5,0.0,100.0,0.0,0.0,100.0,0.0,0.0,349.94,16.0,4.62,0.62,0.4
44,37.5,0.0,100.0,0.0,0.0,100.0,0.0,0.0,421.88,16.0,5.57,0.62,0.37
45,37.5,0.0,100.0,0.0,0.0,100.0,0.0,0.0,322.86,14.0,4.74,0.62,0.38
46,37.5,0.0,100.0,0.0,0.0,100.0,0.0,0.0,351.43,7.0,7.13,0.62,0.38
47,37.5,0.0,100.0,0.0,0.0,100.0,0.0,0.0,264.6,6.5,8.14,0.62,0.42
48,37.5,0.0,100.0,0.0,0.0,100.0,0.0,0.0,389.58,13.0,6.81,0.62,0.38
49,37.5,0.0,100.0,0.0,0.0,100.0,0.0,0.0,405.48,14.0,5.13,0.62,0.4
50,37.5,0.0,100.0,0.0,0.0,100.0,0.0,0.0,363.6,12.5,7.92,0.62,0.38
51,37.5,0.0,100.0,0.0,0.0,100.0,0.0,0.0,173.23,7.0,9.82,0.62,0.37
52,37.5,0.0,100.0,0.0,0.0,100.0,0.0,0.0,265.6,16.0,3.76,0.62,0.38
53,37.5,0.0,100.0,0.0,0.0,100.0,0.0,0.0,341.63,14.0,7.17,0.62,0.37
54,37.5,0.0,100.0,0.0,0.0,100.0,0.0,0.0,383.97,14.0,5.47,0.62,0.42
55,37.5,0.0,100.0,0.0,0.0,100.0,0.0,0.0,430.91,6.5,12.08,0.62,0.37
56,37.5,0.0,100.0,0.0,0.0,100.0,0.0,0.0,137.31,14.0,5.92,0.62,0.37
57,37.5,0.0,100.0,0.0,0.0,100.0,0.0,0.0,297.65,14.0,4.55,0.62,0.37
58,37.5,0.0,100.0,0.0,0.0,100.0,0.0,0.0,390.9,13.0,7.65,0.62,0.36
59,37.5,0.0,100.0,0.0,0.0,100.0,0.0,0.0,343.6,14.0,5.14,0.62,0.37
60,37.5,0.0,100.0,0.0,0.0,100.0,0.0,0.0,373.43,2.5,14.87,0.62,0.41
61,37.5,0.0,100.0,0.0,0.0,100.0,0.0,0.0,304.01,8.0,8.61,0.62,0.38
62,37.5,0.0,100.0,0.0,0.0,100.0,0.0,0.0,282.34,13.0,8.42,0.62,0.38
63,37.5,0.0,100.0,0.0,0.0,100.0,0.0,0.0,338.37,16.0,4.23,0.62,0.38
64,37.5,0.0,100.0,0.0,0.0,100.0,0.0,0.0,156.18,12.25,8.28,0.62,0.39
65,37.5,0.0,100.0,0.0,0.0,100.0,0.0,0.0,255.46,14.0,5.62,0.62,0.41
66,37.5,0.0,100.0,0.0,0.0,100.0,0.0,0.0,356.77,2.5,12.76,0.62,0.39
67,37.5,0.0,100.0,0.0,0.0,100.0,0.0,0.0,412.54,12.25,6.33,0.62,0.39
68,37.5,0.0,100.0,0.0,0.0,100.0,0.0,0.0,247.77,14.0,7.77,0.62,0.37
69,37.5,0.0,100.0,0.0,0.0,100.0,0.0,0.0,310.77,12.5,5.23,0.62,0.38
70,37.5,0.0,100.0,0.0,0.0,100.0,0.0,0.0,284.09,16.0,5.61,0.62,0.39
71,37.5,0.0,100.0,0.0,0.0,100.0,0.0,0.0,323.87,16.0,5.37,0.62,0.4
72,37.5,0.0,100.0,0.0,0.0,100.0,0.0,0.0,176.65,12.25,5.53,0.62,0.38
73,37.5,0.0,100.0,0.0,0.0,100.0,0.0,0.0,270.83,2.5,13.97,0.62,0.39
74,37.5,0.0,100.0,0.0,0.0,100.0,0.0,0.0,335.0,14.0,6.42,0.62,0.38
75,37.5,0.0,100.0,0.0,0.0,100.0,0.0,0.0,163.26,14.0,4.23,0.62,0.39
76,37.5,0.0,100.0,0.0,0.0,100.0,0.0,0.0,243.09,16.0,3.7,0.62,0.51
77,37.5,0.0,100.0,0.0,0.0,100.0,0.0,0.0,285.58,12.25,6.62,0.62,0.39
78,37.5,0.0,100.0,0.0,0.0,100.0,0.0,0.0,225.55,16.0,5.26,0.62,0.39
79,37.5,0.0,100.0,0.0,0.0,100.0,0.0,0.0,237.29,13.0,8.27,0.62,0.37
80,37.5,0.0,100.0,0.0,0.0,100.0,0.0,0.0,183.19,16.0,3.05,0.62,0.35
81,37.5,0.0,100.0,0.0,0.0,100.0,0.0,0.0,315.36,2.0,11.52,0.62,0.34
82,37.5,0.0,100.0,0.0,0.0,100.0,0.0,0.0,212.84,14.0,4.1,0.62,0.35
83,37.5,0.0,100.0,0.0,0.0,100.0,0.0,0.0,309.09,16.0,5.26,0.62,0.34
84,37.5,0.0,100.0,0.0,0.0,100.0,0.0,0.0,346.61,12.25,6.73,0.62,0.33
85,37.5,0.0,100.0,0.0,0.0,100.0,0.0,0.0,248.43,12.25,6.84,0.62,0.33
86,37.5,0.0,100.0,0.0,0.0,100.0,0.0,0.0,294.22,8.0,8.65,0.62,0.33
87,37.5,0.0,100.0,0.0,0.0,100.0,0.0,0.0,381.71,12.25,7.11,0.62,0.34
88,31.97,0.09,91.0,9.0,0.0,91.0,0.0,0.0,114.33,1.28,13.68,0.56,0.34
89,37.5,0.0,100.0,0.0,0.0,100.0,0.0,0.0,104.72,1.75,9.18,0.62,0.37
90,37.5,0.0,100.0,0.0,0.0,100.0,0.0,0.0,368.37,12.25,8.1,0.62,0.33
91,37.5,0.0,100.0,0.0,0.0,100.0,0.0,0.0,323.88,6.25,9.63,0.62,0.34
92,37.5,0.0,100.0,0.0,0.0,100.0,0.0,0.0,377.54,8.0,5.3,0.62,0.36
93,37.5,0.0,100.0,0.0,0.0,100.0,0.0,0.0,444.4,16.0,3.79,0.62,0.34
94,37.5,0.0,100.0,0.0,0.0,100.0,0.0,0.0,89.31,6.25,7.92,0.62,0.58
95,37.5,0.0,100.0,0.0,0.0,100.0,0.0,0.0,293.06,6.25,8.62,0.62,0.35
96,37.5,0.0,100.0,0.0,0.0,100.0,0.0,0.0,354.87,12.25,7.09,0.62,0.38
97,37.5,0.0,100.0,0.0,0.0,100.0,0.0,0.0,304.22,6.25,13.5,0.62,0.37
98,37.5,0.0,100.0,0.0,0.0,100.0,0.0,0.0,302.03,14.0,3.83,0.62,0.37
99,37.5,0.0,100.0,0.0,0.0,100.0,0.0,0.0,376.04,14.0,7.29,0.62,0.37
100,37.5,0.0,100.0,0.0,0.0,100.0,0.0,0.0,359.96,16.0,4.16,0.62,0.41
101,37.5,0.0,100.0,0.0,0.0,100.0,0.0,0.0,79.32,2.5,14.26,0.62,0.37
102,37.5,0.0,100.0,0.0,0.0,100.0,0.0,0.0,298.45,6.25,9.68,0.62,0.37
103,37.5,0.0,100.0,0.0,0.0,100.0,0.0,0.0,258.43,8.0,6.45,0.62,0.38
104,37.5,0.0,100.0,0.0,0.0,100.0,0.0,0.0,198.3,14.0,6.47,0.62,0.38
105,37.5,0.0,100.0,0.0,0.0,100.0,0.0,0.0,111.28,16.0,5.41,0.62,0.39
106,37.5,0.0,100.0,0.0,0.0,100.0,0.0,0.0,263.56,12.5,5.73,0.62,0.39
107,37.5,0.0,100.0,0.0,0.0,100.0,0.0,0.0,325.49,14.0,5.99,0.62,0.39
108,37.5,0.0,100.0,0.0,0.0,100.0,0.0,0.0,255.89,14.0,6.45,0.62,0.37
109,37.5,0.0,100.0,0.0,0.0,100.0,0.0,0.0,267.9,6.5,10.56,0.62,0.38
110,37.5,0.0,100.0,0.0,0.0,100.0,0.0,0.0,175.46,13.0,7.67,0.62,0.38
111,37.5,0.0,100.0,0.0,0.0,100.0,0.0,0.0,303.26,16.0,4.6,0.62,0.39
112,37.5,0.0,100.0,0.0,0.0,100.0,0.0,0.0,173.34,12.5,7.15,0.62,0.38
113,37.5,0.0,100.0,0.0,0.0,100.0,0.0,0.0,145.93,8.0,7.54,0.62,0.38
114,37.5,0.0,100.0,0.0,0.0,100.0,0.0,0.0,290.11,2.0,13.99,0.62,0.38
115,37.5,0.0,100.0,0.0,0.0,100.0,0.0,0.0,324.73,16.0,3.35,0.62,0.37
116,37.5,0.0,100.0,0.0,0.0,100.0,0.0,0.0,301.9,16.0,6.19,0.62,0.38
117,37.5,0.0,100.0,0.0,0.0,100.0,0.0,0.0,317.92,3.5,12.54,0.62,0.4
118,37.5,0.0,100.0,0.0,0.0,100.0,0.0,0.0,374.72,1.75,13.56,0.62,0.37
119,37.5,0.0,100.0,0.0,0.0,100.0,0.0,0.0,237.18,14.0,4.51,0.62,0.38
120,37.5,0.0,100.0,0.0,0.0,100.0,0.0,0.0,392.25,14.0,4.74,0.62,0.37
121,37.5,0.0,100.0,0.0,0.0,100.0,0.0,0.0,146.36,14.0,6.56,0.62,0.38
122,37.5,0.0,100.0,0.0,0.0,100.0,0.0,0.0,436.58,14.0,5.7,0.62,0.4
123,37.5,0.0,100.0,0.0,0.0,100.0,0.0,0.0,321.13,14.0,5.06,0.62,0.37
124,37.5,0.0,100.0,0.0,0.0,100.0,0.0,0.0,288.0,8.0,7.93,0.62,0.38
125,37.5,0.0,100.0,0.0,0.0,100.0,0.0,0.0,260.29,14.0,6.14,0.62,0.37
126,37.5,0.0,100.0,0.0,0.0,100.0,0.0,0.0,461.21,16.0,2.78,0.62,0.38
127,37.5,0.0,100.0,0.0,0.0,100.0,0.0,0.0,215.05,8.0,8.39,0.62,0.37
128,37.5,0.0,100.0,0.0,0.0,100.0,0.0,0.0,276.46,6.25,9.5,0.62,0.41
129,37.5,0.0,100.0,0.0,0.0,100.0,0.0,0.0,265.56,16.0,3.72,0.62,0.37
130,37.5,0.0,100.0,0.0,0.0,100.0,0.0,0.0,364.03,12.5,8.37,0.62,0.38
131,37.5,0.0,100.0,0.0,0.0,100.0,0.0,0.0,53.86,6.25,9.46,0.62,0.43
132,37.5,0.0,100.0,0.0,0.0,100.0,0.0,0.0,381.32,12.5,6.32,0.62,0.38
133,37.5,0.0,100.0,0.0,0.0,100.0,0.0,0.0,145.04,7.0,10.65,0.62,0.42
134,37.5,0.0,100.0,0.0,0.0,100.0,0.0,0.0,212.1,16.0,2.46,0.62,0.37
135,37.5,0.0,100.0,0.0,0.0,100.0,0.0,0.0,209.33,14.0,6.62,0.62,0.38
136,37.5,0.0,100.0,0.0,0.0,100.0,0.0,0.0,341.64,14.0,4.83,0.62,0.38
137,37.5,0.0,100.0,0.0,0.0,100.0,0.0,0.0,356.91,3.25,14.42,0.62,0.38
138,37.5,0.0,100.0,0.0,0.0,100.0,0.0,0.0,217.34,13.0,5.18,0.62,0.38
139,37.5,0.0,100.0,0.0,0.0,100.0,0.0,0.0,367.9,16.0,6.66,0.62,0.4
140,37.5,0.0,100.0,0.0,0.0,100.0,0.0,0.0,156.29,12.5,8.99,0.62,0.39
141,37.5,0.0,100.0,0.0,0.0,100.0,0.0,0.0,119.22,14.0,6.28,0.62,0.38
142,37.5,0.0,100.0,0.0,0.0,100.0,0.0,0.0,238.89,16.0,5.77,0.62,0.38
143,37.5,0.0,100.0,0.0,0.0,100.0,0.0,0.0,314.11,8.0,7.99,0.62,0.37
144,37.5,0.0,100.0,0.0,0.0,100.0,0.0,0.0,252.59,6.5,11.25,0.62,0.39
145,37.5,0.0,100.0,0.0,0.0,100.0,0.0,0.0,295.9,8.0,8.05,0.62,0.77
146,37.5,0.0,100.0,0.0,0.0,100.0,0.0,0.0,371.24,14.0,7.14,0.62,0.47
147,37.5,0.0,100.0,0.0,0.0,100.0,0.0,0.0,378.82,3.5,12.91,0.62,0.34
148,37.5,0.0,100.0,0.0,0.0,100.0,0.0,0.0,364.42,4.0,13.19,0.62,0.35
149,37.5,0.0,100.0,0.0,0.0,100.0,0.0,0.0,305.68,1.75,12.55,0.62,0.38
150,37.5,0.0,100.0,0.0,0.0,100.0,0.0,0.0,444.88,16.0,3.04,0.62,0.36
151,37.5,0.0,100.0,0.0,0.0,100.0,0.0,0.0,234.51,1.75,12.48,0.62,0.34
152,37.5,0.0,100.0,0.0,0.0,100.0,0.0,0.0,267.84,16.0,6.49,0.62,0.35
153,37.5,0.0,100.0,0.0,0.0,100.0,0.0,0.0,167.61,12.25,8.43,0.62,0.33
154,37.5,0.0,100.0,0.0,0.0,100.0,0.0,0.0,265.84,14.0,4.54,0.62,0.31
155,37.5,0.0,100.0,0.0,0.0,100.0,0.0,0.0,264.46,16.0,2.83,0.62,0.32
156,37.5,0.0,100.0,0.0,0.0,100.0,0.0,0.0,224.27,13.0,7.26,0.62,0.31
157,37.5,0.0,100.0,0.0,0.0,100.0,0.0,0.0,180.03,16.0,5.61,0.62,0.31
158,37.5,0.0,100.0,0.0,0.0,100.0,0.0,0.0,306.57,14.0,5.44,0.62,0.31
159,37.5,0.0,100.0,0.0,0.0,100.0,0.0,0.0,90.56,14.0,6.89,0.62,0.3
160,37.5,0.0,100.0,0.0,0.0,100.0,0.0,0.0,438.23,7.0,11.68,0.62,0.3
161,37.5,0.0,100.0,0.0,0.0,100.0,0.0,0.0,277.69,16.0,6.2,0.62,0.3
162,37.5,0.0,100.0,0.0,0.0,100.0,0.0,0.0,255.5,14.0,7.82,0.62,0.32
163,37.5,0.0,100.0,0.0,0.0,100.0,0.0,0.0,164.98,14.0,5.42,0.62,0.32
164,37.5,0.0,100.0,0.0,0.0,100.0,0.0,0.0,341.21,13.0,5.9,0.62,0.29
165,37.5,0.0,100.0,0.0,0.0,100.0,0.0,0.0,351.68,12.25,5.61,0.62,0.3
166,37.5,0.0,100.0,0.0,0.0,100.0,0.0,0.0,414.56,14.0,6.07,0.62,0.31
167,37.5,0.0,100.0,0.0,0.0,100.0,0.0,0.0,330.49,16.0,6.0,0.62,0.3
168,37.5,0.0,100.0,0.0,0.0,100.0,0.0,0.0,323.67,14.0,6.63,0.62,0.33
169,37.5,0.0,100.0,0.0,0.0,100.0,0.0,0.0,412.67,14.0,4.37,0.62,0.38
170,37.5,0.0,100.0,0.0,0.0,100.0,0.0,0.0,280.31,8.0,7.15,0.62,0.3
171,37.5,0.0,100.0,0.0,0.0,100.0,0.0,0.0,200.64,16.0,4.47,0.62,0.36
172,37.5,0.0,100.0,0.0,0.0,100.0,0.0,0.0,297.14,3.5,14.81,0.62,0.33
173,37.5,0.0,100.0,0.0,0.0,100.0,0.0,0.0,335.8,14.0,5.05,0.62,0.33
174,37.5,0.0,100.0,0.0,0.0,100.0,0.0,0.0,266.44,13.0,6.86,0.62,0.36
175,37.5,0.0,100.0,0.0,0.0,100.0,0.0,0.0,334.97,14.0,5.02,0.62,0.38
176,37.5,0.0,100.0,0.0,0.0,100.0,0.0,0.0,301.45,14.0,3.6,0.62,0.34
177,37.5,0.0,100.0,0.0,0.0,100.0,0.0,0.0,398.65,13.0,7.6,0.62,0.34
178,37.5,0.0,100.0,0.0,0.0,100.0,0.0,0.0,341.75,16.0,3.99,0.62,0.34
179,37.5,0.0,100.0,0.0,0.0,100.0,0.0,0.0,252.57,8.0,6.48,0.62,0.34
180,37.5,0.0,100.0,0.0,0.0,100.0,0.0,0.0,159.79,16.0,3.61,0.62,0.36
181,37.5,0.0,100.0,0.0,0.0,100.0,0.0,0.0,359.19,14.0,5.32,0.62,0.36
182,37.5,0.0,100.0,0.0,0.0,100.0,0.0,0.0,423.42,8.0,10.19,0.62,0.35
183,37.5,0.0,100.0,0.0,0.0,100.0,0.0,0.0,233.46,14.0,6.71,0.62,0.34
184,37.5,0.0,100.0,0.0,0.0,100.0,0.0,0.0,128.3,16.0,5.11,0.62,0.34
185,37.5,0.0,100.0,0.0,0.0,100.0,0.0,0.0,268.07,12.25,7.15,0.62,0.35
186,37.5,0.0,100.0,0.0,0.0,100.0,0.0,0.0,175.13,8.0,9.32,0.62,0.34
187,37.5,0.0,100.0,0.0,0.0,100.0,0.0,0.0,261.94,14.0,4.55,0.62,0.44
188,37.5,0.0,100.0,0.0,0.0,100.0,0.0,0.0,119.55,8.0,6.49,0.62,0.34
189,37.5,0.0,100.0,0.0,0.0,100.0,0.0,0.0,385.11,6.25,10.27,0.62,0.35
190,37.5,0.0,100.0,0.0,0.0,100.0,0.0,0.0,425.6,14.0,4.96,0.62,0.33
191,37.5,0.0,100.0,0.0,0.0,100.0,0.0,0.0,260.38,3.25,13.34,0.62,0.36
192,37.5,0.0,100.0,0.0,0.0,100.0,0.0,0.0,144.31,12.5,6.55,0.62,0.35
193,37.5,0.0,100.0,0.0,0.0,100.0,0.0,0.0,306.68,12.5,8.66,0.62,0.37
194,37.5,0.0,100.0,0.0,0.0,100.0,0.0,0.0,235.95,2.0,12.62,0.62,0.36
195,37.5,0.0,100.0,0.0,0.0,100.0,0.0,0.0,289.68,2.5,14.55,0.62,0.34
196,37.5,0.0,100.0,0.0,0.0,100.0,0.0,0.0,375.18,4.0,12.68,0.62,0.35
197,37.5,0.0,100.0,0.0,0.0,100.0,0.0,0.0,386.13,14.0,5.28,0.62,0.33
198,37.5,0.0,100.0,0.0,0.0,100.0,0.0,0.0,205.75,4.0,12.62,0.62,0.36
199,37.5,0.0,100.0,0.0,0.0,100.0,0.0,0.0,251.47,6.25,6.18,0.62,0.38
200,37.5,0.0,100.0,0.0,0.0,100.0,0.0,0.0,384.24,14.0,7.12,0.62,0.35
201,37.5,0.0,100.0,0.0,0.0,100.0,0.0,0.0,254.1,8.0,8.91,0.62,0.35
202,37.5,0.0,100.0,0.0,0.0,100.0,0.0,0.0,353.3,14.0,5.2,0.62,0.35
203,37.5,0.0,100.0,0.0,0.0,100.0,0.0,0.0,315.98,2.0,10.05,0.62,0.35
204,37.5,0.0,100.0,0.0,0.0,100.0,0.0,0.0,301.6,14.0,4.59,0.62,0.34
205,37.5,0.0,100.0,0.0,0.0,100.0,0.0,0.0,352.87,7.0,9.86,0.62,0.38
206,37.5,0.0,100.0,0.0,0.0,100.0,0.0,0.0,247.66,7.0,9.94,0.62,0.34
207,37.5,0.0,100.0,0.0,0.0,100.0,0.0,0.0,289.9,12.5,9.43,0.62,0.35
208,37.5,0.0,100.0,0.0,0.0,100.0,0.0,0.0,177.52,14.0,7.09,0.62,0.34
209,37.5,0.0,100.0,0.0,0.0,100.0,0.0,0.0,287.27,13.0,5.03,0.62,0.35
210,37.5,0.0,100.0,0.0,0.0,100.0,0.0,0.0,325.55,16.0,5.38,0.62,0.34
211,37.5,0.0,100.0,0.0,0.0,100.0,0.0,0.0,412.64,7.0,8.7,0.62,0.39
212,37.5,0.0,100.0,0.0,0.0,100.0,0.0,0.0,146.41,14.0,5.96,0.62,0.34
213,37.5,0.0,100.0,0.0,0.0,100.0,0.0,0.0,304.83,16.0,5.19,0.62,0.34
214,37.5,0.0,100.0,0.0,0.0,100.0,0.0,0.0,298.3,13.0,7.67,0.62,0.35
215,37.5,0.0,100.0,0.0,0.0,100.0,0.0,0.0,150.79,13.0,6.37,0.62,0.34
216,37.5,0.0,100.0,0.0,0.0,100.0,0.0,0.0,221.06,8.0,8.58,0.62,0.35
217,44.69,0.01,99.0,1.0,0.0,99.0,0.0,0.0,233.48,1.87,11.72,0.52,0.39
218,37.5,0.0,100.0,0.0,0.0,100.0,0.0,0.0,295.51,6.5,9.53,0.62,0.34
219,37.5,0.0,100.0,0.0,0.0,100.0,0.0,0.0,341.21,13.0,8.93,0.62,0.34
220,37.5,0.0,100.0,0.0,0.0,100.0,0.0,0.0,246.99,14.0,4.53,0.62,0.35
221,37.5,0.0,100.0,0.0,0.0,100.0,0.0,0.0,367.61,3.25,11.51,0.62,0.34
222,37.5,0.0,100.0,0.0,0.0,100.0,0.0,0.0,242.48,12.5,7.14,0.62,0.35
223,37.5,0.0,100.0,0.0,0.0,100.0,0.0,0.0,212.58,16.0,6.14,0.62,0.37
224,37.5,0.0,100.0,0.0,0.0,100.0,0.0,0.0,236.33,7.0,7.77,0.62,0.35
225,37.5,0.0,100.0,0.0,0.0,100.0,0.0,0.0,294.72,14.0,5.81,0.62,0.36
226,37.5,0.0,100.0,0.0,0.0,100.0,0.0,0.0,436.06,12.5,5.31,0.62,0.34
227,37.5,0.0,100.0,0.0,0.0,100.0,0.0,0.0,182.17,12.5,9.47,0.62,0.35
228,37.5,0.0,100.0,0.0,0.0,100.0,0.0,0.0,331.39,6.5,9.8,0.62,0.35
229,37.5,0.0,100.0,0.0,0.0,100.0,0.0,0.0,257.55,6.5,10.89,0.62,0.39
230,37.5,0.0,100.0,0.0,0.0,100.0,0.0,0.0,270.0,16.0,4.8,0.62,0.35
231,37.5,0.0,100.0,0.0,0.0,100.0,0.0,0.0,320.33,8.0,6.98,0.62,0.33
232,37.5,0.0,100.0,0.0,0.0,100.0,0.0,0.0,300.07,16.0,3.6,0.62,0.34
233,37.5,0.0,100.0,0.0,0.0,100.0,0.0,0.0,307.15,12.25,8.15,0.62,0.34
234,37.5,0.0,100.0,0.0,0.0,100.0,0.0,0.0,252.71,14.0,6.87,0.62,0.32
235,37.5,0.0,100.0,0.0,0.0,100.0,0.0,0.0,101.47,8.0,7.41,0.62,0.33
236,37.5,0.0,100.0,0.0,0.0,100.0,0.0,0.0,373.12,13.0,9.01,0.62,0.34
237,37.5,0.0,100.0,0.0,0.0,100.0,0.0,0.0,245.62,8.0,9.33,0.62,0.4
238,42.87,0.03,97.0,3.0,0.0,97.0,0.0,0.0,172.0,1.13,9.97,0.52,0.34
239,37.5,0.0,100.0,0.0,0.0,100.0,0.0,0.0,330.53,16.0,6.28,0.62,0.3
240,37.5,0.0,100.0,0.0,0.0,100.0,0.0,0.0,84.71,1.75,16.96,0.62,0.31
241,37.5,0.0,100.0,0.0,0.0,100.0,0.0,0.0,261.55,14.0,7.57,0.62,0.31
242,37.5,0.0,100.0,0.0,0.0,100.0,0.0,0.0,341.1,16.0,4.48,0.62,0.32
243,37.5,0.0,100.0,0.0,0.0,100.0,0.0,0.0,247.03,14.0,6.31,0.62,0.31
244,37.5,0.0,100.0,0.0,0.0,100.0,0.0,0.0,323.17,13.0,6.98,0.62,0.3
245,37.5,0.0,100.0,0.0,0.0,100.0,0.0,0.0,213.52,14.0,5.95,0.62,0.32
246,37.5,0.0,100.0,0.0,0.0,100.0,0.0,0.0,197.0,14.0,6.22,0.62,0.31
247,37.5,0.0,100.0,0.0,0.0,100.0,0.0,0.0,296.81,14.0,6.43,0.62,0.3
248,37.5,0.0,100.0,0.0,0.0,100.0,0.0,0.0,170.57,8.0,9.39,0.62,0.33
249,37.5,0.0,100.0,0.0,0.0,100.0,0.0,0.0,220.67,12.5,7.13,0.62,0.34
250,37.5,0.0,100.0,0.0,0.0,100.0,0.0,0.0,329.96,8.0,9.13,0.62,0.3
251,37.5,0.0,100.0,0.0,0.0,100.0,0.0,0.0,465.4,7.0,9.71,0.62,0.3
252,37.5,0.0,100.0,0.0,0.0,100.0,0.0,0.0,282.83,16.0,4.93,0.62,0.29
253,37.5,0.0,100.0,0.0,0.0,100.0,0.0,0.0,317.99,6.5,9.55,0.62,0.3
254,37.5,0.0,100.0,0.0,0.0,100.0,0.0,0.0,265.84,12.5,7.89,0.62,0.34
255,37.5,0.0,100.0,0.0,0.0,100.0,0.0,0.0,314.31,6.25,9.4,0.62,0.37
256,37.5,0.0,100.0,0.0,0.0,100.0,0.0,0.0,329.35,14.0,7.66,0.62,0.4
257,37.5,0.0,100.0,0.0,0.0,100.0,0.0,0.0,148.27,2.5,12.38,0.62,0.34
258,37.5,0.0,100.0,0.0,0.0,100.0,0.0,0.0,345.63,14.0,4.99,0.62,0.33
259,37.5,0.0,100.0,0.0,0.0,100.0,0.0,0.0,364.18,16.0,3.12,0.62,0.33
260,37.5,0.0,100.0,0.0,0.0,100.0,0.0,0.0,348.93,12.5,8.18,0.62,0.34
261,37.5,0.0,100.0,0.0,0.0,100.0,0.0,0.0,299.27,14.0,6.82,0.62,0.36
262,37.5,0.0,100.0,0.0,0.0,100.0,0.0,0.0,254.07,12.25,5.64,0.62,0.37
263,37.5,0.0,100.0,0.0,0.0,100.0,0.0,0.0,379.62,14.0,5.29,0.62,0.35
264,37.5,0.0,100.0,0.0,0.0,100.0,0.0,0.0,250.01,8.0,8.5,0.62,0.34
265,37.5,0.0,100.0,0.0,0.0,100.0,0.0,0.0,223.42,13.0,7.2,0.62,0.36
266,37.5,0.0,100.0,0.0,0.0,100.0,0.0,0.0,354.02,13.0,8.8,0.62,0.34
267,37.5,0.0,100.0,0.0,0.0,100.0,0.0,0.0,227.39,12.5,7.72,0.62,0.38
268,37.5,0.0,100.0,0.0,0.0,100.0,0.0,0.0,240.9,6.5,8.16,0.62,0.33
269,37.5,0.0,100.0,0.0,0.0,100.0,0.0,0.0,272.93,16.0,5.29,0.62,0.36
270,37.5,0.0,100.0,0.0,0.0,100.0,0.0,0.0,284.98,16.0,4.22,0.62,0.34
271,37.5,0.0,100.0,0.0,0.0,100.0,0.0,0.0,304.52,8.0,7.19,0.62,0.34
272,37.5,0.0,100.0,0.0,0.0,100.0,0.0,0.0,332.61,13.0,6.4,0.62,0.34
273,37.5,0.0,100.0,0.0,0.0,100.0,0.0,0.0,286.57,14.0,6.2,0.62,0.37
274,37.5,0.0,100.0,0.0,0.0,100.0,0.0,0.0,241.29,6.5,8.33,0.62,0.34
275,37.5,0.0,100.0,0.0,0.0,100.0,0.0,0.0,464.11,14.0,5.17,0.62,0.33
276,37.5,0.0,100.0,0.0,0.0,100.0,0.0,0.0,417.34,2.0,11.95,0.62,0.36
277,37.5,0.0,100.0,0.0,0.0,100.0,0.0,0.0,194.91,16.0,4.9,0.62,0.35
278,37.5,0.0,100.0,0.0,0.0,100.0,0.0,0.0,404.38,14.0,5.3,0.62,0.35
279,37.5,0.0,100.0,0.0,0.0,100.0,0.0,0.0,276.44,8.0,9.48,0.62,0.38
280,37.5,0.0,100.0,0.0,0.0,100.0,0.0,0.0,425.78,14.0,6.39,0.62,0.35
281,37.5,0.0,100.0,0.0,0.0,100.0,0.0,0.0,214.77,16.0,5.34,0.62,0.34
282,37.5,0.0,100.0,0.0,0.0,100.0,0.0,0.0,352.79,6.5,8.85,0.62,0.34
283,37.5,0.0,100.0,0.0,0.0,100.0,0.0,0.0,449.8,14.0,4.25,0.62,0.33
284,37.5,0.0,100.0,0.0,0.0,100.0,0.0,0.0,280.21,8.0,7.79,0.62,0.34
285,37.5,0.0,100.0,0.0,0.0,100.0,0.0,0.0,311.1,14.0,4.19,0.62,0.38
286,37.5,0.0,100.0,0.0,0.0,100.0,0.0,0.0,243.23,8.0,9.23,0.62,0.36
287,37.5,0.0,100.0,0.0,0.0,100.0,0.0,0.0,405.22,14.0,4.07,0.62,0.36
288,37.5,0.0,100.0,0.0,0.0,100.0,0.0,0.0,198.45,14.0,5.88,0.62,0.34
289,37.5,0.0,100.0,0.0,0.0,100.0,0.0,0.0,161.14,16.0,5.12,0.62,0.35
290,37.5,0.0,100.0,0.0,0.0,100.0,0.0,0.0,297.93,4.0,13.91,0.62,0.35
291,37.5,0.0,100.0,0.0,0.0,100.0,0.0,0.0,393.37,8.0,5.74,0.62,0.39
292,37.5,0.0,100.0,0.0,0.0,100.0,0.0,0.0,358.21,13.0,9.17,0.62,0.35
293,37.5,0.0,100.0,0.0,0.0,100.0,0.0,0.0,221.67,6.5,9.79,0.62,0.35
294,37.5,0.0,100.0,0.0,0.0,100.0,0.0,0.0,226.11,7.0,9.34,0.62,0.37
295,37.5,0.0,100.0,0.0,0.0,100.0,0.0,0.0,169.89,14.0,4.64,0.62,0.35
296,37.5,0.0,100.0,0.0,0.0,100.0,0.0,0.0,282.27,14.0,4.15,0.62,0.35
297,37.5,0.0,100.0,0.0,0.0,100.0,0.0,0.0,297.7,14.0,3.86,0.62,0.37
298,34.83,0.06,94.0,6.0,0.0,94.0,0.0,0.0,191.39,1.31,14.94,0.57,0.35
299,37.5,0.0,100.0,0.0,0.0,100.0,0.0,0.0,375.3,16.0,5.24,0.62,0.35
300,37.5,0.0,100.0,0.0,0.0,100.0,0.0,0.0,424.37,6.5,7.23,0.62,0.32
301,37.5,0.0,100.0,0.0,0.0,100.0,0.0,0.0,311.31,12.25,9.15,0.62,0.36
302,37.5,0.0,100.0,0.0,0.0,100.0,0.0,0.0,287.56,6.25,10.1,0.62,0.34
303,37.5,0.0,100.0,0.0,0.0,100.0,0.0,0.0,378.45,16.0,5.15,0.62,0.37
304,37.5,0.0,100.0,0.0,0.0,100.0,0.0,0.0,308.09,2.5,13.02,0.62,0.37
305,37.5,0.0,100.0,0.0,0.0,100.0,0.0,0.0,104.23,16.0,4.14,0.62,0.34
306,37.5,0.0,100.0,0.0,0.0,100.0,0.0,0.0,292.8,3.25,14.44,0.62,0.35
307,37.5,0.0,100.0,0.0,0.0,100.0,0.0,0.0,326.48,8.0,7.83,0.62,0.35
308,37.5,0.0,100.0,0.0,0.0,100.0,0.0,0.0,445.4,6.5,8.07,0.62,0.35
309,37.5,0.0,100.0,0.0,0.0,100.0,0.0,0.0,359.23,3.5,13.5,0.62,0.38
310,37.5,0.0,100.0,0.0,0.0,100.0,0.0,0.0,296.34,13.0,6.99,0.62,0.35
311,37.5,0.0,100.0,0.0,0.0,100.0,0.0,0.0,402.88,14.0,7.46,0.62,0.34
312,37.5,0.0,100.0,0.0,0.0,100.0,0.0,0.0,277.3,13.0,7.75,0.62,0.34
313,37.5,0.0,100.0,0.0,0.0,100.0,0.0,0.0,314.84,16.0,4.61,0.62,0.33
314,37.5,0.0,100.0,0.0,0.0,100.0,0.0,0.0,143.09,14.0,6.22,0.62,0.34
315,37.5,0.0,100.0,0.0,0.0,100.0,0.0,0.0,204.5,7.0,10.71,0.62,0.44
316,37.5,0.0,100.0,0.0,0.0,100.0,0.0,0.0,378.91,13.0,7.36,0.62,0.38
317,37.5,0.0,100.0,0.0,0.0,100.0,0.0,0.0,278.68,12.5,6.59,0.62,0.31
318,37.5,0.0,100.0,0.0,0.0,100.0,0.0,0.0,266.25,16.0,6.31,0.62,0.3
319,37.5,0.0,100.0,0.0,0.0,100.0,0.0,0.0,244.61,8.0,7.86,0.62,0.3
320,37.5,0.0,100.0,0.0,0.0,100.0,0.0,0.0,343.82,7.0,10.42,0.62,0.31
321,37.5,0.0,100.0,0.0,0.0,100.0,0.0,0.0,417.07,2.0,11.76,0.62,0.32
322,37.5,0.0,100.0,0.0,0.0,100.0,0.0,0.0,249.79,16.0,3.83,0.62,0.31
323,37.5,0.0,100.0,0.0,0.0,100.0,0.0,0.0,303.55,12.5,7.01,0.62,0.3
324,37.5,0.0,100.0,0.0,0.0,100.0,0.0,0.0,247.92,6.25,8.15,0.62,0.32
325,37.5,0.0,100.0,0.0,0.0,100.0,0.0,0.0,330.44,14.0,3.55,0.62,0.3
326,37.5,0.0,100.0,0.0,0.0,100.0,0.0,0.0,298.57,14.0,4.01,0.62,0.3
327,37.5,0.0,100.0,0.0,0.0,100.0,0.0,0.0,168.3,13.0,9.57,0.62,0.3
328,37.5,0.0,100.0,0.0,0.0,100.0,0.0,0.0,267.44,6.5,10.29,0.62,0.32
329,38.85,0.05,95.0,5.0,0.0,95.0,0.0,0.0,127.11,1.92,14.56,0.55,0.32
330,37.5,0.0,100.0,0.0,0.0,100.0,0.0,0.0,218.53,7.0,8.78,0.62,0.3
331,37.5,0.0,100.0,0.0,0.0,100.0,0.0,0.0,327.58,4.0,14.8,0.62,0.29
332,37.5,0.0,100.0,0.0,0.0,100.0,0.0,0.0,356.06,12.5,6.49,0.62,0.3
333,37.5,0.0,100.0,0.0,0.0,100.0,0.0,0.0,254.85,8.0,7.16,0.62,0.3
334,37.5,0.0,100.0,0.0,0.0,100.0,0.0,0.0,322.18,14.0,6.87,0.62,0.3
335,37.5,0.0,100.0,0.0,0.0,100.0,0.0,0.0,318.34,12.5,6.82,0.62,0.33
336,37.5,0.0,100.0,0.0,0.0,100.0,0.0,0.0,290.5,1.75,13.58,0.62,0.34
337,37.5,0.0,100.0,0.0,0.0,100.0,0.0,0.0,151.25,7.0,8.35,0.62,0.34
338,37.5,0.0,100.0,0.0,0.0,100.0,0.0,0.0,180.83,16.0,3.62,0.62,0.34
339,37.5,0.0,100.0,0.0,0.0,100.0,0.0,0.0,431.09,6.25,10.82,0.62,0.4
340,37.5,0.0,100.0,0.0,0.0,100.0,0.0,0.0,138.3,14.0,5.98,0.62,0.38
341,37.5,0.0,100.0,0.0,0.0,100.0,0.0,0.0,276.91,12.25,7.13,0.62,0.37
342,37.5,0.0,100.0,0.0,0.0,100.0,0.0,0.0,185.07,8.0,6.09,0.62,0.37
343,37.5,0.0,100.0,0.0,0.0,100.0,0.0,0.0,271.64,16.0,3.79,0.62,0.38
344,37.5,0.0,100.0,0.0,0.0,100.0,0.0,0.0,243.59,14.0,5.28,0.62,0.34
345,37.5,0.0,100.0,0.0,0.0,100.0,0.0,0.0,226.31,14.0,6.12,0.62,0.36
346,37.5,0.0,100.0,0.0,0.0,100.0,0.0,0.0,446.84,14.0,6.17,0.62,0.37
347,37.5,0.0,100.0,0.0,0.0,100.0,0.0,0.0,344.39,14.0,4.0,0.62,0.34
348,37.5,0.0,100.0,0.0,0.0,100.0,0.0,0.0,89.57,14.0,4.19,0.62,0.35
349,37.5,0.0,100.0,0.0,0.0,100.0,0.0,0.0,357.28,16.0,6.28,0.62,0.35
350,37.5,0.0,100.0,0.0,0.0,100.0,0.0,0.0,330.9,16.0,4.08,0.62,0.36
351,37.5,0.0,100.0,0.0,0.0,100.0,0.0,0.0,363.44,16.0,3.14,0.62,0.35
352,37.5,0.0,100.0,0.0,0.0,100.0,0.0,0.0,393.67,14.0,6.24,0.62,0.38
353,37.5,0.0,100.0,0.0,0.0,100.0,0.0,0.0,442.54,14.0,3.96,0.62,0.33
354,37.5,0.0,100.0,0.0,0.0,100.0,0.0,0.0,466.59,8.0,7.22,0.62,0.35
355,37.5,0.0,100.0,0.0,0.0,100.0,0.0,0.0,342.51,12.5,5.75,0.62,0.34
356,37.5,0.0,100.0,0.0,0.0,100.0,0.0,0.0,136.35,16.0,4.97,0.62,0.35
357,37.5,0.0,100.0,0.0,0.0,100.0,0.0,0.0,396.17,16.0,5.27,0.62,0.35
358,37.5,0.0,100.0,0.0,0.0,100.0,0.0,0.0,274.02,4.0,10.86,0.62,0.36
359,41.67,0.06,94.0,6.0,0.0,94.0,0.0,0.0,152.17,2.01,13.74,0.52,0.36
360,45.81,0.0,100.0,0.0,0.0,100.0,0.0,0.0,231.54,1.78,11.4,0.54,0.35
361,37.5,0.0,100.0,0.0,0.0,100.0,0.0,0.0,232.36,14.0,5.09,0.62,0.35
362,37.5,0.0,100.0,0.0,0.0,100.0,0.0,0.0,203.03,14.0,5.38,0.62,0.34
363,37.5,0.0,100.0,0.0,0.0,100.0,0.0,0.0,259.56,6.25,8.4,0.62,0.35
364,37.5,0.0,100.0,0.0,0.0,100.0,0.0,0.0,313.23,12.25,10.22,0.62,0.39
365,37.5,0.0,100.0,0.0,0.0,100.0,0.0,0.0,259.94,12.25,10.01,0.62,0.34
366,37.5,0.0,100.0,0.0,0.0,100.0,0.0,0.0,187.98,16.0,4.68,0.62,0.36
367,37.5,0.0,100.0,0.0,0.0,100.0,0.0,0.0,160.53,14.0,6.37,0.62,0.34
368,37.5,0.0,100.0,0.0,0.0,100.0,0.0,0.0,293.55,8.0,8.89,0.62,0.36
369,37.5,0.0,100.0,0.0,0.0,100.0,0.0,0.0,352.14,6.25,9.28,0.62,0.35
370,37.5,0.0,100.0,0.0,0.0,100.0,0.0,0.0,371.44,12.5,6.49,0.62,0.38
371,37.5,0.0,100.0,0.0,0.0,100.0,0.0,0.0,248.99,14.0,5.76,0.62,0.36
372,37.5,0.0,100.0,0.0,0.0,100.0,0.0,0.0,279.2,2.5,13.29,0.62,0.35
373,37.5,0.0,100.0,0.0,0.0,100.0,0.0,0.0,249.28,16.0,4.62,0.62,0.36
374,37.5,0.0,100.0,0.0,0.0,100.0,0.0,0.0,122.38,7.0,11.29,0.62,0.34
375,37.5,0.0,100.0,0.0,0.0,100.0,0.0,0.0,253.16,14.0,3.91,0.62,0.36
376,37.5,0.0,100.0,0.0,0.0,100.0,0.0,0.0,440.29,14.0,8.52,0.62,0.36
377,37.5,0.0,100.0,0.0,0.0,100.0,0.0,0.0,388.14,2.5,13.65,0.62,0.35
378,37.5,0.0,100.0,0.0,0.0,100.0,0.0,0.0,399.03,14.0,5.94,0.62,0.35
379,37.5,0.0,100.0,0.0,0.0,100.0,0.0,0.0,386.68,12.25,7.67,0.62,0.35
380,37.5,0.0,100.0,0.0,0.0,100.0,0.0,0.0,187.96,7.0,9.13,0.62,0.35
381,37.5,0.0,100.0,0.0,0.0,100.0,0.0,0.0,250.42,8.0,9.03,0.62,0.34
382,37.5,0.0,100.0,0.0,0.0,100.0,0.0,0.0,327.72,14.0,5.46,0.62,0.39
383,34.28,0.05,95.0,5.0,0.0,95.0,0.0,0.0,301.01,1.41,13.81,0.56,0.36
384,37.5,0.0,100.0,0.0,0.0,100.0,0.0,0.0,107.8,14.0,6.22,0.62,0.34
385,37.5,0.0,100.0,0.0,0.0,100.0,0.0,0.0,324.71,16.0,4.76,0.62,0.36
386,37.5,0.0,100.0,0.0,0.0,100.0,0.0,0.0,340.42,1.75,13.91,0.62,0.34
387,37.5,0.0,100.0,0.0,0.0,100.0,0.0,0.0,315.1,3.5,12.19,0.62,0.38
388,37.5,0.0,100.0,0.0,0.0,100.0,0.0,0.0,189.73,16.0,3.31,0.62,0.35
389,29.73,0.08,92.0,8.0,0.0,92.0,0.0,0.0,191.99,1.25,11.29,0.6,0.33
390,37.5,0.0,100.0,0.0,0.0,100.0,0.0,0.0,376.61,14.0,5.9,0.62,0.34
391,37.5,0.0,100.0,0.0,0.0,100.0,0.0,0.0,295.35,16.0,5.57,0.62,0.34
392,37.5,0.0,100.0,0.0,0.0,100.0,0.0,0.0,307.74,16.0,5.21,0.62,0.34
393,37.5,0.0,100.0,0.0,0.0,100.0,0.0,0.0,368.55,8.0,8.76,0.62,0.37
394,37.5,0.0,100.0,0.0,0.0,100.0,0.0,0.0,315.78,12.5,6.98,0.62,0.36
395,37.5,0.0,100.0,0.0,0.0,100.0,0.0,0.0,367.0,14.0,6.03,0.62,0.32
396,37.5,0.0,100.0,0.0,0.0,100.0,0.0,0.0,333.68,12.5,7.52,0.62,0.3
397,37.5,0.0,100.0,0.0,0.0,100.0,0.0,0.0,135.42,16.0,4.15,0.62,0.3
398,37.5,0.0,100.0,0.0,0.0,100.0,0.0,0.0,212.02,14.0,5.3,0.62,0.31
399,37.5,0.0,100.0,0.0,0.0,100.0,0.0,0.0,179.34,8.0,7.81,0.62,0.31
400,37.5,0.0,100.0,0.0,0.0,100.0,0.0,0.0,183.39,12.25,6.75,0.62,0.33
401,37.5,0.0,100.0,0.0,0.0,100.0,0.0,0.0,92.99,14.0,4.52,0.62,0.3
402,37.5,0.0,100.0,0.0,0.0,100.0,0.0,0.0,374.03,8.0,7.07,0.62,0.3
403,37.5,0.0,100.0,0.0,0.0,100.0,0.0,0.0,241.87,3.5,12.9,0.62,0.31
404,37.5,0.0,100.0,0.0,0.0,100.0,0.0,0.0,178.42,12.5,7.72,0.62,0.31
405,37.5,0.0,100.0,0.0,0.0,100.0,0.0,0.0,404.47,16.0,6.11,0.62,0.3
406,37.5,0.0,100.0,0.0,0.0,100.0,0.0,0.0,323.38,6.5,7.12,0.62,0.31
407,37.5,0.0,100.0,0.0,0.0,100.0,0.0,0.0,421.69,16.0,5.27,0.62,0.32
408,37.5,0.0,100.0,0.0,0.0,100.0,0.0,0.0,138.16,16.0,6.13,0.62,0.31
409,37.5,0.0,100.0,0.0,0.0,100.0,0.0,0.0,298.63,14.0,6.25,0.62,0.3
410,37.5,0.0,100.0,0.0,0.0,100.0,0.0,0.0,207.62,16.0,5.4,0.62,0.3
411,37.5,0.0,100.0,0.0,0.0,100.0,0.0,0.0,328.01,6.25,7.01,0.62,0.3
412,37.5,0.0,100.0,0.0,0.0,100.0,0.0,0.0,248.38,8.0,5.75,0.62,0.31
413,37.5,0.0,100.0,0.0,0.0,100.0,0.0,0.0,366.55,8.0,9.0,0.62,0.33
414,37.5,0.0,100.0,0.0,0.0,100.0,0.0,0.0,394.94,14.0,5.91,0.62,0.31
415,38.65,0.04,96.0,4.0,0.0,96.0,0.0,0.0,255.97,1.88,13.95,0.55,0.32
416,37.5,0.0,100.0,0.0,0.0,100.0,0.0,0.0,320.0,14.0,5.1,0.62,0.35
417,37.5,0.0,100.0,0.0,0.0,100.0,0.0,0.0,373.38,13.0,6.06,0.62,0.34
418,37.5,0.0,100.0,0.0,0.0,100.0,0.0,0.0,273.22,16.0,4.95,0.62,0.34
419,37.5,0.0,100.0,0.0,0.0,100.0,0.0,0.0,232.78,16.0,3.24,0.62,0.36
420,37.5,0.0,100.0,0.0,0.0,100.0,0.0,0.0,370.2,6.5,6.82,0.62,0.36
421,37.5,0.0,100.0,0.0,0.0,100.0,0.0,0.0,373.52,16.0,4.6,0.62,0.36
422,37.5,0.0,100.0,0.0,0.0,100.0,0.0,0.0,200.3,12.25,8.38,0.62,0.36
423,37.5,0.0,100.0,0.0,0.0,100.0,0.0,0.0,396.49,16.0,5.35,0.62,0.34
424,37.5,0.0,100.0,0.0,0.0,100.0,0.0,0.0,270.38,8.0,9.93,0.62,0.36
425,37.5,0.0,100.0,0.0,0.0,100.0,0.0,0.0,348.88,13.0,8.51,0.62,0.42
426,37.5,0.0,100.0,0.0,0.0,100.0,0.0,0.0,233.29,8.0,5.98,0.62,0.35
427,37.5,0.0,100.0,0.0,0.0,100.0,0.0,0.0,350.51,16.0,5.65,0.62,0.35
428,37.5,0.0,100.0,0.0,0.0,100.0,0.0,0.0,180.16,6.5,9.19,0.62,0.35
429,37.5,0.0,100.0,0.0,0.0,100.0,0.0,0.0,333.5,7.0,7.25,0.62,0.35
430,37.5,0.0,100.0,0.0,0.0,100.0,0.0,0.0,136.9,14.0,6.6,0.62,0.36
431,37.5,0.0,100.0,0.0,0.0,100.0,0.0,0.0,322.24,8.0,7.99,0.62,0.37
432,37.5,0.0,100.0,0.0,0.0,100.0,0.0,0.0,230.48,6.25,11.07,0.62,0.35
433,37.5,0.0,100.0,0.0,0.0,100.0,0.0,0.0,406.99,3.25,13.74,0.62,0.33
434,37.5,0.0,100.0,0.0,0.0,100.0,0.0,0.0,395.89,14.0,5.15,0.62,0.33
435,37.5,0.0,100.0,0.0,0.0,100.0,0.0,0.0,298.49,16.0,3.23,0.62,0.36
436,37.5,0.0,100.0,0.0,0.0,100.0,0.0,0.0,264.59,6.5,9.75,0.62,0.35
437,37.5,0.0,100.0,0.0,0.0,100.0,0.0,0.0,354.45,16.0,4.23,0.62,0.36
438,37.5,0.0,100.0,0.0,0.0,100.0,0.0,0.0,251.62,14.0,6.43,0.62,0.34
439,37.5,0.0,100.0,0.0,0.0,100.0,0.0,0.0,450.6,6.5,9.31,0.62,0.37
440,37.5,0.0,100.0,0.0,0.0,100.0,0.0,0.0,436.4,12.25,7.97,0.62,0.34
441,37.5,0.0,100.0,0.0,0.0,100.0,0.0,0.0,229.01,14.0,4.67,0.62,0.35
442,37.5,0.0,100.0,0.0,0.0,100.0,0.0,0.0,233.34,16.0,3.97,0.62,0.36
443,37.5,0.0,100.0,0.0,0.0,100.0,0.0,0.0,330.2,12.25,6.59,0.62,0.35
444,37.5,0.0,100.0,0.0,0.0,100.0,0.0,0.0,336.15,14.0,5.67,0.62,0.37
445,37.5,0.0,100.0,0.0,0.0,100.0,0.0,0.0,402.07,12.5,9.96,0.62,0.34
446,37.5,0.0,100.0,0.0,0.0,100.0,0.0,0.0,322.31,14.0,6.73,0.62,0.36
447,35.81,0.07,93.0,7.0,0.0,93.0,0.0,0.0,265.34,1.31,13.82,0.54,0.35
448,37.5,0.0,100.0,0.0,0.0,100.0,0.0,0.0,377.52,16.0,4.88,0.62,0.33
449,37.5,0.0,100.0,0.0,0.0,100.0,0.0,0.0,336.86,12.25,8.39,0.62,0.38
450,37.5,0.0,100.0,0.0,0.0,100.0,0.0,0.0,285.85,14.0,5.46,0.62,0.35
451,37.5,0.0,100.0,0.0,0.0,100.0,0.0,0.0,365.0,14.0,5.85,0.62,0.36
452,37.5,0.0,100.0,0.0,0.0,100.0,0.0,0.0,356.52,14.0,6.11,0.62,0.34
453,37.5,0.0,100.0,0.0,0.0,100.0,0.0,0.0,284.95,16.0,3.27,0.62,0.35
454,37.5,0.0,100.0,0.0,0.0,100.0,0.0,0.0,256.9,8.0,7.92,0.62,0.33
455,37.5,0.0,100.0,0.0,0.0,100.0,0.0,0.0,437.53,14.0,5.84,0.62,0.37
456,37.5,0.0,100.0,0.0,0.0,100.0,0.0,0.0,359.84,16.0,4.78,0.62,0.35
457,37.5,0.0,100.0,0.0,0.0,100.0,0.0,0.0,251.21,16.0,3.84,0.62,0.34
458,37.5,0.0,100.0,0.0,0.0,100.0,0.0,0.0,235.62,8.0,7.67,0.62,0.35
459,37.5,0.0,100.0,0.0,0.0,100.0,0.0,0.0,153.79,7.0,9.27,0.62,0.34
460,37.5,0.0,100.0,0.0,0.0,100.0,0.0,0.0,299.37,12.25,6.36,0.62,0.35
461,37.5,0.0,100.0,0.0,0.0,100.0,0.0,0.0,435.14,13.0,5.67,0.62,0.35
462,37.5,0.0,100.0,0.0,0.0,100.0,0.0,0.0,247.2,14.0,5.06,0.62,0.36
463,37.5,0.0,100.0,0.0,0.0,100.0,0.0,0.0,393.73,8.0,6.69,0.62,0.35
464,37.5,0.0,100.0,0.0,0.0,100.0,0.0,0.0,177.7,12.5,7.24,0.62,0.34
465,37.5,0.0,100.0,0.0,0.0,100.0,0.0,0.0,275.24,6.5,8.85,0.62,0.36
466,37.5,0.0,100.0,0.0,0.0,100.0,0.0,0.0,319.47,14.0,4.37,0.62,0.33
467,37.5,0.0,100.0,0.0,0.0,100.0,0.0,0.0,379.48,12.25,8.05,0.62,0.37
468,37.5,0.0,100.0,0.0,0.0,100.0,0.0,0.0,203.39,6.25,10.77,0.62,0.36
469,37.5,0.0,100.0,0.0,0.0,100.0,0.0,0.0,387.64,6.25,9.84,0.62,0.36
470,37.5,0.0,100.0,0.0,0.0,100.0,0.0,0.0,460.76,6.25,8.62,0.62,0.37
471,37.5,0.0,100.0,0.0,0.0,100.0,0.0,0.0,250.13,12.25,8.53,0.62,0.35
472,37.5,0.0,100.0,0.0,0.0,100.0,0.0,0.0,375.2,12.25,7.83,0.62,0.34
473,37.5,0.0,100.0,0.0,0.0,100.0,0.0,0.0,339.31,16.0,5.33,0.62,0.35
474,37.5,0.0,100.0,0.0,0.0,100.0,0.0,0.0,223.14,14.0,4.07,0.62,0.4
475,37.5,0.0,100.0,0.0,0.0,100.0,0.0,0.0,461.02,6.25,8.28,0.62,0.32
476,37.5,0.0,100.0,0.0,0.0,100.0,0.0,0.0,330.34,3.25,9.9,0.62,0.37
477,37.5,0.0,100.0,0.0,0.0,100.0,0.0,0.0,121.78,14.0,5.39,0.62,0.34
478,37.5,0.0,100.0,0.0,0.0,100.0,0.0,0.0,236.87,16.0,4.56,0.62,0.33
479,37.5,0.0,100.0,0.0,0.0,100.0,0.0,0.0,156.89,16.0,4.44,0.62,0.34
480,37.5,0.0,100.0,0.0,0.0,100.0,0.0,0.0,382.97,2.0,15.61,0.62,0.3
481,37.5,0.0,100.0,0.0,0.0,100.0,0.0,0.0,425.08,14.0,4.65,0.62,0.3
482,37.5,0.0,100.0,0.0,0.0,100.0,0.0,0.0,106.72,14.0,5.12,0.62,0.32
483,37.5,0.0,100.0,0.0,0.0,100.0,0.0,0.0,244.65,12.5,8.08,0.62,0.3
484,37.5,0.0,100.0,0.0,0.0,100.0,0.0,0.0,408.17,3.25,11.94,0.62,0.3
485,37.5,0.0,100.0,0.0,0.0,100.0,0.0,0.0,298.55,6.25,9.43,0.62,0.31
486,37.5,0.0,100.0,0.0,0.0,100.0,0.0,0.0,313.8,8.0,7.12,0.62,0.34
487,37.5,0.0,100.0,0.0,0.0,100.0,0.0,0.0,372.94,14.0,3.57,0.62,0.31
488,37.5,0.0,100.0,0.0,0.0,100.0,0.0,0.0,231.6,12.25,8.93,0.62,0.31
489,37.5,0.0,100.0,0.0,0.0,100.0,0.0,0.0,235.92,3.25,12.43,0.62,0.3
490,37.5,0.0,100.0,0.0,0.0,100.0,0.0,0.0,181.18,16.0,3.52,0.62,0.3
491,37.5,0.0,100.0,0.0,0.0,100.0,0.0,0.0,418.2,6.5,7.59,0.62,0.31
492,37.5,0.0,100.0,0.0,0.0,100.0,0.0,0.0,346.73,6.5,11.0,0.62,0.29
493,37.5,0.0,100.0,0.0,0.0,100.0,0.0,0.0,425.28,4.0,15.12,0.62,0.32
494,37.5,0.0,100.0,0.0,0.0,100.0,0.0,0.0,395.9,14.0,4.82,0.62,0.3
495,37.5,0.0,100.0,0.0,0.0,100.0,0.0,0.0,408.61,8.0,8.6,0.62,0.31
496,37.5,0.0,100.0,0.0,0.0,100.0,0.0,0.0,219.93,16.0,2.83,0.62,0.29
497,37.5,0.0,100.0,0.0,0.0,100.0,0.0,0.0,317.78,16.0,6.38,0.62,0.31
498,37.5,0.0,100.0,0.0,0.0,100.0,0.0,0.0,209.91,12.25,7.21,0.62,0.3
499,35.39,0.04,96.0,4.0,0.0,96.0,0.0,0.0,165.22,1.31,14.45,0.59,0.35
500,37.5,0.0,100.0,0.0,0.0,100.0,0.0,0.0,450.83,8.0,8.05,0.62,0.37
501,37.5,0.0,100.0,0.0,0.0,100.0,0.0,0.0,368.63,14.0,6.09,0.62,0.34
502,37.5,0.0,100.0,0.0,0.0,100.0,0.0,0.0,265.61,6.5,8.23,0.62,0.36
503,37.5,0.0,100.0,0.0,0.0,100.0,0.0,0.0,256.82,13.0,6.49,0.62,0.38
504,37.5,0.0,100.0,0.0,0.0,100.0,0.0,0.0,262.54,13.0,6.43,0.62,0.37
505,37.5,0.0,100.0,0.0,0.0,100.0,0.0,0.0,189.63,4.0,11.61,0.62,0.36
506,37.5,0.0,100.0,0.0,0.0,100.0,0.0,0.0,281.4,14.0,5.85,0.62,0.39
507,37.5,0.0,100.0,0.0,0.0,100.0,0.0,0.0,344.75,6.25,10.42,0.62,0.4
508,37.5,0.0,100.0,0.0,0.0,100.0,0.0,0.0,143.6,14.0,7.04,0.62,0.36
509,37.5,0.0,100.0,0.0,0.0,100.0,0.0,0.0,158.37,16.0,4.48,0.62,0.34
510,37.5,0.0,100.0,0.0,0.0,100.0,0.0,0.0,158.66,16.0,4.38,0.62,0.36
511,37.5,0.0,100.0,0.0,0.0,100.0,0.0,0.0,234.01,14.0,5.54,0.62,0.38
512,37.5,0.0,100.0,0.0,0.0,100.0,0.0,0.0,201.66,14.0,4.92,0.62,0.35
513,37.5,0.0,100.0,0.0,0.0,100.0,0.0,0.0,388.35,13.0,8.91,0.62,0.35
514,37.5,0.0,100.0,0.0,0.0,100.0,0.0,0.0,270.64,14.0,7.32,0.62,0.34
515,37.5,0.0,100.0,0.0,0.0,100.0,0.0,0.0,288.43,6.5,11.65,0.62,0.37
516,37.5,0.0,100.0,0.0,0.0,100.0,0.0,0.0,423.79,12.25,7.89,0.62,0.36
517,37.5,0.0,100.0,0.0,0.0,100.0,0.0,0.0,172.32,8.0,7.56,0.62,0.35
518,37.5,0.0,100.0,0.0,0.0,100.0,0.0,0.0,339.3,3.25,12.67,0.62,0.36
519,37.5,0.0,100.0,0.0,0.0,100.0,0.0,0.0,352.61,13.0,8.83,0.62,0.34
520,37.5,0.0,100.0,0.0,0.0,100.0,0.0,0.0,292.6,12.25,5.73,0.62,0.37
521,37.5,0.0,100.0,0.0,0.0,100.0,0.0,0.0,465.09,12.5,9.02,0.62,0.34
522,37.5,0.0,100.0,0.0,0.0,100.0,0.0,0.0,164.34,14.0,8.33,0.62,0.34
523,37.5,0.0,100.0,0.0,0.0,100.0,0.0,0.0,277.07,14.0,4.05,0.62,0.37
524,37.5,0.0,100.0,0.0,0.0,100.0,0.0,0.0,358.6,16.0,6.19,0.62,0.35
525,37.5,0.0,100.0,0.0,0.0,100.0,0.0,0.0,327.75,14.0,6.76,0.62,0.34
526,37.5,0.0,100.0,0.0,0.0,100.0,0.0,0.0,298.01,7.0,8.29,0.62,0.35
527,37.5,0.0,100.0,0.0,0.0,100.0,0.0,0.0,383.4,14.0,4.41,0.62,0.35
528,37.5,0.0,100.0,0.0,0.0,100.0,0.0,0.0,248.36,14.0,6.74,0.62,0.33
529,37.5,0.0,100.0,0.0,0.0,100.0,0.0,0.0,417.37,7.0,8.21,0.62,0.38
530,37.5,0.0,100.0,0.0,0.0,100.0,0.0,0.0,339.72,12.5,7.36,0.62,0.35
531,37.5,0.0,100.0,0.0,0.0,100.0,0.0,0.0,358.89,16.0,4.88,0.62,0.35
532,37.5,0.0,100.0,0.0,0.0,100.0,0.0,0.0,242.05,16.0,3.33,0.62,0.35
533,37.5,0.0,100.0,0.0,0.0,100.0,0.0,0.0,329.43,14.0,6.32,0.62,0.34
534,37.5,0.0,100.0,0.0,0.0,100.0,0.0,0.0,342.18,8.0,6.69,0.62,0.33
535,37.5,0.0,100.0,0.0,0.0,100.0,0.0,0.0,294.13,4.0,13.79,0.62,0.35
536,37.5,0.0,100.0,0.0,0.0,100.0,0.0,0.0,436.79,16.0,3.22,0.62,0.33
537,37.5,0.0,100.0,0.0,0.0,100.0,0.0,0.0,285.19,14.0,5.24,0.62,0.33
538,37.5,0.0,100.0,0.0,0.0,100.0,0.0,0.0,332.66,14.0,5.18,0.62,0.33
539,37.5,0.0,100.0,0.0,0.0,100.0,0.0,0.0,185.86,14.0,5.54,0.62,0.32
540,37.5,0.0,100.0,0.0,0.0,100.0,0.0,0.0,390.46,14.0,4.41,0.62,0.34
541,37.5,0.0,100.0,0.0,0.0,100.0,0.0,0.0,389.85,7.0,8.97,0.62,0.33
542,37.5,0.0,100.0,0.0,0.0,100.0,0.0,0.0,185.08,8.0,6.21,0.62,0.36
543,37.5,0.0,100.0,0.0,0.0,100.0,0.0,0.0,431.74,14.0,5.35,0.62,0.33
544,37.5,0.0,100.0,0.0,0.0,100.0,0.0,0.0,347.41,14.0,5.31,0.62,0.33
545,37.5,0.0,100.0,0.0,0.0,100.0,0.0,0.0,210.65,14.0,5.71,0.62,0.33
546,37.5,0.0,100.0,0.0,0.0,100.0,0.0,0.0,280.36,16.0,2.81,0.62,0.33
547,37.5,0.0,100.0,0.0,0.0,100.0,0.0,0.0,394.14,13.0,8.46,0.62,0.34
548,37.5,0.0,100.0,0.0,0.0,100.0,0.0,0.0,366.83,13.0,5.72,0.62,0.35
549,37.5,0.0,100.0,0.0,0.0,100.0,0.0,0.0,233.39,3.25,12.1,0.62,0.34
550,37.5,0.0,100.0,0.0,0.0,100.0,0.0,0.0,330.55,14.0,6.95,0.62,0.33
551,37.5,0.0,100.0,0.0,0.0,100.0,0.0,0.0,248.18,14.0,5.9,0.62,0.33
552,37.5,0.0,100.0,0.0,0.0,100.0,0.0,0.0,290.41,2.5,10.78,0.62,0.33
553,37.5,0.0,100.0,0.0,0.0,100.0,0.0,0.0,183.46,14.0,5.44,0.62,0.32
554,37.5,0.0,100.0,0.0,0.0,100.0,0.0,0.0,379.09,8.0,8.56,0.62,0.37
555,37.5,0.0,100.0,0.0,0.0,100.0,0.0,0.0,165.9,16.0,4.8,0.62,0.34
556,37.5,0.0,100.0,0.0,0.0,100.0,0.0,0.0,327.05,13.0,8.45,0.62,0.35
557,37.5,0.0,100.0,0.0,0.0,100.0,0.0,0.0,383.49,6.5,9.48,0.62,0.35
558,37.5,0.0,100.0,0.0,0.0,100.0,0.0,0.0,313.52,16.0,3.09,0.62,0.35
559,37.5,0.0,100.0,0.0,0.0,100.0,0.0,0.0,185.66,6.25,12.02,0.62,0.36
560,37.5,0.0,100.0,0.0,0.0,100.0,0.0,0.0,322.41,14.0,3.81,0.62,0.38
561,37.5,0.0,100.0,0.0,0.0,100.0,0.0,0.0,323.71,14.0,5.9,0.62,0.32
562,37.5,0.0,100.0,0.0,0.0,100.0,0.0,0.0,218.66,13.0,8.68,0.62,0.31
563,37.5,0.0,100.0,0.0,0.0,100.0,0.0,0.0,200.21,16.0,3.8,0.62,0.3
564,37.5,0.0,100.0,0.0,0.0,100.0,0.0,0.0,183.04,12.25,8.9,0.62,0.32
565,37.5,0.0,100.0,0.0,0.0,100.0,0.0,0.0,396.27,16.0,4.58,0.62,0.31
566,37.5,0.0,100.0,0.0,0.0,100.0,0.0,0.0,255.34,6.25,8.25,0.62,0.3
567,37.5,0.0,100.0,0.0,0.0,100.0,0.0,0.0,182.93,16.0,3.51,0.62,0.32
568,37.5,0.0,100.0,0.0,0.0,100.0,0.0,0.0,376.94,6.5,8.66,0.62,0.31
569,37.5,0.0,100.0,0.0,0.0,100.0,0.0,0.0,393.14,16.0,5.55,0.62,0.3
570,37.5,0.0,100.0,0.0,0.0,100.0,0.0,0.0,197.33,16.0,7.83,0.62,0.3
571,37.5,0.0,100.0,0.0,0.0,100.0,0.0,0.0,299.52,2.0,10.11,0.62,0.32
572,37.5,0.0,100.0,0.0,0.0,100.0,0.0,0.0,345.63,2.5,12.96,0.62,0.29
573,37.5,0.0,100.0,0.0,0.0,100.0,0.0,0.0,315.71,3.25,14.35,0.62,0.31
574,37.5,0.0,100.0,0.0,0.0,100.0,0.0,0.0,161.73,8.0,8.14,0.62,0.32
575,37.5,0.0,100.0,0.0,0.0,100.0,0.0,0.0,385.37,7.0,8.03,0.62,0.29
576,37.5,0.0,100.0,0.0,0.0,100.0,0.0,0.0,255.42,6.5,11.7,0.62,0.3
577,33.58,0.09,91.0,9.0,0.0,91.0,0.0,0.0,235.31,1.75,10.97,0.55,0.3
578,37.5,0.0,100.0,0.0,0.0,100.0,0.0,0.0,313.56,16.0,6.35,0.62,0.32
579,37.5,0.0,100.0,0.0,0.0,100.0,0.0,0.0,248.19,14.0,5.29,0.62,0.31
580,37.5,0.0,100.0,0.0,0.0,100.0,0.0,0.0,315.94,16.0,6.43,0.62,0.33
581,37.5,0.0,100.0,0.0,0.0,100.0,0.0,0.0,339.09,6.25,10.22,0.62,0.33
582,37.5,0.0,100.0,0.0,0.0,100.0,0.0,0.0,192.54,14.0,7.92,0.62,0.33
583,37.5,0.0,100.0,0.0,0.0,100.0,0.0,0.0,269.39,16.0,5.53,0.62,0.34
584,37.5,0.0,100.0,0.0,0.0,100.0,0.0,0.0,432.53,14.0,6.2,0.62,0.35
585,37.5,0.0,100.0,0.0,0.0,100.0,0.0,0.0,314.62,14.0,4.97,0.62,0.35
586,37.5,0.0,100.0,0.0,0.0,100.0,0.0,0.0,451.59,16.0,5.49,0.62,0.37
587,37.5,0.0,100.0,0.0,0.0,100.0,0.0,0.0,425.66,16.0,2.96,0.62,0.46
588,37.5,0.0,100.0,0.0,0.0,100.0,0.0,0.0,242.8,2.5,13.87,0.62,0.56
589,37.5,0.0,100.0,0.0,0.0,100.0,0.0,0.0,283.72,7.0,10.59,0.62,0.39
590,37.5,0.0,100.0,0.0,0.0,100.0,0.0,0.0,207.98,12.25,5.75,0.62,0.37
591,37.5,0.0,100.0,0.0,0.0,100.0,0.0,0.0,387.48,14.0,7.25,0.62,0.4
592,37.5,0.0,100.0,0.0,0.0,100.0,0.0,0.0,339.5,16.0,3.36,0.62,0.41
593,37.5,0.0,100.0,0.0,0.0,100.0,0.0,0.0,379.13,8.0,8.67,0.62,0.35
594,37.5,0.0,100.0,0.0,0.0,100.0,0.0,0.0,388.82,12.5,8.11,0.62,0.34
595,37.5,0.0,100.0,0.0,0.0,100.0,0.0,0.0,419.45,2.5,13.0,0.62,0.36
596,37.5,0.0,100.0,0.0,0.0,100.0,0.0,0.0,304.94,12.5,6.54,0.62,0.34
597,37.5,0.0,100.0,0.0,0.0,100.0,0.0,0.0,229.75,6.5,10.46,0.62,0.38
598,37.5,0.0,100.0,0.0,0.0,100.0,0.0,0.0,280.73,7.0,9.58,0.62,0.37
599,37.5,0.0,100.0,0.0,0.0,100.0,0.0,0.0,417.01,12.5,7.21,0.62,0.35
600,37.5,0.0,100.0,0.0,0.0,100.0,0.0,0.0,250.4,14.0,4.27,0.62,0.37
601,37.5,0.0,100.0,0.0,0.0,100.0,0.0,0.0,249.68,16.0,4.26,0.62,0.36
602,37.5,0.0,100.0,0.0,0.0,100.0,0.0,0.0,423.59,16.0,5.1,0.62,0.37
603,37.5,0.0,100.0,0.0,0.0,100.0,0.0,0.0,308.25,12.25,4.59,0.62,0.39
604,37.5,0.0,100.0,0.0,0.0,100.0,0.0,0.0,207.18,4.0,12.45,0.62,0.37
605,37.5,0.0,100.0,0.0,0.0,100.0,0.0,0.0,274.95,6.25,6.89,0.62,0.37
606,37.5,0.0,100.0,0.0,0.0,100.0,0.0,0.0,234.01,16.0,4.42,0.62,0.35
607,47.63,0.0,100.0,0.0,0.0,100.0,0.0,0.0,140.22,1.36,12.34,0.53,0.37
608,37.5,0.0,100.0,0.0,0.0,100.0,0.0,0.0,427.77,16.0,5.49,0.62,0.34
609,37.5,0.0,100.0,0.0,0.0,100.0,0.0,0.0,242.31,16.0,4.71,0.62,0.39
610,37.5,0.0,100.0,0.0,0.0,100.0,0.0,0.0,242.19,8.0,9.61,0.62,0.37
611,37.5,0.0,100.0,0.0,0.0,100.0,0.0,0.0,294.45,14.0,7.34,0.62,0.35
612,37.5,0.0,100.0,0.0,0.0,100.0,0.0,0.0,232.37,6.25,8.66,0.62,0.36
613,37.5,0.0,100.0,0.0,0.0,100.0,0.0,0.0,350.82,12.5,6.81,0.62,0.35
614,37.5,0.0,100.0,0.0,0.0,100.0,0.0,0.0,292.75,14.0,5.58,0.62,0.38
615,37.5,0.0,100.0,0.0,0.0,100.0,0.0,0.0,252.78,12.25,7.97,0.62,0.38
616,37.5,0.0,100.0,0.0,0.0,100.0,0.0,0.0,242.05,8.0,7.23,0.62,0.37
617,37.5,0.0,100.0,0.0,0.0,100.0,0.0,0.0,274.0,2.5,13.63,0.62,0.36
618,37.5,0.0,100.0,0.0,0.0,100.0,0.0,0.0,157.12,14.0,6.16,0.62,0.35
619,37.5,0.0,100.0,0.0,0.0,100.0,0.0,0.0,214.42,13.0,9.68,0.62,0.37
620,37.5,0.0,100.0,0.0,0.0,100.0,0.0,0.0,216.84,16.0,4.04,0.62,0.37
621,37.5,0.0,100.0,0.0,0.0,100.0,0.0,0.0,240.0,14.0,5.5,0.62,0.36
622,37.5,0.0,100.0,0.0,0.0,100.0,0.0,0.0,265.74,12.25,4.73,0.62,0.39
623,37.5,0.0,100.0,0.0,0.0,100.0,0.0,0.0,177.6,16.0,2.68,0.62,0.35
624,37.5,0.0,100.0,0.0,0.0,100.0,0.0,0.0,261.1,8.0,7.98,0.62,0.37
625,37.5,0.0,100.0,0.0,0.0,100.0,0.0,0.0,317.87,16.0,4.53,0.62,0.35
626,37.5,0.0,100.0,0.0,0.0,100.0,0.0,0.0,266.95,6.25,11.64,0.62,0.39
627,37.5,0.0,100.0,0.0,0.0,100.0,0.0,0.0,200.82,6.25,6.75,0.62,0.36
628,37.5,0.0,100.0,0.0,0.0,100.0,0.0,0.0,389.83,13.0,8.57,0.62,0.35
629,37.5,0.0,100.0,0.0,0.0,100.0,0.0,0.0,225.31,13.0,5.93,0.62,0.37
630,37.5,0.0,100.0,0.0,0.0,100.0,0.0,0.0,228.39,14.0,7.64,0.62,0.34
631,42.14,0.0,100.0,0.0,0.0,100.0,0.0,0.0,122.43,1.1,13.22,0.56,0.39
632,37.5,0.0,100.0,0.0,0.0,100.0,0.0,0.0,312.01,16.0,4.42,0.62,0.4
633,37.5,0.0,100.0,0.0,0.0,100.0,0.0,0.0,235.6,7.0,10.48,0.62,0.36
634,37.5,0.0,100.0,0.0,0.0,100.0,0.0,0.0,195.28,12.5,10.13,0.62,0.35
635,37.5,0.0,100.0,0.0,0.0,100.0,0.0,0.0,335.31,8.0,9.35,0.62,0.33
636,37.5,0.0,100.0,0.0,0.0,100.0,0.0,0.0,462.04,14.0,4.64,0.62,0.37
637,37.5,0.0,100.0,0.0,0.0,100.0,0.0,0.0,379.83,6.5,10.21,0.62,0.36
638,37.5,0.0,100.0,0.0,0.0,100.0,0.0,0.0,342.85,16.0,3.68,0.62,0.38
639,37.5,0.0,100.0,0.0,0.0,100.0,0.0,0.0,290.43,14.0,5.06,0.62,0.35
640,37.5,0.0,100.0,0.0,0.0,100.0,0.0,0.0,339.08,14.0,5.31,0.62,0.36
641,37.5,0.0,100.0,0.0,0.0,100.0,0.0,0.0,208.63,14.0,3.88,0.62,0.34
642,37.5,0.0,100.0,0.0,0.0,100.0,0.0,0.0,371.38,2.5,11.6,0.62,0.31
643,37.5,0.0,100.0,0.0,0.0,100.0,0.0,0.0,380.5,1.75,13.84,0.62,0.3
644,37.5,0.0,100.0,0.0,0.0,100.0,0.0,0.0,421.84,12.5,8.2,0.62,0.34
645,37.5,0.0,100.0,0.0,0.0,100.0,0.0,0.0,280.72,14.0,6.7,0.62,0.31
646,33.49,0.05,95.0,5.0,0.0,95.0,0.0,0.0,331.03,1.31,10.95,0.57,0.29
647,37.5,0.0,100.0,0.0,0.0,100.0,0.0,0.0,371.97,14.0,5.01,0.62,0.32
648,37.5,0.0,100.0,0.0,0.0,100.0,0.0,0.0,384.57,12.25,8.33,0.62,0.3
649,37.5,0.0,100.0,0.0,0.0,100.0,0.0,0.0,314.03,14.0,5.08,0.62,0.32
650,37.5,0.0,100.0,0.0,0.0,100.0,0.0,0.0,341.11,16.0,3.47,0.62,0.32
651,37.5,0.0,100.0,0.0,0.0,100.0,0.0,0.0,201.52,3.5,10.51,0.62,0.38
652,37.5,0.0,100.0,0.0,0.0,100.0,0.0,0.0,260.12,8.0,5.73,0.62,0.36
653,37.5,0.0,100.0,0.0,0.0,100.0,0.0,0.0,306.5,8.0,7.13,0.62,0.35
654,25.37,0.1,90.0,10.0,0.0,90.0,0.0,0.0,266.41,1.27,9.9,0.6,0.34
655,37.5,0.0,100.0,0.0,0.0,100.0,0.0,0.0,128.96,12.25,6.19,0.62,0.36
656,37.5,0.0,100.0,0.0,0.0,100.0,0.0,0.0,325.71,12.25,8.98,0.62,0.35
657,37.5,0.0,100.0,0.0,0.0,100.0,0.0,0.0,179.34,12.25,8.59,0.62,0.36
658,37.5,0.0,100.0,0.0,0.0,100.0,0.0,0.0,201.75,7.0,8.63,0.62,0.34
659,37.5,0.0,100.0,0.0,0.0,100.0,0.0,0.0,405.31,3.5,14.46,0.62,0.36
660,37.5,0.0,100.0,0.0,0.0,100.0,0.0,0.0,270.68,8.0,9.05,0.62,0.38
661,37.5,0.0,100.0,0.0,0.0,100.0,0.0,0.0,412.15,12.25,8.29,0.62,0.39
662,37.5,0.0,100.0,0.0,0.0,100.0,0.0,0.0,259.65,16.0,4.51,0.62,0.42
663,37.5,0.0,100.0,0.0,0.0,100.0,0.0,0.0,274.73,12.5,6.66,0.62,0.41
664,37.5,0.0,100.0,0.0,0.0,100.0,0.0,0.0,424.82,14.0,4.61,0.62,0.4
665,37.5,0.0,100.0,0.0,0.0,100.0,0.0,0.0,250.33,3.25,14.21,0.62,0.4
666,37.5,0.0,100.0,0.0,0.0,100.0,0.0,0.0,125.64,16.0,4.83,0.62,0.38
667,37.5,0.0,100.0,0.0,0.0,100.0,0.0,0.0,287.15,16.0,3.21,0.62,0.34
668,37.5,0.0,100.0,0.0,0.0,100.0,0.0,0.0,221.19,7.0,10.51,0.62,0.39
669,37.5,0.0,100.0,0.0,0.0,100.0,0.0,0.0,149.98,6.25,7.35,0.62,0.37
670,37.5,0.0,100.0,0.0,0.0,100.0,0.0,0.0,441.06,6.5,8.75,0.62,0.34
671,37.5,0.0,100.0,0.0,0.0,100.0,0.0,0.0,349.08,14.0,5.89,0.62,0.36
672,37.5,0.0,100.0,0.0,0.0,100.0,0.0,0.0,362.47,14.0,5.89,0.62,0.35
673,37.5,0.0,100.0,0.0,0.0,100.0,0.0,0.0,195.62,16.0,4.24,0.62,0.38
674,37.5,0.0,100.0,0.0,0.0,100.0,0.0,0.0,315.87,12.25,7.48,0.62,0.37
675,37.5,0.0,100.0,0.0,0.0,100.0,0.0,0.0,299.51,8.0,6.55,0.62,0.35
676,37.5,0.0,100.0,0.0,0.0,100.0,0.0,0.0,299.96,14.0,4.86,0.62,0.42
677,37.5,0.0,100.0,0.0,0.0,100.0,0.0,0.0,233.49,6.25,10.54,0.62,0.36
678,37.5,0.0,100.0,0.0,0.0,100.0,0.0,0.0,202.89,13.0,8.38,0.62,0.37
679,34.71,0.07,93.0,7.0,0.0,93.0,0.0,0.0,217.83,1.41,9.44,0.56,0.38
680,37.5,0.0,100.0,0.0,0.0,100.0,0.0,0.0,290.16,8.0,7.37,0.62,0.38
681,37.5,0.0,100.0,0.0,0.0,100.0,0.0,0.0,383.71,7.0,8.33,0.62,0.36
682,36.45,0.03,97.0,3.0,0.0,97.0,0.0,0.0,221.57,1.11,13.42,0.58,0.36
683,37.5,0.0,100.0,0.0,0.0,100.0,0.0,0.0,237.77,12.25,7.65,0.62,0.36
684,37.5,0.0,100.0,0.0,0.0,100.0,0.0,0.0,271.68,14.0,6.77,0.62,0.35
685,37.5,0.0,100.0,0.0,0.0,100.0,0.0,0.0,149.95,7.0,9.75,0.62,0.38
686,37.5,0.0,100.0,0.0,0.0,100.0,0.0,0.0,285.45,14.0,5.5,0.62,0.36
687,37.5,0.0,100.0,0.0,0.0,100.0,0.0,0.0,356.84,16.0,5.3,0.62,0.35
688,37.5,0.0,100.0,0.0,0.0,100.0,0.0,0.0,318.32,14.0,6.36,0.62,0.36
689,37.5,0.0,100.0,0.0,0.0,100.0,0.0,0.0,421.37,14.0,5.29,0.62,0.36
690,37.5,0.0,100.0,0.0,0.0,100.0,0.0,0.0,174.61,12.25,8.28,0.62,0.38
691,37.5,0.0,100.0,0.0,0.0,100.0,0.0,0.0,228.37,16.0,5.73,0.62,0.38
692,37.5,0.0,100.0,0.0,0.0,100.0,0.0,0.0,322.21,14.0,5.39,0.62,0.39
693,37.5,0.0,100.0,0.0,0.0,100.0,0.0,0.0,324.45,12.25,6.24,0.62,0.36
694,37.5,0.0,100.0,0.0,0.0,100.0,0.0,0.0,339.48,16.0,5.76,0.62,0.35
695,37.5,0.0,100.0,0.0,0.0,100.0,0.0,0.0,365.13,16.0,5.85,0.62,0.37
696,37.5,0.0,100.0,0.0,0.0,100.0,0.0,0.0,317.37,16.0,4.85,0.62,0.36
697,37.5,0.0,100.0,0.0,0.0,100.0,0.0,0.0,301.39,7.0,9.87,0.62,0.39
698,37.5,0.0,100.0,0.0,0.0,100.0,0.0,0.0,432.54,16.0,3.22,0.62,0.35
699,37.5,0.0,100.0,0.0,0.0,100.0,0.0,0.0,337.73,8.0,6.39,0.62,0.35
700,37.5,0.0,100.0,0.0,0.0,100.0,0.0,0.0,210.07,12.25,7.96,0.62,0.37
701,37.5,0.0,100.0,0.0,0.0,100.0,0.0,0.0,298.82,4.0,11.11,0.62,0.36
702,37.5,0.0,100.0,0.0,0.0,100.0,0.0,0.0,256.19,13.0,9.86,0.62,0.4
703,37.5,0.0,100.0,0.0,0.0,100.0,0.0,0.0,367.37,14.0,6.19,0.62,0.36
704,37.5,0.0,100.0,0.0,0.0,100.0,0.0,0.0,360.72,12.5,4.69,0.62,0.37
705,37.5,0.0,100.0,0.0,0.0,100.0,0.0,0.0,288.79,12.5,6.28,0.62,0.36
706,37.5,0.0,100.0,0.0,0.0,100.0,0.0,0.0,295.21,14.0,6.45,0.62,0.35
707,37.5,0.0,100.0,0.0,0.0,100.0,0.0,0.0,178.34,1.75,12.65,0.62,0.38
708,37.5,0.0,100.0,0.0,0.0,100.0,0.0,0.0,202.45,7.0,10.15,0.62,0.38
709,37.5,0.0,100.0,0.0,0.0,100.0,0.0,0.0,359.6,13.0,8.47,0.62,0.37
710,37.5,0.0,100.0,0.0,0.0,100.0,0.0,0.0,243.8,6.5,8.41,0.62,0.36
711,37.5,0.0,100.0,0.0,0.0,100.0,0.0,0.0,375.06,8.0,9.86,0.62,0.35
712,37.5,0.0,100.0,0.0,0.0,100.0,0.0,0.0,244.71,6.25,10.83,0.62,0.36
713,37.5,0.0,100.0,0.0,0.0,100.0,0.0,0.0,270.9,2.0,13.72,0.62,0.35
714,37.5,0.0,100.0,0.0,0.0,100.0,0.0,0.0,390.76,14.0,6.3,0.62,0.4
715,37.5,0.0,100.0,0.0,0.0,100.0,0.0,0.0,219.94,13.0,9.48,0.62,0.36
716,37.5,0.0,100.0,0.0,0.0,100.0,0.0,0.0,258.72,8.0,8.7,0.62,0.36
717,37.5,0.0,100.0,0.0,0.0,100.0,0.0,0.0,392.62,13.0,9.81,0.62,0.35
718,37.5,0.0,100.0,0.0,0.0,100.0,0.0,0.0,144.07,8.0,5.96,0.62,0.4
719,37.5,0.0,100.0,0.0,0.0,100.0,0.0,0.0,284.91,7.0,8.96,0.62,0.32
720,37.5,0.0,100.0,0.0,0.0,100.0,0.0,0.0,251.9,14.0,7.03,0.62,0.34
721,37.5,0.0,100.0,0.0,0.0,100.0,0.0,0.0,226.87,14.0,4.94,0.62,0.31
722,37.5,0.0,100.0,0.0,0.0,100.0,0.0,0.0,322.0,14.0,5.56,0.62,0.32
723,34.56,0.04,96.0,4.0,0.0,96.0,0.0,0.0,301.84,1.27,13.25,0.58,0.31
724,37.5,0.0,100.0,0.0,0.0,100.0,0.0,0.0,263.89,8.0,8.86,0.62,0.31
725,37.5,0.0,100.0,0.0,0.0,100.0,0.0,0.0,443.47,6.25,10.35,0.62,0.31
726,37.5,0.0,100.0,0.0,0.0,100.0,0.0,0.0,165.08,14.0,7.51,0.62,0.33
727,37.5,0.0,100.0,0.0,0.0,100.0,0.0,0.0,282.37,14.0,5.77,0.62,0.37
728,30.47,0.08,92.0,8.0,0.0,92.0,0.0,0.0,216.22,1.34,14.83,0.55,0.31
729,37.5,0.0,100.0,0.0,0.0,100.0,0.0,0.0,257.75,7.0,10.9,0.62,0.31
730,37.5,0.0,100.0,0.0,0.0,100.0,0.0,0.0,332.16,12.25,7.64,0.62,0.31
731,37.5,0.0,100.0,0.0,0.0,100.0,0.0,0.0,206.65,16.0,5.49,0.62,0.31
732,37.5,0.0,100.0,0.0,0.0,100.0,0.0,0.0,356.84,8.0,7.79,0.62,0.3
733,37.5,0.0,100.0,0.0,0.0,100.0,0.0,0.0,248.44,6.25,11.23,0.62,0.34
734,37.5,0.0,100.0,0.0,0.0,100.0,0.0,0.0,290.55,8.0,8.24,0.62,0.32
735,37.5,0.0,100.0,0.0,0.0,100.0,0.0,0.0,282.33,7.0,10.47,0.62,0.33
736,37.5,0.0,100.0,0.0,0.0,100.0,0.0,0.0,382.3,16.0,2.78,0.62,0.31
737,37.5,0.0,100.0,0.0,0.0,100.0,0.0,0.0,308.81,6.5,8.21,0.62,0.32
738,37.5,0.0,100.0,0.0,0.0,100.0,0.0,0.0,419.4,8.0,6.19,0.62,0.35
739,37.5,0.0,100.0,0.0,0.0,100.0,0.0,0.0,260.15,3.5,12.29,0.62,0.38
740,36.51,0.03,97.0,3.0,0.0,97.0,0.0,0.0,238.49,1.25,11.41,0.59,0.37
741,37.5,0.0,100.0,0.0,0.0,100.0,0.0,0.0,394.39,14.0,4.82,0.62,0.36
742,37.5,0.0,100.0,0.0,0.0,100.0,0.0,0.0,263.34,16.0,3.59,0.62,0.37
743,37.5,0.0,100.0,0.0,0.0,100.0,0.0,0.0,380.98,7.0,9.25,0.62,0.38
744,37.5,0.0,100.0,0.0,0.0,100.0,0.0,0.0,263.45,14.0,6.41,0.62,0.38
745,37.5,0.0,100.0,0.0,0.0,100.0,0.0,0.0,315.25,7.0,9.89,0.62,0.42
746,25.96,0.1,90.0,10.0,0.0,90.0,0.0,0.0,74.94,1.27,14.27,0.57,0.35
747,37.5,0.0,100.0,0.0,0.0,100.0,0.0,0.0,259.67,6.25,8.86,0.62,0.37
748,37.5,0.0,100.0,0.0,0.0,100.0,0.0,0.0,333.78,16.0,4.87,0.62,0.34
749,37.5,0.0,100.0,0.0,0.0,100.0,0.0,0.0,445.04,12.5,8.39,0.62,0.36
750,37.5,0.0,100.0,0.0,0.0,100.0,0.0,0.0,373.28,6.5,11.15,0.62,0.37
751,37.5,0.0,100.0,0.0,0.0,100.0,0.0,0.0,273.84,1.75,10.86,0.62,0.37
752,35.17,0.07,93.0,7.0,0.0,93.0,0.0,0.0,232.28,1.32,13.58,0.54,0.36
753,37.5,0.0,100.0,0.0,0.0,100.0,0.0,0.0,367.2,12.5,5.16,0.62,0.33
754,37.5,0.0,100.0,0.0,0.0,100.0,0.0,0.0,285.31,16.0,3.35,0.62,0.42
755,37.5,0.0,100.0,0.0,0.0,100.0,0.0,0.0,323.05,12.5,6.07,0.62,0.36
756,37.5,0.0,100.0,0.0,0.0,100.0,0.0,0.0,449.92,14.0,6.21,0.62,0.41
757,37.5,0.0,100.0,0.0,0.0,100.0,0.0,0.0,214.46,6.5,10.77,0.62,0.37
758,37.5,0.0,100.0,0.0,0.0,100.0,0.0,0.0,291.95,8.0,8.53,0.62,0.36
759,37.5,0.0,100.0,0.0,0.0,100.0,0.0,0.0,332.56,16.0,5.66,0.62,0.37
760,37.5,0.0,100.0,0.0,0.0,100.0,0.0,0.0,379.71,7.0,6.42,0.62,0.36
761,37.5,0.0,100.0,0.0,0.0,100.0,0.0,0.0,257.0,3.25,13.41,0.62,0.38
762,37.5,0.0,100.0,0.0,0.0,100.0,0.0,0.0,344.19,2.0,13.87,0.62,0.4
763,37.5,0.0,100.0,0.0,0.0,100.0,0.0,0.0,265.55,14.0,5.85,0.62,0.37
764,37.5,0.0,100.0,0.0,0.0,100.0,0.0,0.0,191.86,14.0,4.84,0.62,0.38
765,37.5,0.0,100.0,0.0,0.0,100.0,0.0,0.0,390.01,16.0,6.34,0.62,0.37
766,37.5,0.0,100.0,0.0,0.0,100.0,0.0,0.0,439.24,16.0,2.75,0.62,0.37
767,37.5,0.0,100.0,0.0,0.0,100.0,0.0,0.0,300.59,16.0,3.26,0.62,0.39
768,37.5,0.0,100.0,0.0,0.0,100.0,0.0,0.0,212.11,12.5,8.53,0.62,0.38
769,37.5,0.0,100.0,0.0,0.0,100.0,0.0,0.0,294.27,6.25,7.93,0.62,0.35
770,37.5,0.0,100.0,0.0,0.0,100.0,0.0,0.0,241.56,6.25,9.43,0.62,0.35
771,37.5,0.0,100.0,0.0,0.0,100.0,0.0,0.0,323.91,3.25,13.87,0.62,0.36
772,37.5,0.0,100.0,0.0,0.0,100.0,0.0,0.0,414.94,12.25,7.72,0.62,0.36
773,37.5,0.0,100.0,0.0,0.0,100.0,0.0,0.0,144.71,12.5,7.56,0.62,0.39
774,37.5,0.0,100.0,0.0,0.0,100.0,0.0,0.0,260.91,8.0,7.95,0.62,0.37
775,37.5,0.0,100.0,0.0,0.0,100.0,0.0,0.0,316.57,6.25,11.29,0.62,0.37
776,37.5,0.0,100.0,0.0,0.0,100.0,0.0,0.0,188.83,12.5,7.79,0.62,0.36
777,37.5,0.0,100.0,0.0,0.0,100.0,0.0,0.0,332.95,14.0,5.99,0.62,0.38
778,37.5,0.0,100.0,0.0,0.0,100.0,0.0,0.0,327.39,13.0,8.92,0.62,0.36
779,37.5,0.0,100.0,0.0,0.0,100.0,0.0,0.0,163.1,16.0,3.89,0.62,0.4
780,37.5,0.0,100.0,0.0,0.0,100.0,0.0,0.0,246.26,6.25,6.79,0.62,0.38
781,37.5,0.0,100.0,0.0,0.0,100.0,0.0,0.0,219.81,16.0,4.73,0.62,0.35
782,37.5,0.0,100.0,0.0,0.0,100.0,0.0,0.0,249.44,16.0,5.16,0.62,0.35
783,37.5,0.0,100.0,0.0,0.0,100.0,0.0,0.0,165.01,8.0,9.5,0.62,0.37
784,37.5,0.0,100.0,0.0,0.0,100.0,0.0,0.0,237.32,8.0,7.49,0.62,0.36
785,37.5,0.0,100.0,0.0,0.0,100.0,0.0,0.0,378.24,14.0,5.64,0.62,0.39
786,37.5,0.0,100.0,0.0,0.0,100.0,0.0,0.0,322.58,6.25,7.79,0.62,0.36
787,37.5,0.0,100.0,0.0,0.0,100.0,0.0,0.0,393.15,16.0,3.49,0.62,0.37
788,43.51,0.0,100.0,0.0,0.0,100.0,0.0,0.0,306.97,1.77,11.12,0.57,0.35
789,37.5,0.0,100.0,0.0,0.0,100.0,0.0,0.0,266.45,12.5,9.47,0.62,0.36
790,37.5,0.0,100.0,0.0,0.0,100.0,0.0,0.0,244.72,14.0,6.4,0.62,0.35
791,37.5,0.0,100.0,0.0,0.0,100.0,0.0,0.0,292.56,8.0,7.29,0.62,0.38
792,37.5,0.0,100.0,0.0,0.0,100.0,0.0,0.0,190.94,16.0,4.64,0.62,0.37
793,37.5,0.0,100.0,0.0,0.0,100.0,0.0,0.0,197.02,2.0,11.79,0.62,0.34
794,37.5,0.0,100.0,0.0,0.0,100.0,0.0,0.0,228.67,14.0,6.34,0.62,0.36
795,37.5,0.0,100.0,0.0,0.0,100.0,0.0,0.0,391.0,3.25,14.98,0.62,0.35
796,37.5,0.0,100.0,0.0,0.0,100.0,0.0,0.0,414.3,7.0,5.91,0.62,0.37
797,37.5,0.0,100.0,0.0,0.0,100.0,0.0,0.0,76.11,6.25,8.27,0.62,0.34
798,37.5,0.0,100.0,0.0,0.0,100.0,0.0,0.0,291.66,8.0,9.97,0.62,0.32
799,37.5,0.0,100.0,0.0,0.0,100.0,0.0,0.0,405.02,12.5,5.85,0.62,0.32
800,37.5,0.0,100.0,0.0,0.0,100.0,0.0,0.0,219.66,14.0,6.09,0.62,0.32
801,37.5,0.0,100.0,0.0,0.0,100.0,0.0,0.0,338.03,2.5,11.87,0.62,0.3
802,37.5,0.0,100.0,0.0,0.0,100.0,0.0,0.0,267.04,12.25,8.3,0.62,0.32
803,37.5,0.0,100.0,0.0,0.0,100.0,0.0,0.0,229.99,16.0,4.45,0.62,0.34
804,37.5,0.0,100.0,0.0,0.0,100.0,0.0,0.0,359.68,14.0,8.14,0.62,0.31
805,37.5,0.0,100.0,0.0,0.0,100.0,0.0,0.0,327.19,3.25,12.93,0.62,0.3
806,37.5,0.0,100.0,0.0,0.0,100.0,0.0,0.0,297.84,2.0,13.75,0.62,0.3
807,37.5,0.0,100.0,0.0,0.0,100.0,0.0,0.0,388.55,6.25,8.6,0.62,0.3
808,46.25,0.0,100.0,0.0,0.0,100.0,0.0,0.0,168.39,1.86,13.33,0.53,0.32
809,37.5,0.0,100.0,0.0,0.0,100.0,0.0,0.0,385.06,13.0,8.38,0.62,0.31
810,37.5,0.0,100.0,0.0,0.0,100.0,0.0,0.0,122.78,14.0,6.8,0.62,0.34
811,37.5,0.0,100.0,0.0,0.0,100.0,0.0,0.0,119.84,4.0,11.97,0.62,0.29
812,37.5,0.0,100.0,0.0,0.0,100.0,0.0,0.0,194.55,6.25,9.94,0.62,0.3
813,37.5,0.0,100.0,0.0,0.0,100.0,0.0,0.0,215.46,16.0,3.12,0.62,0.29
814,37.5,0.0,100.0,0.0,0.0,100.0,0.0,0.0,193.56,4.0,14.04,0.62,0.3
815,37.5,0.0,100.0,0.0,0.0,100.0,0.0,0.0,216.53,14.0,6.13,0.62,0.3
816,37.5,0.0,100.0,0.0,0.0,100.0,0.0,0.0,239.8,14.0,5.74,0.62,0.32
817,37.5,0.0,100.0,0.0,0.0,100.0,0.0,0.0,301.96,12.5,9.4,0.62,0.37
818,37.5,0.0,100.0,0.0,0.0,100.0,0.0,0.0,290.27,6.25,8.69,0.62,0.36
819,37.5,0.0,100.0,0.0,0.0,100.0,0.0,0.0,315.66,6.25,8.38,0.62,0.37
820,37.5,0.0,100.0,0.0,0.0,100.0,0.0,0.0,265.59,8.0,7.32,0.62,0.37
821,37.5,0.0,100.0,0.0,0.0,100.0,0.0,0.0,201.95,6.5,9.94,0.62,0.37
822,37.5,0.0,100.0,0.0,0.0,100.0,0.0,0.0,312.46,14.0,6.21,0.62,0.4
823,37.5,0.0,100.0,0.0,0.0,100.0,0.0,0.0,386.36,3.25,14.01,0.62,0.37
824,37.5,0.0,100.0,0.0,0.0,100.0,0.0,0.0,263.37,12.5,7.75,0.62,0.37
825,37.5,0.0,100.0,0.0,0.0,100.0,0.0,0.0,362.47,8.0,8.28,0.62,0.36
826,37.5,0.0,100.0,0.0,0.0,100.0,0.0,0.0,353.05,14.0,7.52,0.62,0.34
827,37.5,0.0,100.0,0.0,0.0,100.0,0.0,0.0,201.61,4.0,11.85,0.62,0.37
828,37.5,0.0,100.0,0.0,0.0,100.0,0.0,0.0,239.29,13.0,8.18,0.62,0.38
829,37.5,0.0,100.0,0.0,0.0,100.0,0.0,0.0,297.57,14.0,6.32,0.62,0.36
830,37.5,0.0,100.0,0.0,0.0,100.0,0.0,0.0,211.34,16.0,5.25,0.62,0.35
831,37.5,0.0,100.0,0.0,0.0,100.0,0.0,0.0,226.65,7.0,9.97,0.62,0.37
832,37.5,0.0,100.0,0.0,0.0,100.0,0.0,0.0,265.13,8.0,9.31,0.62,0.34
833,37.5,0.0,100.0,0.0,0.0,100.0,0.0,0.0,196.61,12.25,8.56,0.62,0.36
834,37.5,0.0,100.0,0.0,0.0,100.0,0.0,0.0,340.93,1.75,13.41,0.62,0.38
835,35.56,0.05,95.0,5.0,0.0,95.0,0.0,0.0,115.11,1.75,14.52,0.57,0.36
836,37.5,0.0,100.0,0.0,0.0,100.0,0.0,0.0,297.45,2.0,13.58,0.62,0.36
837,37.5,0.0,100.0,0.0,0.0,100.0,0.0,0.0,121.59,14.0,6.47,0.62,0.36
838,37.5,0.0,100.0,0.0,0.0,100.0,0.0,0.0,177.46,8.0,7.3,0.62,0.35
839,37.5,0.0,100.0,0.0,0.0,100.0,0.0,0.0,299.98,7.0,10.44,0.62,0.37
840,37.5,0.0,100.0,0.0,0.0,100.0,0.0,0.0,272.97,12.25,8.75,0.62,0.38
841,37.5,0.0,100.0,0.0,0.0,100.0,0.0,0.0,217.99,8.0,7.46,0.62,0.36
842,37.5,0.0,100.0,0.0,0.0,100.0,0.0,0.0,177.4,8.0,8.48,0.62,0.36
843,37.5,0.0,100.0,0.0,0.0,100.0,0.0,0.0,252.81,14.0,5.8,0.62,0.35
844,37.5,0.0,100.0,0.0,0.0,100.0,0.0,0.0,295.36,8.0,7.5,0.62,0.41
845,37.5,0.0,100.0,0.0,0.0,100.0,0.0,0.0,297.06,16.0,5.75,0.62,0.4
846,37.5,0.0,100.0,0.0,0.0,100.0,0.0,0.0,379.29,3.5,11.32,0.62,0.37
847,37.5,0.0,100.0,0.0,0.0,100.0,0.0,0.0,262.7,6.5,7.66,0.62,0.35
848,37.5,0.0,100.0,0.0,0.0,100.0,0.0,0.0,383.54,8.0,6.89,0.62,0.36
849,37.5,0.0,100.0,0.0,0.0,100.0,0.0,0.0,260.26,8.0,7.55,0.62,0.37
850,37.5,0.0,100.0,0.0,0.0,100.0,0.0,0.0,342.51,12.25,6.66,0.62,0.37
851,37.5,0.0,100.0,0.0,0.0,100.0,0.0,0.0,316.24,8.0,7.52,0.62,0.39
852,37.5,0.0,100.0,0.0,0.0,100.0,0.0,0.0,221.44,13.0,6.89,0.62,0.36
853,37.5,0.0,100.0,0.0,0.0,100.0,0.0,0.0,423.27,3.5,11.21,0.62,0.34
854,37.5,0.0,100.0,0.0,0.0,100.0,0.0,0.0,236.55,16.0,4.06,0.62,0.36
855,37.5,0.0,100.0,0.0,0.0,100.0,0.0,0.0,219.42,3.25,13.06,0.62,0.38
856,37.5,0.0,100.0,0.0,0.0,100.0,0.0,0.0,250.79,14.0,6.06,0.62,0.37
857,37.5,0.0,100.0,0.0,0.0,100.0,0.0,0.0,422.44,16.0,4.38,0.62,0.39
858,37.5,0.0,100.0,0.0,0.0,100.0,0.0,0.0,371.17,6.5,9.8,0.62,0.37
859,37.5,0.0,100.0,0.0,0.0,100.0,0.0,0.0,382.92,7.0,9.03,0.62,0.35
860,37.5,0.0,100.0,0.0,0.0,100.0,0.0,0.0,148.34,13.0,6.3,0.62,0.37
861,37.5,0.0,100.0,0.0,0.0,100.0,0.0,0.0,275.99,12.5,5.6,0.62,0.37
862,37.5,0.0,100.0,0.0,0.0,100.0,0.0,0.0,252.61,12.25,8.23,0.62,0.38
863,37.5,0.0,100.0,0.0,0.0,100.0,0.0,0.0,243.62,16.0,3.76,0.62,0.37
864,37.5,0.0,100.0,0.0,0.0,100.0,0.0,0.0,200.7,6.5,8.95,0.62,0.34
865,37.5,0.0,100.0,0.0,0.0,100.0,0.0,0.0,307.9,14.0,6.77,0.62,0.37
866,37.5,0.0,100.0,0.0,0.0,100.0,0.0,0.0,215.26,14.0,4.56,0.62,0.35
867,37.5,0.0,100.0,0.0,0.0,100.0,0.0,0.0,308.71,14.0,5.44,0.62,0.37
868,37.5,0.0,100.0,0.0,0.0,100.0,0.0,0.0,177.11,6.5,9.69,0.62,0.41
869,37.5,0.0,100.0,0.0,0.0,100.0,0.0,0.0,405.57,3.25,10.24,0.62,0.36
870,37.5,0.0,100.0,0.0,0.0,100.0,0.0,0.0,260.78,6.5,8.35,0.62,0.36
871,37.5,0.0,100.0,0.0,0.0,100.0,0.0,0.0,449.04,16.0,5.33,0.62,0.34
872,37.5,0.0,100.0,0.0,0.0,100.0,0.0,0.0,310.43,12.5,8.68,0.62,0.36
873,37.5,0.0,100.0,0.0,0.0,100.0,0.0,0.0,145.7,6.25,11.06,0.62,0.36
874,37.5,0.0,100.0,0.0,0.0,100.0,0.0,0.0,230.08,8.0,7.43,0.62,0.38
875,37.5,0.0,100.0,0.0,0.0,100.0,0.0,0.0,261.71,2.0,14.05,0.62,0.36
876,37.5,0.0,100.0,0.0,0.0,100.0,0.0,0.0,196.53,12.25,8.02,0.62,0.34
877,37.5,0.0,100.0,0.0,0.0,100.0,0.0,0.0,346.13,14.0,6.3,0.62,0.31
878,37.5,0.0,100.0,0.0,0.0,100.0,0.0,0.0,196.95,14.0,5.85,0.62,0.32
879,37.5,0.0,100.0,0.0,0.0,100.0,0.0,0.0,290.51,16.0,6.58,0.62,0.32
880,37.5,0.0,100.0,0.0,0.0,100.0,0.0,0.0,436.04,12.25,5.55,0.62,0.34
881,37.5,0.0,100.0,0.0,0.0,100.0,0.0,0.0,332.52,12.5,7.58,0.62,0.32
882,37.5,0.0,100.0,0.0,0.0,100.0,0.0,0.0,275.03,14.0,4.66,0.62,0.32
883,37.5,0.0,100.0,0.0,0.0,100.0,0.0,0.0,419.33,6.5,7.81,0.62,0.32
884,37.5,0.0,100.0,0.0,0.0,100.0,0.0,0.0,275.34,7.0,7.55,0.62,0.31
885,37.5,0.0,100.0,0.0,0.0,100.0,0.0,0.0,139.73,14.0,5.42,0.62,0.31
886,37.5,0.0,100.0,0.0,0.0,100.0,0.0,0.0,387.45,14.0,4.74,0.62,0.31
887,37.5,0.0,100.0,0.0,0.0,100.0,0.0,0.0,89.48,8.0,8.45,0.62,0.33
888,37.5,0.0,100.0,0.0,0.0,100.0,0.0,0.0,260.79,8.0,6.59,0.62,0.31
889,37.5,0.0,100.0,0.0,0.0,100.0,0.0,0.0,295.97,6.5,7.33,0.62,0.32
890,37.5,0.0,100.0,0.0,0.0,100.0,0.0,0.0,343.13,14.0,4.09,0.62,0.32
891,37.5,0.0,100.0,0.0,0.0,100.0,0.0,0.0,318.54,12.25,9.85,0.62,0.3
892,37.5,0.0,100.0,0.0,0.0,100.0,0.0,0.0,342.65,16.0,4.77,0.62,0.31
893,37.5,0.0,100.0,0.0,0.0,100.0,0.0,0.0,278.37,4.0,11.39,0.62,0.36
894,37.5,0.0,100.0,0.0,0.0,100.0,0.0,0.0,290.62,12.5,6.23,0.62,0.31
895,37.5,0.0,100.0,0.0,0.0,100.0,0.0,0.0,270.58,14.0,4.66,0.62,0.33
896,37.5,0.0,100.0,0.0,0.0,100.0,0.0,0.0,223.25,13.0,9.72,0.62,0.35
897,37.5,0.0,100.0,0.0,0.0,100.0,0.0,0.0,461.06,12.5,9.04,0.62,0.38
898,37.5,0.0,100.0,0.0,0.0,100.0,0.0,0.0,344.62,14.0,7.77,0.62,0.36
899,37.5,0.0,100.0,0.0,0.0,100.0,0.0,0.0,339.65,14.0,6.24,0.62,0.36
900,37.5,0.0,100.0,0.0,0.0,100.0,0.0,0.0,341.14,16.0,5.87,0.62,0.39
901,37.5,0.0,100.0,0.0,0.0,100.0,0.0,0.0,123.51,8.0,7.61,0.62,0.36
902,37.5,0.0,100.0,0.0,0.0,100.0,0.0,0.0,203.29,14.0,6.66,0.62,0.37
903,37.5,0.0,100.0,0.0,0.0,100.0,0.0,0.0,408.41,1.75,13.03,0.62,0.38
904,37.5,0.0,100.0,0.0,0.0,100.0,0.0,0.0,220.95,12.25,6.93,0.62,0.35
905,37.5,0.0,100.0,0.0,0.0,100.0,0.0,0.0,290.88,12.25,5.96,0.62,0.4
906,37.5,0.0,100.0,0.0,0.0,100.0,0.0,0.0,169.15,6.25,8.54,0.62,0.36
907,37.5,0.0,100.0,0.0,0.0,100.0,0.0,0.0,232.4,14.0,4.98,0.62,0.37
908,37.5,0.0,100.0,0.0,0.0,100.0,0.0,0.0,192.94,14.0,5.03,0.62,0.37
909,37.5,0.0,100.0,0.0,0.0,100.0,0.0,0.0,191.64,14.0,4.49,0.62,0.34
910,37.5,0.0,100.0,0.0,0.0,100.0,0.0,0.0,334.67,2.0,14.82,0.62,0.38
911,37.5,0.0,100.0,0.0,0.0,100.0,0.0,0.0,388.24,16.0,3.69,0.62,0.38
912,37.5,0.0,100.0,0.0,0.0,100.0,0.0,0.0,390.96,14.0,4.54,0.62,0.36
913,37.5,0.0,100.0,0.0,0.0,100.0,0.0,0.0,392.68,12.25,7.42,0.62,0.35
914,37.5,0.0,100.0,0.0,0.0,100.0,0.0,0.0,306.4,16.0,3.86,0.62,0.34
915,37.5,0.0,100.0,0.0,0.0,100.0,0.0,0.0,331.59,13.0,7.37,0.62,0.36
916,37.5,0.0,100.0,0.0,0.0,100.0,0.0,0.0,380.48,14.0,7.68,0.62,0.35
917,37.5,0.0,100.0,0.0,0.0,100.0,0.0,0.0,228.93,14.0,7.22,0.62,0.38
918,37.5,0.0,100.0,0.0,0.0,100.0,0.0,0.0,421.16,6.5,8.75,0.62,0.35
919,37.5,0.0,100.0,0.0,0.0,100.0,0.0,0.0,229.16,2.5,12.65,0.62,0.36
920,37.5,0.0,100.0,0.0,0.0,100.0,0.0,0.0,352.2,12.25,9.95,0.62,0.35
921,37.5,0.0,100.0,0.0,0.0,100.0,0.0,0.0,339.61,16.0,4.61,0.62,0.35
922,37.5,0.0,100.0,0.0,0.0,100.0,0.0,0.0,121.26,6.25,9.3,0.62,0.36
923,37.5,0.0,100.0,0.0,0.0,100.0,0.0,0.0,125.19,16.0,4.2,0.62,0.38
924,37.5,0.0,100.0,0.0,0.0,100.0,0.0,0.0,275.5,14.0,7.18,0.62,0.35
925,37.5,0.0,100.0,0.0,0.0,100.0,0.0,0.0,275.75,6.5,11.63,0.62,0.34
926,37.5,0.0,100.0,0.0,0.0,100.0,0.0,0.0,299.24,7.0,8.78,0.62,0.35
927,37.5,0.0,100.0,0.0,0.0,100.0,0.0,0.0,175.53,16.0,5.55,0.62,0.36
928,37.5,0.0,100.0,0.0,0.0,100.0,0.0,0.0,468.68,13.0,7.99,0.62,0.34
929,37.5,0.0,100.0,0.0,0.0,100.0,0.0,0.0,350.31,3.5,11.1,0.62,0.38
930,37.5,0.0,100.0,0.0,0.0,100.0,0.0,0.0,228.26,2.5,11.51,0.62,0.37
931,37.5,0.0,100.0,0.0,0.0,100.0,0.0,0.0,247.79,13.0,8.43,0.62,0.42
932,37.5,0.0,100.0,0.0,0.0,100.0,0.0,0.0,286.38,8.0,9.06,0.62,0.32
933,37.5,0.0,100.0,0.0,0.0,100.0,0.0,0.0,270.55,12.25,7.63,0.62,0.36
934,37.5,0.0,100.0,0.0,0.0,100.0,0.0,0.0,303.74,6.25,8.65,0.62,0.34
935,37.5,0.0,100.0,0.0,0.0,100.0,0.0,0.0,225.43,12.25,7.91,0.62,0.37
936,37.5,0.0,100.0,0.0,0.0,100.0,0.0,0.0,363.19,16.0,7.41,0.62,0.34
937,37.5,0.0,100.0,0.0,0.0,100.0,0.0,0.0,294.53,13.0,6.4,0.62,0.37
938,37.5,0.0,100.0,0.0,0.0,100.0,0.0,0.0,414.64,6.25,11.14,0.62,0.36
939,37.5,0.0,100.0,0.0,0.0,100.0,0.0,0.0,187.24,16.0,4.27,0.62,0.35
940,37.5,0.0,100.0,0.0,0.0,100.0,0.0,0.0,215.83,16.0,5.12,0.62,0.39
941,26.86,0.1,90.0,10.0,0.0,90.0,0.0,0.0,231.91,1.33,12.69,0.58,0.35
942,37.5,0.0,100.0,0.0,0.0,100.0,0.0,0.0,164.34,14.0,5.03,0.62,0.36
943,37.5,0.0,100.0,0.0,0.0,100.0,0.0,0.0,297.81,13.0,6.32,0.62,0.35
944,37.5,0.0,100.0,0.0,0.0,100.0,0.0,0.0,310.89,16.0,5.01,0.62,0.35
945,37.5,0.0,100.0,0.0,0.0,100.0,0.0,0.0,234.76,2.0,11.7,0.62,0.36
946,37.5,0.0,100.0,0.0,0.0,100.0,0.0,0.0,377.33,8.0,8.39,0.62,0.38
947,37.5,0.0,100.0,0.0,0.0,100.0,0.0,0.0,384.64,1.75,12.62,0.62,0.38
948,37.5,0.0,100.0,0.0,0.0,100.0,0.0,0.0,215.2,3.5,10.07,0.62,0.37
949,37.5,0.0,100.0,0.0,0.0,100.0,0.0,0.0,377.69,4.0,14.85,0.62,0.34
950,37.5,0.0,100.0,0.0,0.0,100.0,0.0,0.0,301.65,13.0,6.65,0.62,0.37
951,37.5,0.0,100.0,0.0,0.0,100.0,0.0,0.0,352.55,2.0,9.65,0.62,0.35
952,37.5,0.0,100.0,0.0,0.0,100.0,0.0,0.0,423.11,14.0,4.36,0.62,0.4
953,37.5,0.0,100.0,0.0,0.0,100.0,0.0,0.0,307.94,14.0,7.23,0.62,0.33
954,37.5,0.0,100.0,0.0,0.0,100.0,0.0,0.0,390.24,8.0,7.84,0.62,0.37
955,37.5,0.0,100.0,0.0,0.0,100.0,0.0,0.0,350.43,14.0,4.6,0.62,0.35
956,37.5,0.0,100.0,0.0,0.0,100.0,0.0,0.0,261.23,12.25,6.67,0.62,0.34
957,37.5,0.0,100.0,0.0,0.0,100.0,0.0,0.0,371.18,16.0,5.07,0.62,0.34
958,37.5,0.0,100.0,0.0,0.0,100.0,0.0,0.0,286.97,6.5,7.39,0.62,0.34
959,37.5,0.0,100.0,0.0,0.0,100.0,0.0,0.0,431.94,16.0,3.64,0.62,0.3
960,37.5,0.0,100.0,0.0,0.0,100.0,0.0,0.0,340.67,8.0,9.79,0.62,0.32
961,37.5,0.0,100.0,0.0,0.0,100.0,0.0,0.0,156.83,14.0,5.43,0.62,0.3
962,37.5,0.0,100.0,0.0,0.0,100.0,0.0,0.0,322.1,6.5,10.55,0.62,0.3
963,37.5,0.0,100.0,0.0,0.0,100.0,0.0,0.0,329.31,12.25,9.5,0.62,0.3
964,37.5,0.0,100.0,0.0,0.0,100.0,0.0,0.0,259.76,12.5,8.41,0.62,0.32
965,37.5,0.0,100.0,0.0,0.0,100.0,0.0,0.0,293.89,13.0,7.87,0.62,0.33
966,37.5,0.0,100.0,0.0,0.0,100.0,0.0,0.0,187.4,16.0,4.45,0.62,0.31
967,37.5,0.0,100.0,0.0,0.0,100.0,0.0,0.0,368.11,3.25,9.82,0.62,0.32
968,37.5,0.0,100.0,0.0,0.0,100.0,0.0,0.0,328.4,12.5,6.44,0.62,0.32
969,37.5,0.0,100.0,0.0,0.0,100.0,0.0,0.0,228.97,6.25,7.52,0.62,0.31
970,37.5,0.0,100.0,0.0,0.0,100.0,0.0,0.0,300.07,16.0,4.67,0.62,0.32
971,37.5,0.0,100.0,0.0,0.0,100.0,0.0,0.0,253.4,14.0,4.16,0.62,0.34
972,37.5,0.0,100.0,0.0,0.0,100.0,0.0,0.0,296.02,2.0,11.65,0.62,0.31
973,33.82,0.06,94.0,6.0,0.0,94.0,0.0,0.0,236.86,1.37,14.36,0.55,0.31
974,37.5,0.0,100.0,0.0,0.0,100.0,0.0,0.0,345.2,14.0,6.33,0.62,0.3
975,37.5,0.0,100.0,0.0,0.0,100.0,0.0,0.0,380.34,14.0,5.07,0.62,0.31
976,37.5,0.0,100.0,0.0,0.0,100.0,0.0,0.0,321.05,14.0,4.21,0.62,0.33
977,37.5,0.0,100.0,0.0,0.0,100.0,0.0,0.0,258.27,13.0,7.09,0.62,0.37
978,37.5,0.0,100.0,0.0,0.0,100.0,0.0,0.0,198.57,3.5,10.34,0.62,0.41
979,37.5,0.0,100.0,0.0,0.0,100.0,0.0,0.0,218.76,13.0,8.21,0.62,0.37
980,37.5,0.0,100.0,0.0,0.0,100.0,0.0,0.0,328.03,6.25,9.2,0.62,0.36
981,37.5,0.0,100.0,0.0,0.0,100.0,0.0,0.0,333.72,7.0,7.85,0.62,0.38
982,37.5,0.0,100.0,0.0,0.0,100.0,0.0,0.0,353.82,8.0,7.28,0.62,0.37
983,37.5,0.0,100.0,0.0,0.0,100.0,0.0,0.0,223.75,6.25,10.59,0.62,0.37
984,37.5,0.0,100.0,0.0,0.0,100.0,0.0,0.0,383.56,7.0,10.74,0.62,0.39
985,37.5,0.0,100.0,0.0,0.0,100.0,0.0,0.0,433.34,12.25,9.32,0.62,0.34
986,37.5,0.0,100.0,0.0,0.0,100.0,0.0,0.0,320.94,7.0,7.05,0.62,0.36
987,37.5,0.0,100.0,0.0,0.0,100.0,0.0,0.0,177.13,14.0,3.75,0.62,0.35
988,37.5,0.0,100.0,0.0,0.0,100.0,0.0,0.0,326.49,8.0,6.94,0.62,0.34
989,37.5,0.0,100.0,0.0,0.0,100.0,0.0,0.0,241.97,8.0,7.23,0.62,0.38
990,32.92,0.05,95.0,5.0,0.0,95.0,0.0,0.0,270.97,1.05,12.32,0.59,0.34
991,37.5,0.0,100.0,0.0,0.0,100.0,0.0,0.0,433.9,16.0,3.45,0.62,0.36
992,37.5,0.0,100.0,0.0,0.0,100.0,0.0,0.0,276.89,14.0,4.71,0.62,0.36
993,37.5,0.0,100.0,0.0,0.0,100.0,0.0,0.0,478.34,14.0,4.21,0.62,0.34
994,33.59,0.05,95.0,5.0,0.0,95.0,0.0,0.0,314.84,1.29,12.09,0.58,0.36
995,37.5,0.0,100.0,0.0,0.0,100.0,0.0,0.0,174.77,8.0,6.41,0.62,0.36
996,37.5,0.0,100.0,0.0,0.0,100.0,0.0,0.0,430.61,14.0,7.93,0.62,0.37
997,37.5,0.0,100.0,0.0,0.0,100.0,0.0,0.0,271.65,14.0,7.26,0.62,0.35
998,37.5,0.0,100.0,0.0,0.0,100.0,0.0,0.0,201.69,8.0,7.14,0.62,0.36
999,37.5,0.0,100.0,0.0,0.0,100.0,0.0,0.0,231.25,8.0,6.91,0.62,0.35
1000,37.5,0.0,100.0,0.0,0.0,100.0,0.0,0.0,403.48,16.0,6.84,0.62,0.36
1001,37.5,0.0,100.0,0.0,0.0,100.0,0.0,0.0,288.64,14.0,5.42,0.62,0.36
1002,37.5,0.0,100.0,0.0,0.0,100.0,0.0,0.0,243.92,16.0,5.73,0.62,0.36
1003,37.5,0.0,100.0,0.0,0.0,100.0,0.0,0.0,295.04,3.5,11.92,0.62,0.36
1004,37.5,0.0,100.0,0.0,0.0,100.0,0.0,0.0,358.92,7.0,9.64,0.62,0.34
1005,37.5,0.0,100.0,0.0,0.0,100.0,0.0,0.0,350.44,16.0,3.79,0.62,0.37
1006,37.5,0.0,100.0,0.0,0.0,100.0,0.0,0.0,283.62,16.0,3.72,0.62,0.36
1007,37.5,0.0,100.0,0.0,0.0,100.0,0.0,0.0,251.34,14.0,4.86,0.62,0.37
1008,37.5,0.0,100.0,0.0,0.0,100.0,0.0,0.0,290.06,4.0,10.72,0.62,0.36
1009,37.5,0.0,100.0,0.0,0.0,100.0,0.0,0.0,303.58,13.0,8.22,0.62,0.37
1010,37.5,0.0,100.0,0.0,0.0,100.0,0.0,0.0,399.28,16.0,5.15,0.62,0.38
1011,37.5,0.0,100.0,0.0,0.0,100.0,0.0,0.0,426.89,12.25,7.78,0.62,0.35
1012,37.5,0.0,100.0,0.0,0.0,100.0,0.0,0.0,244.03,16.0,3.93,0.62,0.36
1013,37.5,0.0,100.0,0.0,0.0,100.0,0.0,0.0,282.53,14.0,5.71,0.62,0.39
1014,37.5,0.0,100.0,0.0,0.0,100.0,0.0,0.0,370.23,14.0,6.33,0.62,0.35
1015,37.5,0.0,100.0,0.0,0.0,100.0,0.0,0.0,134.12,13.0,6.51,0.62,0.37
1016,37.5,0.0,100.0,0.0,0.0,100.0,0.0,0.0,279.99,14.0,5.12,0.62,0.35
1017,37.5,0.0,100.0,0.0,0.0,100.0,0.0,0.0,326.55,14.0,7.21,0.62,0.43
1018,37.5,0.0,100.0,0.0,0.0,100.0,0.0,0.0,294.38,3.5,14.68,0.62,0.35
1019,37.5,0.0,100.0,0.0,0.0,100.0,0.0,0.0,288.38,12.25,7.27,0.62,0.39
1020,37.5,0.0,100.0,0.0,0.0,100.0,0.0,0.0,394.61,14.0,4.36,0.62,0.36
1021,37.5,0.0,100.0,0.0,0.0,100.0,0.0,0.0,99.98,14.0,5.66,0.62,0.35
1022,37.5,0.0,100.0,0.0,0.0,100.0,0.0,0.0,344.29,14.0,5.39,0.62,0.36
1023,37.5,0.0,100.0,0.0,0.0,100.0,0.0,0.0,375.63,4.0,11.23,0.62,0.35
1024,37.5,0.0,100.0,0.0,0.0,100.0,0.0,0.0,368.89,4.0,11.62,0.62,0.38
1025,37.5,0.0,100.0,0.0,0.0,100.0,0.0,0.0,490.92,14.0,4.73,0.62,0.37
1026,37.5,0.0,100.0,0.0,0.0,100.0,0.0,0.0,377.36,14.0,5.48,0.62,0.36
1027,37.5,0.0,100.0,0.0,0.0,100.0,0.0,0.0,281.99,14.0,4.52,0.62,0.35
1028,37.5,0.0,100.0,0.0,0.0,100.0,0.0,0.0,192.23,16.0,5.58,0.62,0.37
1029,37.5,0.0,100.0,0.0,0.0,100.0,0.0,0.0,256.29,3.25,14.14,0.62,0.37
1030,37.5,0.0,100.0,0.0,0.0,100.0,0.0,0.0,380.1,16.0,4.26,0.62,0.37
1031,37.5,0.0,100.0,0.0,0.0,100.0,0.0,0.0,389.46,7.0,9.71,0.62,0.37
1032,37.5,0.0,100.0,0.0,0.0,100.0,0.0,0.0,321.58,2.0,12.68,0.62,0.36
1033,37.5,0.0,100.0,0.0,0.0,100.0,0.0,0.0,95.04,12.25,6.81,0.62,0.37
1034,37.5,0.0,100.0,0.0,0.0,100.0,0.0,0.0,88.09,16.0,3.98,0.62,0.36
1035,37.5,0.0,100.0,0.0,0.0,100.0,0.0,0.0,163.42,13.0,8.79,0.62,0.36
1036,37.5,0.0,100.0,0.0,0.0,100.0,0.0,0.0,307.02,8.0,8.76,0.62,0.36
1037,37.5,0.0,100.0,0.0,0.0,100.0,0.0,0.0,358.46,1.75,12.66,0.62,0.36
1038,37.5,0.0,100.0,0.0,0.0,100.0,0.0,0.0,339.95,14.0,6.28,0.62,0.31
1039,37.5,0.0,100.0,0.0,0.0,100.0,0.0,0.0,200.01,14.0,5.96,0.62,0.3
1040,37.5,0.0,100.0,0.0,0.0,100.0,0.0,0.0,437.13,6.5,9.71,0.62,0.3
1041,37.5,0.0,100.0,0.0,0.0,100.0,0.0,0.0,259.43,12.5,8.23,0.62,0.3
1042,37.5,0.0,100.0,0.0,0.0,100.0,0.0,0.0,236.75,13.0,7.34,0.62,0.31
1043,43.94,0.0,100.0,0.0,0.0,100.0,0.0,0.0,219.22,1.88,12.38,0.54,0.34
1044,37.5,0.0,100.0,0.0,0.0,100.0,0.0,0.0,237.16,2.5,10.72,0.62,0.31
1045,37.5,0.0,100.0,0.0,0.0,100.0,0.0,0.0,302.62,12.5,8.16,0.62,0.3
1046,37.5,0.0,100.0,0.0,0.0,100.0,0.0,0.0,267.1,2.5,14.85,0.62,0.32
1047,37.5,0.0,100.0,0.0,0.0,100.0,0.0,0.0,271.94,14.0,5.11,0.62,0.33
1048,37.5,0.0,100.0,0.0,0.0,100.0,0.0,0.0,330.88,12.25,9.11,0.62,0.3
1049,37.5,0.0,100.0,0.0,0.0,100.0,0.0,0.0,370.08,12.25,7.41,0.62,0.32
1050,37.5,0.0,100.0,0.0,0.0,100.0,0.0,0.0,283.35,12.25,5.08,0.62,0.34
1051,37.5,0.0,100.0,0.0,0.0,100.0,0.0,0.0,355.06,8.0,7.44,0.62,0.31
1052,37.5,0.0,100.0,0.0,0.0,100.0,0.0,0.0,379.82,8.0,7.62,0.62,0.3
1053,37.5,0.0,100.0,0.0,0.0,100.0,0.0,0.0,309.6,6.5,7.67,0.62,0.3
1054,37.5,0.0,100.0,0.0,0.0,100.0,0.0,0.0,271.75,14.0,7.59,0.62,0.35
1055,37.5,0.0,100.0,0.0,0.0,100.0,0.0,0.0,296.44,12.5,7.05,0.62,0.3
1056,37.5,0.0,100.0,0.0,0.0,100.0,0.0,0.0,250.09,14.0,3.89,0.62,0.31
1057,37.5,0.0,100.0,0.0,0.0,100.0,0.0,0.0,298.04,16.0,5.02,0.62,0.37
1058,37.5,0.0,100.0,0.0,0.0,100.0,0.0,0.0,351.4,3.25,12.39,0.62,0.36
1059,37.5,0.0,100.0,0.0,0.0,100.0,0.0,0.0,218.56,14.0,5.55,0.62,0.35
1060,37.5,0.0,100.0,0.0,0.0,100.0,0.0,0.0,287.81,16.0,4.22,0.62,0.35
1061,37.5,0.0,100.0,0.0,0.0,100.0,0.0,0.0,344.51,2.0,13.68,0.62,0.37
1062,37.5,0.0,100.0,0.0,0.0,100.0,0.0,0.0,139.82,14.0,3.42,0.62,0.37
1063,37.5,0.0,100.0,0.0,0.0,100.0,0.0,0.0,265.54,14.0,7.03,0.62,0.37
1064,37.5,0.0,100.0,0.0,0.0,100.0,0.0,0.0,290.89,16.0,6.12,0.62,0.36
1065,37.5,0.0,100.0,0.0,0.0,100.0,0.0,0.0,285.35,6.5,11.12,0.62,0.36
1066,37.5,0.0,100.0,0.0,0.0,100.0,0.0,0.0,408.87,16.0,6.7,0.62,0.34
1067,37.5,0.0,100.0,0.0,0.0,100.0,0.0,0.0,281.33,14.0,4.47,0.62,0.34
1068,37.5,0.0,100.0,0.0,0.0,100.0,0.0,0.0,307.06,16.0,6.08,0.62,0.39
1069,37.5,0.0,100.0,0.0,0.0,100.0,0.0,0.0,266.16,16.0,2.6,0.62,0.37
1070,37.5,0.0,100.0,0.0,0.0,100.0,0.0,0.0,403.19,16.0,4.24,0.62,0.36
1071,37.5,0.0,100.0,0.0,0.0,100.0,0.0,0.0,326.54,7.0,8.83,0.62,0.36
1072,37.5,0.0,100.0,0.0,0.0,100.0,0.0,0.0,341.02,7.0,7.76,0.62,0.38
1073,37.5,0.0,100.0,0.0,0.0,100.0,0.0,0.0,369.4,16.0,5.18,0.62,0.37
1074,37.5,0.0,100.0,0.0,0.0,100.0,0.0,0.0,244.65,8.0,8.14,0.62,0.4
1075,37.5,0.0,100.0,0.0,0.0,100.0,0.0,0.0,151.51,14.0,6.14,0.62,0.37
1076,37.5,0.0,100.0,0.0,0.0,100.0,0.0,0.0,303.11,16.0,5.62,0.62,0.36
1077,37.5,0.0,100.0,0.0,0.0,100.0,0.0,0.0,237.92,7.0,10.6,0.62,0.37
1078,37.5,0.0,100.0,0.0,0.0,100.0,0.0,0.0,449.08,16.0,6.39,0.62,0.37
1079,37.5,0.0,100.0,0.0,0.0,100.0,0.0,0.0,331.01,12.5,9.55,0.62,0.37
1080,37.5,0.0,100.0,0.0,0.0,100.0,0.0,0.0,236.03,3.25,13.61,0.62,0.41
1081,37.5,0.0,100.0,0.0,0.0,100.0,0.0,0.0,396.02,7.0,8.53,0.62,0.36
1082,37.5,0.0,100.0,0.0,0.0,100.0,0.0,0.0,220.86,8.0,7.14,0.62,0.37
1083,37.5,0.0,100.0,0.0,0.0,100.0,0.0,0.0,296.08,13.0,4.92,0.62,0.36
1084,37.5,0.0,100.0,0.0,0.0,100.0,0.0,0.0,323.93,8.0,7.99,0.62,0.37
1085,37.5,0.0,100.0,0.0,0.0,100.0,0.0,0.0,305.1,2.0,14.78,0.62,0.37
1086,37.5,0.0,100.0,0.0,0.0,100.0,0.0,0.0,170.71,14.0,3.23,0.62,0.39
1087,37.5,0.0,100.0,0.0,0.0,100.0,0.0,0.0,268.52,14.0,7.57,0.62,0.37
1088,37.5,0.0,100.0,0.0,0.0,100.0,0.0,0.0,300.13,16.0,4.66,0.62,0.37
1089,37.5,0.0,100.0,0.0,0.0,100.0,0.0,0.0,314.53,16.0,5.33,0.62,0.38
1090,37.5,0.0,100.0,0.0,0.0,100.0,0.0,0.0,161.51,16.0,5.15,0.62,0.44
1091,37.5,0.0,100.0,0.0,0.0,100.0,0.0,0.0,438.06,14.0,5.02,0.62,0.38
1092,37.5,0.0,100.0,0.0,0.0,100.0,0.0,0.0,192.34,8.0,8.28,0.62,0.36
1093,37.5,0.0,100.0,0.0,0.0,100.0,0.0,0.0,207.65,16.0,4.58,0.62,0.36
1094,37.5,0.0,100.0,0.0,0.0,100.0,0.0,0.0,474.79,8.0,7.21,0.62,0.35
1095,37.5,0.0,100.0,0.0,0.0,100.0,0.0,0.0,261.56,16.0,7.31,0.62,0.36
1096,37.5,0.0,100.0,0.0,0.0,100.0,0.0,0.0,363.89,6.25,8.52,0.62,0.35
1097,37.5,0.0,100.0,0.0,0.0,100.0,0.0,0.0,275.02,7.0,9.24,0.62,0.4
1098,37.5,0.0,100.0,0.0,0.0,100.0,0.0,0.0,302.96,2.0,9.4,0.62,0.36
1099,37.5,0.0,100.0,0.0,0.0,100.0,0.0,0.0,204.42,16.0,5.24,0.62,0.36
1100,37.5,0.0,100.0,0.0,0.0,100.0,0.0,0.0,281.9,14.0,7.12,0.62,0.36
1101,37.5,0.0,100.0,0.0,0.0,100.0,0.0,0.0,272.88,16.0,4.01,0.62,0.36
1102,37.5,0.0,100.0,0.0,0.0,100.0,0.0,0.0,436.78,16.0,4.19,0.62,0.35
1103,37.5,0.0,100.0,0.0,0.0,100.0,0.0,0.0,269.41,16.0,6.94,0.62,0.38
1104,37.5,0.0,100.0,0.0,0.0,100.0,0.0,0.0,284.1,13.0,7.61,0.62,0.37
1105,37.5,0.0,100.0,0.0,0.0,100.0,0.0,0.0,382.45,4.0,12.51,0.62,0.35
1106,37.5,0.0,100.0,0.0,0.0,100.0,0.0,0.0,401.49,14.0,4.88,0.62,0.38
1107,37.5,0.0,100.0,0.0,0.0,100.0,0.0,0.0,302.72,16.0,4.32,0.62,0.4
1108,37.5,0.0,100.0,0.0,0.0,100.0,0.0,0.0,391.16,16.0,5.63,0.62,0.36
1109,37.5,0.0,100.0,0.0,0.0,100.0,0.0,0.0,192.91,12.5,6.17,0.62,0.39
1110,37.5,0.0,100.0,0.0,0.0,100.0,0.0,0.0,365.08,6.5,7.08,0.62,0.36
1111,37.5,0.0,100.0,0.0,0.0,100.0,0.0,0.0,371.57,6.5,7.25,0.62,0.36
1112,37.5,0.0,100.0,0.0,0.0,100.0,0.0,0.0,172.47,12.25,7.77,0.62,0.37
1113,37.5,0.0,100.0,0.0,0.0,100.0,0.0,0.0,245.77,14.0,6.58,0.62,0.38
1114,37.5,0.0,100.0,0.0,0.0,100.0,0.0,0.0,300.4,16.0,5.15,0.62,0.38
1115,37.5,0.0,100.0,0.0,0.0,100.0,0.0,0.0,266.66,16.0,4.2,0.62,0.37
1116,37.5,0.0,100.0,0.0,0.0,100.0,0.0,0.0,97.06,3.25,13.31,0.62,0.35
1117,37.5,0.0,100.0,0.0,0.0,100.0,0.0,0.0,462.92,16.0,3.42,0.62,0.36
1118,37.5,0.0,100.0,0.0,0.0,100.0,0.0,0.0,261.84,16.0,6.69,0.62,0.33
1119,37.5,0.0,100.0,0.0,0.0,100.0,0.0,0.0,261.87,12.5,7.19,0.62,0.31
1120,37.5,0.0,100.0,0.0,0.0,100.0,0.0,0.0,352.55,6.25,6.23,0.62,0.32
1121,37.5,0.0,100.0,0.0,0.0,100.0,0.0,0.0,237.71,13.0,9.26,0.62,0.33
1122,37.5,0.0,100.0,0.0,0.0,100.0,0.0,0.0,208.73,16.0,4.66,0.62,0.32
1123,37.5,0.0,100.0,0.0,0.0,100.0,0.0,0.0,249.59,14.0,5.57,0.62,0.3
1124,37.5,0.0,100.0,0.0,0.0,100.0,0.0,0.0,211.28,13.0,7.49,0.62,0.3
1125,37.5,0.0,100.0,0.0,0.0,100.0,0.0,0.0,253.67,8.0,6.1,0.62,0.3
1126,37.5,0.0,100.0,0.0,0.0,100.0,0.0,0.0,395.99,13.0,7.32,0.62,0.3
1127,37.5,0.0,100.0,0.0,0.0,100.0,0.0,0.0,183.38,14.0,5.5,0.62,0.33
1128,37.5,0.0,100.0,0.0,0.0,100.0,0.0,0.0,306.18,16.0,6.09,0.62,0.31
1129,37.5,0.0,100.0,0.0,0.0,100.0,0.0,0.0,393.93,6.5,6.63,0.62,0.31
1130,37.5,0.0,100.0,0.0,0.0,100.0,0.0,0.0,159.64,14.0,4.59,0.62,0.31
1131,37.5,0.0,100.0,0.0,0.0,100.0,0.0,0.0,463.31,13.0,9.09,0.62,0.29
1132,37.5,0.0,100.0,0.0,0.0,100.0,0.0,0.0,285.24,14.0,5.02,0.62,0.3
1133,37.5,0.0,100.0,0.0,0.0,100.0,0.0,0.0,263.69,8.0,5.02,0.62,0.31
1134,37.5,0.0,100.0,0.0,0.0,100.0,0.0,0.0,422.67,6.25,10.04,0.62,0.34
1135,37.5,0.0,100.0,0.0,0.0,100.0,0.0,0.0,412.72,7.0,6.26,0.62,0.31
1136,37.5,0.0,100.0,0.0,0.0,100.0,0.0,0.0,289.23,6.5,8.57,0.62,0.3
1137,37.5,0.0,100.0,0.0,0.0,100.0,0.0,0.0,278.48,14.0,4.7,0.62,0.33
1138,37.5,0.0,100.0,0.0,0.0,100.0,0.0,0.0,202.2,14.0,7.42,0.62,0.37
1139,37.5,0.0,100.0,0.0,0.0,100.0,0.0,0.0,194.5,14.0,5.44,0.62,0.38
1140,37.5,0.0,100.0,0.0,0.0,100.0,0.0,0.0,208.83,14.0,5.31,0.62,0.39
1141,37.5,0.0,100.0,0.0,0.0,100.0,0.0,0.0,249.4,14.0,6.22,0.62,0.38
1142,37.5,0.0,100.0,0.0,0.0,100.0,0.0,0.0,397.08,12.25,7.02,0.62,0.37
1143,37.5,0.0,100.0,0.0,0.0,100.0,0.0,0.0,293.68,13.0,8.35,0.62,0.36
1144,37.5,0.0,100.0,0.0,0.0,100.0,0.0,0.0,386.2,8.0,6.6,0.62,0.37
1145,37.5,0.0,100.0,0.0,0.0,100.0,0.0,0.0,226.39,12.5,7.89,0.62,0.37
1146,37.5,0.0,100.0,0.0,0.0,100.0,0.0,0.0,140.0,16.0,3.66,0.62,0.41
1147,37.5,0.0,100.0,0.0,0.0,100.0,0.0,0.0,233.71,7.0,10.77,0.62,0.34
1148,37.5,0.0,100.0,0.0,0.0,100.0,0.0,0.0,248.68,14.0,5.0,0.62,0.37
1149,37.5,0.0,100.0,0.0,0.0,100.0,0.0,0.0,383.64,12.5,6.34,0.62,0.34
1150,37.5,0.0,100.0,0.0,0.0,100.0,0.0,0.0,275.19,12.5,7.13,0.62,0.36
1151,37.5,0.0,100.0,0.0,0.0,100.0,0.0,0.0,279.22,8.0,7.57,0.62,0.35
1152,37.5,0.0,100.0,0.0,0.0,100.0,0.0,0.0,287.3,14.0,6.18,0.62,0.4
1153,37.5,0.0,100.0,0.0,0.0,100.0,0.0,0.0,319.67,6.25,9.48,0.62,0.38
1154,37.5,0.0,100.0,0.0,0.0,100.0,0.0,0.0,248.2,13.0,6.79,0.62,0.35
1155,37.5,0.0,100.0,0.0,0.0,100.0,0.0,0.0,307.91,16.0,6.34,0.62,0.38
1156,44.22,0.0,100.0,0.0,0.0,100.0,0.0,0.0,216.04,1.08,12.62,0.57,0.37
1157,37.5,0.0,100.0,0.0,0.0,100.0,0.0,0.0,307.96,8.0,7.93,0.62,0.37
1158,37.5,0.0,100.0,0.0,0.0,100.0,0.0,0.0,141.85,6.25,7.25,0.62,0.39
1159,37.5,0.0,100.0,0.0,0.0,100.0,0.0,0.0,262.46,7.0,8.08,0.62,0.35
1160,37.5,0.0,100.0,0.0,0.0,100.0,0.0,0.0,281.56,1.75,15.06,0.62,0.37
1161,37.5,0.0,100.0,0.0,0.0,100.0,0.0,0.0,295.57,6.5,9.52,0.62,0.34
1162,37.5,0.0,100.0,0.0,0.0,100.0,0.0,0.0,301.83,13.0,7.17,0.62,0.39
1163,37.5,0.0,100.0,0.0,0.0,100.0,0.0,0.0,200.27,14.0,6.11,0.62,0.38
1164,37.5,0.0,100.0,0.0,0.0,100.0,0.0,0.0,287.22,1.75,13.47,0.62,0.37
1165,37.5,0.0,100.0,0.0,0.0,100.0,0.0,0.0,272.22,6.25,8.43,0.62,0.38
1166,37.5,0.0,100.0,0.0,0.0,100.0,0.0,0.0,203.66,8.0,6.6,0.62,0.36
1167,37.5,0.0,100.0,0.0,0.0,100.0,0.0,0.0,266.5,6.25,10.37,0.62,0.38
1168,37.5,0.0,100.0,0.0,0.0,100.0,0.0,0.0,269.85,6.25,7.94,0.62,0.34
1169,37.5,0.0,100.0,0.0,0.0,100.0,0.0,0.0,378.57,6.5,10.58,0.62,0.41
1170,37.5,0.0,100.0,0.0,0.0,100.0,0.0,0.0,165.14,14.0,5.02,0.62,0.37
1171,37.5,0.0,100.0,0.0,0.0,100.0,0.0,0.0,196.53,8.0,8.44,0.62,0.36
1172,37.5,0.0,100.0,0.0,0.0,100.0,0.0,0.0,276.54,12.5,8.31,0.62,0.39
1173,37.5,0.0,100.0,0.0,0.0,100.0,0.0,0.0,320.43,6.5,7.83,0.62,0.35
1174,37.5,0.0,100.0,0.0,0.0,100.0,0.0,0.0,137.51,14.0,4.69,0.62,0.37
1175,37.5,0.0,100.0,0.0,0.0,100.0,0.0,0.0,262.02,16.0,4.54,0.62,0.38
1176,37.5,0.0,100.0,0.0,0.0,100.0,0.0,0.0,401.07,14.0,7.0,0.62,0.37
1177,37.5,0.0,100.0,0.0,0.0,100.0,0.0,0.0,97.15,4.0,11.49,0.62,0.37
1178,37.5,0.0,100.0,0.0,0.0,100.0,0.0,0.0,342.93,13.0,7.33,0.62,0.35
1179,37.5,0.0,100.0,0.0,0.0,100.0,0.0,0.0,342.12,1.75,13.35,0.62,0.36
1180,37.5,0.0,100.0,0.0,0.0,100.0,0.0,0.0,291.76,8.0,8.19,0.62,0.34
1181,37.5,0.0,100.0,0.0,0.0,100.0,0.0,0.0,359.94,12.5,6.42,0.62,0.39
1182,37.5,0.0,100.0,0.0,0.0,100.0,0.0,0.0,284.08,12.25,8.35,0.62,0.37
1183,37.5,0.0,100.0,0.0,0.0,100.0,0.0,0.0,251.99,8.0,9.5,0.62,0.37
1184,37.5,0.0,100.0,0.0,0.0,100.0,0.0,0.0,452.6,14.0,5.88,0.62,0.36
1185,37.5,0.0,100.0,0.0,0.0,100.0,0.0,0.0,209.47,6.5,9.91,0.62,0.36
1186,37.5,0.0,100.0,0.0,0.0,100.0,0.0,0.0,206.8,16.0,4.83,0.62,0.37
1187,37.5,0.0,100.0,0.0,0.0,100.0,0.0,0.0,432.49,14.0,3.37,0.62,0.38
1188,37.5,0.0,100.0,0.0,0.0,100.0,0.0,0.0,98.87,7.0,9.27,0.62,0.38
1189,37.5,0.0,100.0,0.0,0.0,100.0,0.0,0.0,288.23,16.0,3.6,0.62,0.35
1190,37.5,0.0,100.0,0.0,0.0,100.0,0.0,0.0,207.04,16.0,4.8,0.62,0.36
1191,37.5,0.0,100.0,0.0,0.0,100.0,0.0,0.0,119.25,14.0,4.65,0.62,0.37
1192,37.5,0.0,100.0,0.0,0.0,100.0,0.0,0.0,330.38,7.0,8.65,0.62,0.36
1193,37.5,0.0,100.0,0.0,0.0,100.0,0.0,0.0,110.03,12.5,8.58,0.62,0.46
1194,37.5,0.0,100.0,0.0,0.0,100.0,0.0,0.0,115.19,3.5,14.42,0.62,0.36
1195,37.5,0.0,100.0,0.0,0.0,100.0,0.0,0.0,270.58,7.0,11.98,0.62,0.38
1196,37.5,0.0,100.0,0.0,0.0,100.0,0.0,0.0,251.95,14.0,7.05,0.62,0.35
1197,37.5,0.0,100.0,0.0,0.0,100.0,0.0,0.0,380.08,6.5,10.23,0.62,0.35
1198,37.5,0.0,100.0,0.0,0.0,100.0,0.0,0.0,401.22,3.5,13.32,0.62,0.35
1199,37.5,0.0,100.0,0.0,0.0,100.0,0.0,0.0,284.6,1.75,11.11,0.62,0.31
1200,37.5,0.0,100.0,0.0,0.0,100.0,0.0,0.0,296.99,16.0,4.79,0.62,0.31
1201,37.5,0.0,100.0,0.0,0.0,100.0,0.0,0.0,295.44,1.75,11.44,0.62,0.3
1202,37.5,0.0,100.0,0.0,0.0,100.0,0.0,0.0,236.82,16.0,4.63,0.62,0.31
1203,37.5,0.0,100.0,0.0,0.0,100.0,0.0,0.0,307.7,7.0,12.18,0.62,0.32
1204,37.5,0.0,100.0,0.0,0.0,100.0,0.0,0.0,258.03,12.5,8.97,0.62,0.31
1205,37.5,0.0,100.0,0.0,0.0,100.0,0.0,0.0,224.88,16.0,4.43,0.62,0.34
1206,24.56,0.13,87.0,13.0,0.0,87.0,0.0,0.0,125.01,1.81,11.5,0.57,0.31
1207,37.5,0.0,100.0,0.0,0.0,100.0,0.0,0.0,394.06,12.25,7.5,0.62,0.32
1208,37.5,0.0,100.0,0.0,0.0,100.0,0.0,0.0,326.56,14.0,6.06,0.62,0.3
1209,37.5,0.0,100.0,0.0,0.0,100.0,0.0,0.0,368.82,16.0,4.34,0.62,0.32
1210,40.82,0.07,93.0,7.0,0.0,93.0,0.0,0.0,203.76,1.33,14.2,0.52,0.3
1211,37.5,0.0,100.0,0.0,0.0,100.0,0.0,0.0,284.76,8.0,7.11,0.62,0.31
1212,37.5,0.0,100.0,0.0,0.0,100.0,0.0,0.0,233.97,12.25,8.2,0.62,0.38
1213,37.5,0.0,100.0,0.0,0.0,100.0,0.0,0.0,227.52,16.0,4.34,0.62,0.33
1214,37.5,0.0,100.0,0.0,0.0,100.0,0.0,0.0,346.02,16.0,5.43,0.62,0.3
1215,37.5,0.0,100.0,0.0,0.0,100.0,0.0,0.0,247.24,14.0,6.87,0.62,0.3
1216,37.5,0.0,100.0,0.0,0.0,100.0,0.0,0.0,398.66,2.5,14.91,0.62,0.32
1217,37.5,0.0,100.0,0.0,0.0,100.0,0.0,0.0,151.15,14.0,5.41,0.62,0.36
1218,37.5,0.0,100.0,0.0,0.0,100.0,0.0,0.0,313.56,14.0,5.16,0.62,0.39
1219,37.5,0.0,100.0,0.0,0.0,100.0,0.0,0.0,232.98,13.0,7.13,0.62,0.38
1220,37.5,0.0,100.0,0.0,0.0,100.0,0.0,0.0,407.03,14.0,6.32,0.62,0.33
1221,37.5,0.0,100.0,0.0,0.0,100.0,0.0,0.0,233.4,16.0,5.19,0.62,0.34
1222,37.5,0.0,100.0,0.0,0.0,100.0,0.0,0.0,409.36,13.0,7.36,0.62,0.35
1223,37.5,0.0,100.0,0.0,0.0,100.0,0.0,0.0,311.14,13.0,9.19,0.62,0.35
1224,37.5,0.0,100.0,0.0,0.0,100.0,0.0,0.0,434.37,13.0,6.86,0.62,0.4
1225,37.5,0.0,100.0,0.0,0.0,100.0,0.0,0.0,297.82,14.0,8.56,0.62,0.39
1226,37.5,0.0,100.0,0.0,0.0,100.0,0.0,0.0,157.3,6.5,8.87,0.62,0.38
1227,37.5,0.0,100.0,0.0,0.0,100.0,0.0,0.0,403.02,13.0,7.8,0.62,0.36
1228,37.5,0.0,100.0,0.0,0.0,100.0,0.0,0.0,432.73,14.0,7.56,0.62,0.38
1229,37.5,0.0,100.0,0.0,0.0,100.0,0.0,0.0,276.2,16.0,3.32,0.62,0.34
1230,37.5,0.0,100.0,0.0,0.0,100.0,0.0,0.0,292.94,16.0,4.83,0.62,0.41
1231,48.23,0.04,96.0,4.0,0.0,96.0,0.0,0.0,181.53,1.0,11.74,0.59,0.37
1232,37.5,0.0,100.0,0.0,0.0,100.0,0.0,0.0,237.66,14.0,7.3,0.62,0.37
1233,37.5,0.0,100.0,0.0,0.0,100.0,0.0,0.0,438.7,14.0,4.89,0.62,0.35
1234,37.5,0.0,100.0,0.0,0.0,100.0,0.0,0.0,243.28,16.0,4.02,0.62,0.35
1235,37.5,0.0,100.0,0.0,0.0,100.0,0.0,0.0,203.74,14.0,6.51,0.62,0.38
1236,37.5,0.0,100.0,0.0,0.0,100.0,0.0,0.0,375.75,16.0,3.18,0.62,0.37
1237,37.5,0.0,100.0,0.0,0.0,100.0,0.0,0.0,366.45,14.0,6.85,0.62,0.36
1238,37.5,0.0,100.0,0.0,0.0,100.0,0.0,0.0,403.74,6.5,8.78,0.62,0.34
1239,37.5,0.0,100.0,0.0,0.0,100.0,0.0,0.0,301.4,6.5,7.51,0.62,0.38
1240,37.5,0.0,100.0,0.0,0.0,100.0,0.0,0.0,177.05,8.0,7.55,0.62,0.37
1241,37.5,0.0,100.0,0.0,0.0,100.0,0.0,0.0,348.73,14.0,8.44,0.62,0.38
1242,37.5,0.0,100.0,0.0,0.0,100.0,0.0,0.0,157.37,14.0,4.64,0.62,0.37
1243,37.5,0.0,100.0,0.0,0.0,100.0,0.0,0.0,295.4,6.5,8.39,0.62,0.35
1244,37.5,0.0,100.0,0.0,0.0,100.0,0.0,0.0,369.42,8.0,7.42,0.62,0.35
1245,37.5,0.0,100.0,0.0,0.0,100.0,0.0,0.0,373.78,12.25,6.92,0.62,0.36
1246,37.5,0.0,100.0,0.0,0.0,100.0,0.0,0.0,355.66,14.0,7.72,0.62,0.36
1247,37.5,0.0,100.0,0.0,0.0,100.0,0.0,0.0,321.42,12.25,6.29,0.62,0.4
1248,37.5,0.0,100.0,0.0,0.0,100.0,0.0,0.0,448.1,6.5,11.75,0.62,0.35
1249,38.97,0.06,94.0,6.0,0.0,94.0,0.0,0.0,161.5,1.25,10.21,0.54,0.41
1250,37.5,0.0,100.0,0.0,0.0,100.0,0.0,0.0,405.82,14.0,6.95,0.62,0.4
1251,37.5,0.0,100.0,0.0,0.0,100.0,0.0,0.0,346.93,12.25,7.0,0.62,0.38
1252,37.5,0.0,100.0,0.0,0.0,100.0,0.0,0.0,427.41,16.0,6.06,0.62,0.36
1253,37.5,0.0,100.0,0.0,0.0,100.0,0.0,0.0,238.99,6.25,7.42,0.62,0.39
1254,37.5,0.0,100.0,0.0,0.0,100.0,0.0,0.0,242.52,6.5,10.18,0.62,0.36
1255,37.5,0.0,100.0,0.0,0.0,100.0,0.0,0.0,369.75,12.25,7.63,0.62,0.35
1256,37.5,0.0,100.0,0.0,0.0,100.0,0.0,0.0,278.73,6.5,9.1,0.62,0.37
1257,37.5,0.0,100.0,0.0,0.0,100.0,0.0,0.0,182.79,7.0,9.23,0.62,0.37
1258,37.5,0.0,100.0,0.0,0.0,100.0,0.0,0.0,352.64,13.0,8.55,0.62,0.36
1259,37.5,0.0,100.0,0.0,0.0,100.0,0.0,0.0,188.12,16.0,4.12,0.62,0.39
1260,37.5,0.0,100.0,0.0,0.0,100.0,0.0,0.0,248.33,16.0,5.01,0.62,0.35
1261,36.95,0.06,94.0,6.0,0.0,94.0,0.0,0.0,114.23,1.84,13.3,0.55,0.38
1262,37.5,0.0,100.0,0.0,0.0,100.0,0.0,0.0,272.78,16.0,4.45,0.62,0.37
1263,37.5,0.0,100.0,0.0,0.0,100.0,0.0,0.0,152.15,12.25,7.98,0.62,0.37
1264,37.5,0.0,100.0,0.0,0.0,100.0,0.0,0.0,412.42,8.0,7.44,0.62,0.39
1265,37.5,0.0,100.0,0.0,0.0,100.0,0.0,0.0,195.29,16.0,6.18,0.62,0.36
1266,37.5,0.0,100.0,0.0,0.0,100.0,0.0,0.0,339.42,12.25,6.21,0.62,0.37
1267,37.5,0.0,100.0,0.0,0.0,100.0,0.0,0.0,244.63,12.25,6.27,0.62,0.34
1268,37.5,0.0,100.0,0.0,0.0,100.0,0.0,0.0,356.3,6.5,8.53,0.62,0.41
1269,37.5,0.0,100.0,0.0,0.0,100.0,0.0,0.0,113.31,12.25,8.88,0.62,0.38
1270,37.5,0.0,100.0,0.0,0.0,100.0,0.0,0.0,412.05,14.0,5.31,0.62,0.39
1271,37.5,0.0,100.0,0.0,0.0,100.0,0.0,0.0,355.82,6.25,12.27,0.62,0.38
1272,37.5,0.0,100.0,0.0,0.0,100.0,0.0,0.0,383.04,14.0,6.12,0.62,0.35
1273,37.5,0.0,100.0,0.0,0.0,100.0,0.0,0.0,385.74,14.0,5.54,0.62,0.37
1274,37.5,0.0,100.0,0.0,0.0,100.0,0.0,0.0,240.5,8.0,5.97,0.62,0.34
1275,37.5,0.0,100.0,0.0,0.0,100.0,0.0,0.0,440.24,13.0,8.71,0.62,0.36
1276,37.5,0.0,100.0,0.0,0.0,100.0,0.0,0.0,133.2,16.0,4.62,0.62,0.39
1277,37.5,0.0,100.0,0.0,0.0,100.0,0.0,0.0,348.83,16.0,5.18,0.62,0.35
1278,37.5,0.0,100.0,0.0,0.0,100.0,0.0,0.0,345.83,13.0,8.75,0.62,0.3
1279,37.5,0.0,100.0,0.0,0.0,100.0,0.0,0.0,312.32,14.0,4.93,0.62,0.36
1280,37.5,0.0,100.0,0.0,0.0,100.0,0.0,0.0,347.2,14.0,5.3,0.62,0.31
1281,37.5,0.0,100.0,0.0,0.0,100.0,0.0,0.0,246.34,14.0,7.48,0.62,0.31
1282,37.5,0.0,100.0,0.0,0.0,100.0,0.0,0.0,362.04,12.25,5.61,0.62,0.34
1283,37.5,0.0,100.0,0.0,0.0,100.0,0.0,0.0,374.14,6.25,8.14,0.62,0.29
1284,37.5,0.0,100.0,0.0,0.0,100.0,0.0,0.0,403.17,13.0,7.24,0.62,0.31
1285,37.5,0.0,100.0,0.0,0.0,100.0,0.0,0.0,201.52,14.0,5.81,0.62,0.32
1286,37.5,0.0,100.0,0.0,0.0,100.0,0.0,0.0,186.23,3.25,13.7,0.62,0.31
1287,37.5,0.0,100.0,0.0,0.0,100.0,0.0,0.0,416.06,16.0,4.03,0.62,0.3
1288,37.5,0.0,100.0,0.0,0.0,100.0,0.0,0.0,254.7,12.25,5.69,0.62,0.33
1289,37.5,0.0,100.0,0.0,0.0,100.0,0.0,0.0,321.61,12.25,6.15,0.62,0.35
1290,37.5,0.0,100.0,0.0,0.0,100.0,0.0,0.0,252.18,6.25,8.54,0.62,0.29
1291,44.74,0.03,97.0,3.0,0.0,97.0,0.0,0.0,191.43,1.04,15.02,0.53,0.32
1292,37.5,0.0,100.0,0.0,0.0,100.0,0.0,0.0,256.31,7.0,9.65,0.62,0.31
1293,37.5,0.0,100.0,0.0,0.0,100.0,0.0,0.0,141.77,12.25,6.72,0.62,0.29
1294,37.5,0.0,100.0,0.0,0.0,100.0,0.0,0.0,358.49,14.0,6.22,0.62,0.3
1295,37.5,0.0,100.0,0.0,0.0,100.0,0.0,0.0,263.17,16.0,3.21,0.62,0.31
1296,37.5,0.0,100.0,0.0,0.0,100.0,0.0,0.0,217.81,14.0,6.53,0.62,0.35
1297,37.5,0.0,100.0,0.0,0.0,100.0,0.0,0.0,167.98,14.0,3.69,0.62,0.36
1298,37.5,0.0,100.0,0.0,0.0,100.0,0.0,0.0,270.1,14.0,5.43,0.62,0.36
1299,37.5,0.0,100.0,0.0,0.0,100.0,0.0,0.0,229.76,14.0,6.25,0.62,0.35
1300,37.5,0.0,100.0,0.0,0.0,100.0,0.0,0.0,286.44,16.0,5.12,0.62,0.36
1301,37.5,0.0,100.0,0.0,0.0,100.0,0.0,0.0,250.44,3.25,15.09,0.62,0.36
1302,37.5,0.0,100.0,0.0,0.0,100.0,0.0,0.0,294.33,12.5,9.27,0.62,0.38
1303,36.37,0.07,93.0,7.0,0.0,93.0,0.0,0.0,184.01,1.78,13.79,0.56,0.35
1304,41.99,0.03,97.0,3.0,0.0,97.0,0.0,0.0,84.03,1.34,15.02,0.57,0.35
1305,37.5,0.0,100.0,0.0,0.0,100.0,0.0,0.0,276.31,13.0,7.19,0.62,0.37
1306,37.5,0.0,100.0,0.0,0.0,100.0,0.0,0.0,369.01,3.5,13.98,0.62,0.37
1307,37.5,0.0,100.0,0.0,0.0,100.0,0.0,0.0,343.24,13.0,9.27,0.62,0.39
1308,37.5,0.0,100.0,0.0,0.0,100.0,0.0,0.0,377.54,14.0,5.32,0.62,0.38
1309,37.5,0.0,100.0,0.0,0.0,100.0,0.0,0.0,302.08,6.5,9.64,0.62,0.34
1310,37.5,0.0,100.0,0.0,0.0,100.0,0.0,0.0,231.06,8.0,8.49,0.62,0.36
1311,37.5,0.0,100.0,0.0,0.0,100.0,0.0,0.0,194.83,12.5,9.09,0.62,0.35
1312,37.5,0.0,100.0,0.0,0.0,100.0,0.0,0.0,213.17,14.0,4.71,0.62,0.4
1313,37.5,0.0,100.0,0.0,0.0,100.0,0.0,0.0,295.68,12.5,7.13,0.62,0.39
1314,37.5,0.0,100.0,0.0,0.0,100.0,0.0,0.0,199.47,16.0,3.72,0.62,0.37
1315,37.5,0.0,100.0,0.0,0.0,100.0,0.0,0.0,305.34,14.0,6.15,0.62,0.38
1316,37.5,0.0,100.0,0.0,0.0,100.0,0.0,0.0,134.07,2.5,14.57,0.62,0.36
1317,37.5,0.0,100.0,0.0,0.0,100.0,0.0,0.0,350.13,16.0,4.11,0.62,0.35
1318,37.5,0.0,100.0,0.0,0.0,100.0,0.0,0.0,356.75,6.5,9.58,0.62,0.36
1319,37.5,0.0,100.0,0.0,0.0,100.0,0.0,0.0,179.35,7.0,10.47,0.62,0.38
1320,37.5,0.0,100.0,0.0,0.0,100.0,0.0,0.0,194.05,14.0,8.25,0.62,0.36
1321,37.5,0.0,100.0,0.0,0.0,100.0,0.0,0.0,161.68,14.0,6.39,0.62,0.33
1322,37.5,0.0,100.0,0.0,0.0,100.0,0.0,0.0,368.08,14.0,6.15,0.62,0.36
1323,37.5,0.0,100.0,0.0,0.0,100.0,0.0,0.0,237.71,2.0,12.33,0.62,0.36
1324,37.5,0.0,100.0,0.0,0.0,100.0,0.0,0.0,118.73,7.0,7.76,0.62,0.36
1325,37.5,0.0,100.0,0.0,0.0,100.0,0.0,0.0,276.36,13.0,7.04,0.62,0.36
1326,37.5,0.0,100.0,0.0,0.0,100.0,0.0,0.0,425.87,16.0,3.15,0.62,0.33
1327,37.5,0.0,100.0,0.0,0.0,100.0,0.0,0.0,302.85,12.5,8.99,0.62,0.33
1328,37.5,0.0,100.0,0.0,0.0,100.0,0.0,0.0,436.7,8.0,7.61,0.62,0.35
1329,37.5,0.0,100.0,0.0,0.0,100.0,0.0,0.0,131.03,8.0,5.99,0.62,0.36
1330,37.5,0.0,100.0,0.0,0.0,100.0,0.0,0.0,423.15,8.0,7.93,0.62,0.38
1331,37.5,0.0,100.0,0.0,0.0,100.0,0.0,0.0,414.38,4.0,12.91,0.62,0.46
1332,34.7,0.04,96.0,4.0,0.0,96.0,0.0,0.0,283.92,1.76,12.48,0.59,0.43
1333,37.5,0.0,100.0,0.0,0.0,100.0,0.0,0.0,468.46,7.0,9.96,0.62,0.37
1334,37.5,0.0,100.0,0.0,0.0,100.0,0.0,0.0,460.24,14.0,6.6,0.62,0.41
1335,37.5,0.0,100.0,0.0,0.0,100.0,0.0,0.0,341.81,14.0,6.25,0.62,0.39
1336,37.5,0.0,100.0,0.0,0.0,100.0,0.0,0.0,316.99,8.0,7.48,0.62,0.43
1337,37.5,0.0,100.0,0.0,0.0,100.0,0.0,0.0,484.76,3.25,11.8,0.62,0.41
1338,37.5,0.0,100.0,0.0,0.0,100.0,0.0,0.0,241.63,2.0,14.35,0.62,0.39
1339,37.5,0.0,100.0,0.0,0.0,100.0,0.0,0.0,324.43,6.25,9.13,0.62,0.39
1340,37.5,0.0,100.0,0.0,0.0,100.0,0.0,0.0,332.75,16.0,3.18,0.62,0.41
1341,37.5,0.0,100.0,0.0,0.0,100.0,0.0,0.0,325.62,6.25,9.07,0.62,0.43
1342,37.5,0.0,100.0,0.0,0.0,100.0,0.0,0.0,202.77,12.5,5.42,0.62,0.41
1343,37.5,0.0,100.0,0.0,0.0,100.0,0.0,0.0,376.43,6.5,7.71,0.62,0.37
1344,37.5,0.0,100.0,0.0,0.0,100.0,0.0,0.0,235.46,14.0,7.44,0.62,0.39
1345,37.5,0.0,100.0,0.0,0.0,100.0,0.0,0.0,307.02,8.0,8.26,0.62,0.35
1346,37.5,0.0,100.0,0.0,0.0,100.0,0.0,0.0,301.54,14.0,6.18,0.62,0.34
1347,37.5,0.0,100.0,0.0,0.0,100.0,0.0,0.0,181.96,12.5,7.79,0.62,0.36
1348,37.5,0.0,100.0,0.0,0.0,100.0,0.0,0.0,192.39,16.0,3.92,0.62,0.38
1349,37.5,0.0,100.0,0.0,0.0,100.0,0.0,0.0,248.01,8.0,7.14,0.62,0.34
1350,37.5,0.0,100.0,0.0,0.0,100.0,0.0,0.0,306.26,3.5,13.08,0.62,0.38
1351,37.5,0.0,100.0,0.0,0.0,100.0,0.0,0.0,242.92,14.0,4.93,0.62,0.36
1352,37.5,0.0,100.0,0.0,0.0,100.0,0.0,0.0,269.84,6.5,9.42,0.62,0.37
1353,37.5,0.0,100.0,0.0,0.0,100.0,0.0,0.0,289.4,16.0,4.05,0.62,0.36
1354,37.5,0.0,100.0,0.0,0.0,100.0,0.0,0.0,300.63,8.0,8.57,0.62,0.38
1355,37.5,0.0,100.0,0.0,0.0,100.0,0.0,0.0,213.32,7.0,8.33,0.62,0.39
1356,37.5,0.0,100.0,0.0,0.0,100.0,0.0,0.0,314.02,12.5,7.18,0.62,0.35
1357,37.5,0.0,100.0,0.0,0.0,100.0,0.0,0.0,345.97,14.0,4.35,0.62,0.3
1358,37.5,0.0,100.0,0.0,0.0,100.0,0.0,0.0,393.37,8.0,7.97,0.62,0.31
1359,37.5,0.0,100.0,0.0,0.0,100.0,0.0,0.0,201.41,14.0,3.57,0.62,0.31
1360,37.5,0.0,100.0,0.0,0.0,100.0,0.0,0.0,237.16,14.0,8.67,0.62,0.34
1361,37.5,0.0,100.0,0.0,0.0,100.0,0.0,0.0,303.1,6.5,7.47,0.62,0.3
1362,37.5,0.0,100.0,0.0,0.0,100.0,0.0,0.0,204.54,14.0,5.45,0.62,0.31
1363,37.5,0.0,100.0,0.0,0.0,100.0,0.0,0.0,183.98,16.0,3.32,0.62,0.37
1364,37.5,0.0,100.0,0.0,0.0,100.0,0.0,0.0,345.77,16.0,4.69,0.62,0.31
1365,37.5,0.0,100.0,0.0,0.0,100.0,0.0,0.0,159.69,7.0,10.46,0.62,0.3
1366,37.5,0.0,100.0,0.0,0.0,100.0,0.0,0.0,277.24,14.0,8.16,0.62,0.33
1367,37.5,0.0,100.0,0.0,0.0,100.0,0.0,0.0,234.74,14.0,6.62,0.62,0.33
1368,37.5,0.0,100.0,0.0,0.0,100.0,0.0,0.0,211.79,16.0,3.0,0.62,0.3
1369,37.5,0.0,100.0,0.0,0.0,100.0,0.0,0.0,392.36,4.0,12.67,0.62,0.32
1370,37.5,0.0,100.0,0.0,0.0,100.0,0.0,0.0,292.97,16.0,5.13,0.62,0.31
1371,37.5,0.0,100.0,0.0,0.0,100.0,0.0,0.0,327.98,16.0,4.1,0.62,0.32
1372,37.5,0.0,100.0,0.0,0.0,100.0,0.0,0.0,227.98,14.0,5.18,0.62,0.33
1373,37.34,0.06,94.0,6.0,0.0,94.0,0.0,0.0,264.23,1.14,10.71,0.54,0.34
1374,37.5,0.0,100.0,0.0,0.0,100.0,0.0,0.0,264.41,14.0,5.21,0.62,0.32
1375,37.5,0.0,100.0,0.0,0.0,100.0,0.0,0.0,278.01,12.25,5.19,0.62,0.31
1376,37.5,0.0,100.0,0.0,0.0,100.0,0.0,0.0,398.56,16.0,4.88,0.62,0.33
1377,37.5,0.0,100.0,0.0,0.0,100.0,0.0,0.0,295.15,14.0,7.44,0.62,0.35
1378,37.5,0.0,100.0,0.0,0.0,100.0,0.0,0.0,241.43,1.75,14.67,0.62,0.37
1379,37.5,0.0,100.0,0.0,0.0,100.0,0.0,0.0,300.38,12.25,7.32,0.62,0.39
1380,37.5,0.0,100.0,0.0,0.0,100.0,0.0,0.0,332.24,14.0,6.47,0.62,0.36
1381,37.5,0.0,100.0,0.0,0.0,100.0,0.0,0.0,303.69,6.25,7.19,0.62,0.37
1382,37.5,0.0,100.0,0.0,0.0,100.0,0.0,0.0,399.34,12.25,9.39,0.62,0.34
1383,37.5,0.0,100.0,0.0,0.0,100.0,0.0,0.0,277.38,14.0,4.83,0.62,0.35
1384,37.5,0.0,100.0,0.0,0.0,100.0,0.0,0.0,323.36,14.0,6.04,0.62,0.34
1385,37.5,0.0,100.0,0.0,0.0,100.0,0.0,0.0,289.07,14.0,7.73,0.62,0.38
1386,37.5,0.0,100.0,0.0,0.0,100.0,0.0,0.0,319.72,7.0,7.83,0.62,0.37
1387,37.5,0.0,100.0,0.0,0.0,100.0,0.0,0.0,365.75,16.0,5.63,0.62,0.39
1388,37.5,0.0,100.0,0.0,0.0,100.0,0.0,0.0,232.8,14.0,4.84,0.62,0.35
1389,37.5,0.0,100.0,0.0,0.0,100.0,0.0,0.0,233.86,14.0,7.17,0.62,0.39
1390,37.5,0.0,100.0,0.0,0.0,100.0,0.0,0.0,304.18,16.0,3.5,0.62,0.38
1391,37.5,0.0,100.0,0.0,0.0,100.0,0.0,0.0,210.76,14.0,5.58,0.62,0.39
1392,37.5,0.0,100.0,0.0,0.0,100.0,0.0,0.0,304.97,14.0,4.46,0.62,0.37
1393,37.5,0.0,100.0,0.0,0.0,100.0,0.0,0.0,142.62,16.0,4.35,0.62,0.38
1394,37.5,0.0,100.0,0.0,0.0,100.0,0.0,0.0,415.26,6.5,9.35,0.62,0.37
1395,37.5,0.0,100.0,0.0,0.0,100.0,0.0,0.0,369.05,14.0,4.85,0.62,0.36
1396,37.5,0.0,100.0,0.0,0.0,100.0,0.0,0.0,258.8,12.5,6.76,0.62,0.34
1397,37.5,0.0,100.0,0.0,0.0,100.0,0.0,0.0,318.1,12.25,5.66,0.62,0.4
1398,44.13,0.05,95.0,5.0,0.0,95.0,0.0,0.0,161.16,1.82,12.73,0.54,0.38
1399,37.5,0.0,100.0,0.0,0.0,100.0,0.0,0.0,350.04,16.0,3.46,0.62,0.35
1400,37.5,0.0,100.0,0.0,0.0,100.0,0.0,0.0,242.51,2.5,12.74,0.62,0.34
1401,37.5,0.0,100.0,0.0,0.0,100.0,0.0,0.0,351.08,12.25,9.76,0.62,0.38
1402,37.5,0.0,100.0,0.0,0.0,100.0,0.0,0.0,290.04,7.0,10.34,0.62,0.39
1403,37.5,0.0,100.0,0.0,0.0,100.0,0.0,0.0,377.08,14.0,3.82,0.62,0.35
1404,37.5,0.0,100.0,0.0,0.0,100.0,0.0,0.0,360.58,6.5,6.97,0.62,0.36
1405,37.5,0.0,100.0,0.0,0.0,100.0,0.0,0.0,378.76,8.0,6.17,0.62,0.33
1406,37.5,0.0,100.0,0.0,0.0,100.0,0.0,0.0,221.15,14.0,6.96,0.62,0.34
1407,37.5,0.0,100.0,0.0,0.0,100.0,0.0,0.0,425.44,13.0,6.26,0.62,0.36
1408,37.5,0.0,100.0,0.0,0.0,100.0,0.0,0.0,356.01,14.0,8.11,0.62,0.36
1409,37.5,0.0,100.0,0.0,0.0,100.0,0.0,0.0,261.39,7.0,9.72,0.62,0.35
1410,37.5,0.0,100.0,0.0,0.0,100.0,0.0,0.0,232.28,16.0,4.89,0.62,0.38
1411,37.5,0.0,100.0,0.0,0.0,100.0,0.0,0.0,301.45,3.5,15.39,0.62,0.35
1412,37.5,0.0,100.0,0.0,0.0,100.0,0.0,0.0,286.08,12.25,8.94,0.62,0.34
1413,37.5,0.0,100.0,0.0,0.0,100.0,0.0,0.0,172.84,6.25,7.91,0.62,0.35
1414,37.5,0.0,100.0,0.0,0.0,100.0,0.0,0.0,292.93,8.0,6.49,0.62,0.37
1415,37.5,0.0,100.0,0.0,0.0,100.0,0.0,0.0,150.28,16.0,5.47,0.62,0.36
1416,37.5,0.0,100.0,0.0,0.0,100.0,0.0,0.0,247.27,14.0,5.91,0.62,0.35
1417,37.5,0.0,100.0,0.0,0.0,100.0,0.0,0.0,373.52,14.0,4.71,0.62,0.36
1418,37.5,0.0,100.0,0.0,0.0,100.0,0.0,0.0,237.47,2.5,12.09,0.62,0.36
1419,37.5,0.0,100.0,0.0,0.0,100.0,0.0,0.0,297.71,12.5,9.35,0.62,0.36
1420,37.5,0.0,100.0,0.0,0.0,100.0,0.0,0.0,329.83,6.25,11.26,0.62,0.39
1421,37.5,0.0,100.0,0.0,0.0,100.0,0.0,0.0,414.15,16.0,3.09,0.62,0.38
1422,37.5,0.0,100.0,0.0,0.0,100.0,0.0,0.0,302.76,14.0,5.1,0.62,0.4
1423,37.5,0.0,100.0,0.0,0.0,100.0,0.0,0.0,410.36,1.75,13.42,0.62,0.36
1424,37.5,0.0,100.0,0.0,0.0,100.0,0.0,0.0,179.75,14.0,5.28,0.62,0.35
1425,37.5,0.0,100.0,0.0,0.0,100.0,0.0,0.0,282.31,14.0,6.41,0.62,0.37
1426,37.5,0.0,100.0,0.0,0.0,100.0,0.0,0.0,269.87,8.0,7.25,0.62,0.39
1427,37.5,0.0,100.0,0.0,0.0,100.0,0.0,0.0,306.79,16.0,3.51,0.62,0.37
1428,37.5,0.0,100.0,0.0,0.0,100.0,0.0,0.0,334.5,14.0,4.97,0.62,0.38
1429,37.5,0.0,100.0,0.0,0.0,100.0,0.0,0.0,250.73,16.0,3.69,0.62,0.34
1430,37.5,0.0,100.0,0.0,0.0,100.0,0.0,0.0,323.35,6.25,11.75,0.62,0.39
1431,37.5,0.0,100.0,0.0,0.0,100.0,0.0,0.0,358.22,16.0,3.89,0.62,0.36
1432,37.5,0.0,100.0,0.0,0.0,100.0,0.0,0.0,150.4,16.0,5.17,0.62,0.38
1433,37.5,0.0,100.0,0.0,0.0,100.0,0.0,0.0,130.83,14.0,5.63,0.62,0.36
1434,37.5,0.0,100.0,0.0,0.0,100.0,0.0,0.0,208.9,12.25,8.59,0.62,0.37
1435,37.5,0.0,100.0,0.0,0.0,100.0,0.0,0.0,210.71,14.0,5.7,0.62,0.34
1436,37.5,0.0,100.0,0.0,0.0,100.0,0.0,0.0,292.81,7.0,11.31,0.62,0.34
1437,37.5,0.0,100.0,0.0,0.0,100.0,0.0,0.0,329.07,14.0,7.52,0.62,0.31
1438,37.5,0.0,100.0,0.0,0.0,100.0,0.0,0.0,476.72,13.0,9.28,0.62,0.33
1439,37.5,0.0,100.0,0.0,0.0,100.0,0.0,0.0,216.4,6.5,8.36,0.62,0.31
1440,37.5,0.0,100.0,0.0,0.0,100.0,0.0,0.0,176.63,14.0,4.55,0.62,0.31
1441,37.5,0.0,100.0,0.0,0.0,100.0,0.0,0.0,321.22,16.0,3.17,0.62,0.29
1442,37.5,0.0,100.0,0.0,0.0,100.0,0.0,0.0,319.55,16.0,3.21,0.62,0.31
1443,37.5,0.0,100.0,0.0,0.0,100.0,0.0,0.0,260.13,16.0,2.8,0.62,0.3
1444,37.5,0.0,100.0,0.0,0.0,100.0,0.0,0.0,200.95,16.0,5.22,0.62,0.33
1445,37.5,0.0,100.0,0.0,0.0,100.0,0.0,0.0,370.82,13.0,8.35,0.62,0.33
1446,37.5,0.0,100.0,0.0,0.0,100.0,0.0,0.0,266.57,8.0,6.28,0.62,0.31
1447,37.5,0.0,100.0,0.0,0.0,100.0,0.0,0.0,345.11,8.0,7.05,0.62,0.32
1448,37.5,0.0,100.0,0.0,0.0,100.0,0.0,0.0,140.93,8.0,8.34,0.62,0.3
1449,37.5,0.0,100.0,0.0,0.0,100.0,0.0,0.0,266.02,16.0,3.71,0.62,0.29
1450,37.5,0.0,100.0,0.0,0.0,100.0,0.0,0.0,150.86,16.0,3.82,0.62,0.3
1451,37.5,0.0,100.0,0.0,0.0,100.0,0.0,0.0,322.48,7.0,6.1,0.62,0.33
1452,37.5,0.0,100.0,0.0,0.0,100.0,0.0,0.0,337.43,13.0,8.7,0.62,0.32
1453,37.5,0.0,100.0,0.0,0.0,100.0,0.0,0.0,363.02,14.0,6.64,0.62,0.3
1454,37.5,0.0,100.0,0.0,0.0,100.0,0.0,0.0,432.39,6.5,11.04,0.62,0.37
1455,37.5,0.0,100.0,0.0,0.0,100.0,0.0,0.0,342.98,14.0,5.94,0.62,0.31
1456,49.4,0.13,87.0,13.0,0.0,87.0,0.0,0.0,266.79,1.0,15.98,0.6,0.29
1457,37.5,0.0,100.0,0.0,0.0,100.0,0.0,0.0,420.71,6.25,9.74,0.62,0.3
1458,37.5,0.0,100.0,0.0,0.0,100.0,0.0,0.0,297.44,7.0,9.23,0.62,0.37
1459,37.5,0.0,100.0,0.0,0.0,100.0,0.0,0.0,267.64,14.0,3.93,0.62,0.37
1460,37.5,0.0,100.0,0.0,0.0,100.0,0.0,0.0,329.81,16.0,5.14,0.62,0.43
1461,37.5,0.0,100.0,0.0,0.0,100.0,0.0,0.0,268.27,14.0,5.81,0.62,0.35
1462,37.5,0.0,100.0,0.0,0.0,100.0,0.0,0.0,98.53,14.0,5.83,0.62,0.4
1463,37.5,0.0,100.0,0.0,0.0,100.0,0.0,0.0,228.08,16.0,4.63,0.62,0.35
1464,37.5,0.0,100.0,0.0,0.0,100.0,0.0,0.0,166.54,13.0,5.47,0.62,0.37
1465,37.5,0.0,100.0,0.0,0.0,100.0,0.0,0.0,421.15,8.0,6.75,0.62,0.35
1466,37.5,0.0,100.0,0.0,0.0,100.0,0.0,0.0,244.35,12.5,7.87,0.62,0.36
1467,37.5,0.0,100.0,0.0,0.0,100.0,0.0,0.0,196.26,14.0,4.44,0.62,0.35
1468,28.58,0.07,93.0,7.0,0.0,93.0,0.0,0.0,361.42,1.01,15.62,0.6,0.35
1469,37.5,0.0,100.0,0.0,0.0,100.0,0.0,0.0,239.15,4.0,13.64,0.62,0.36
1470,37.5,0.0,100.0,0.0,0.0,100.0,0.0,0.0,264.14,6.25,10.25,0.62,0.38
1471,37.5,0.0,100.0,0.0,0.0,100.0,0.0,0.0,315.69,14.0,5.57,0.62,0.36
1472,37.5,0.0,100.0,0.0,0.0,100.0,0.0,0.0,388.6,2.5,12.74,0.62,0.36
1473,37.5,0.0,100.0,0.0,0.0,100.0,0.0,0.0,261.24,14.0,6.46,0.62,0.35
1474,37.5,0.0,100.0,0.0,0.0,100.0,0.0,0.0,316.47,14.0,4.08,0.62,0.38
1475,37.5,0.0,100.0,0.0,0.0,100.0,0.0,0.0,193.77,6.5,9.35,0.62,0.36
1476,37.5,0.0,100.0,0.0,0.0,100.0,0.0,0.0,239.0,6.5,7.42,0.62,0.37
1477,37.5,0.0,100.0,0.0,0.0,100.0,0.0,0.0,333.16,13.0,9.18,0.62,0.34
1478,37.5,0.0,100.0,0.0,0.0,100.0,0.0,0.0,307.22,8.0,6.82,0.62,0.36
1479,37.5,0.0,100.0,0.0,0.0,100.0,0.0,0.0,263.55,8.0,5.56,0.62,0.35
1480,37.5,0.0,100.0,0.0,0.0,100.0,0.0,0.0,418.44,16.0,4.35,0.62,0.35
1481,37.5,0.0,100.0,0.0,0.0,100.0,0.0,0.0,427.34,7.0,9.07,0.62,0.39
1482,37.5,0.0,100.0,0.0,0.0,100.0,0.0,0.0,298.69,14.0,5.52,0.62,0.36
1483,37.5,0.0,100.0,0.0,0.0,100.0,0.0,0.0,405.29,7.0,10.63,0.62,0.36
1484,37.5,0.0,100.0,0.0,0.0,100.0,0.0,0.0,139.1,6.25,8.14,0.62,0.37
1485,37.5,0.0,100.0,0.0,0.0,100.0,0.0,0.0,145.84,16.0,5.57,0.62,0.35
1486,37.5,0.0,100.0,0.0,0.0,100.0,0.0,0.0,276.05,14.0,4.1,0.62,0.36
1487,37.5,0.0,100.0,0.0,0.0,100.0,0.0,0.0,227.41,3.25,12.25,0.62,0.38
1488,37.5,0.0,100.0,0.0,0.0,100.0,0.0,0.0,247.74,16.0,4.01,0.62,0.38
1489,37.5,0.0,100.0,0.0,0.0,100.0,0.0,0.0,251.88,14.0,3.49,0.62,0.34
1490,37.5,0.0,100.0,0.0,0.0,100.0,0.0,0.0,381.49,6.5,9.6,0.62,0.36
1491,37.5,0.0,100.0,0.0,0.0,100.0,0.0,0.0,341.32,7.0,9.4,0.62,0.37
1492,37.5,0.0,100.0,0.0,0.0,100.0,0.0,0.0,288.12,14.0,4.78,0.62,0.36
1493,37.5,0.0,100.0,0.0,0.0,100.0,0.0,0.0,229.64,16.0,3.86,0.62,0.39
1494,37.5,0.0,100.0,0.0,0.0,100.0,0.0,0.0,354.36,13.0,10.27,0.62,0.34
1495,44.76,0.03,97.0,3.0,0.0,97.0,0.0,0.0,158.16,1.79,11.82,0.53,0.39
1496,37.5,0.0,100.0,0.0,0.0,100.0,0.0,0.0,253.17,6.5,8.96,0.62,0.35
1497,37.5,0.0,100.0,0.0,0.0,100.0,0.0,0.0,432.48,13.0,6.33,0.62,0.37
1498,37.5,0.0,100.0,0.0,0.0,100.0,0.0,0.0,231.03,12.5,8.0,0.62,0.37
1499,37.5,0.0,100.0,0.0,0.0,100.0,0.0,0.0,347.86,7.0,9.57,0.62,0.38
1500,37.5,0.0,100.0,0.0,0.0,100.0,0.0,0.0,208.63,3.25,11.42,0.62,0.37
1501,37.5,0.0,100.0,0.0,0.0,100.0,0.0,0.0,228.7,14.0,5.24,0.62,0.34
1502,37.5,0.0,100.0,0.0,0.0,100.0,0.0,0.0,400.93,1.75,12.03,0.62,0.39
1503,37.5,0.0,100.0,0.0,0.0,100.0,0.0,0.0,172.29,14.0,6.08,0.62,0.36
1504,37.5,0.0,100.0,0.0,0.0,100.0,0.0,0.0,367.51,3.5,14.47,0.62,0.36
1505,37.5,0.0,100.0,0.0,0.0,100.0,0.0,0.0,98.74,14.0,6.34,0.62,0.49
1506,37.5,0.0,100.0,0.0,0.0,100.0,0.0,0.0,269.76,6.5,9.77,0.62,0.37
1507,37.5,0.0,100.0,0.0,0.0,100.0,0.0,0.0,273.61,7.0,11.34,0.62,0.36
1508,37.5,0.0,100.0,0.0,0.0,100.0,0.0,0.0,349.41,14.0,5.59,0.62,0.35
1509,37.5,0.0,100.0,0.0,0.0,100.0,0.0,0.0,335.17,12.25,10.43,0.62,0.37
1510,37.5,0.0,100.0,0.0,0.0,100.0,0.0,0.0,326.53,12.5,7.75,0.62,0.36
1511,37.5,0.0,100.0,0.0,0.0,100.0,0.0,0.0,257.28,16.0,3.79,0.62,0.36
1512,37.5,0.0,100.0,0.0,0.0,100.0,0.0,0.0,248.0,3.5,14.41,0.62,0.37
1513,37.5,0.0,100.0,0.0,0.0,100.0,0.0,0.0,121.87,14.0,7.56,0.62,0.36
1514,37.5,0.0,100.0,0.0,0.0,100.0,0.0,0.0,245.57,14.0,7.13,0.62,0.41
1515,37.5,0.0,100.0,0.0,0.0,100.0,0.0,0.0,389.78,14.0,7.62,0.62,0.35
1516,37.5,0.0,100.0,0.0,0.0,100.0,0.0,0.0,196.51,16.0,5.05,0.62,0.39
1517,37.5,0.0,100.0,0.0,0.0,100.0,0.0,0.0,329.56,14.0,5.16,0.62,0.36
1518,37.5,0.0,100.0,0.0,0.0,100.0,0.0,0.0,330.96,6.25,8.21,0.62,0.35
1519,37.5,0.0,100.0,0.0,0.0,100.0,0.0,0.0,65.63,8.0,8.2,0.62,0.32
1520,37.5,0.0,100.0,0.0,0.0,100.0,0.0,0.0,99.69,16.0,3.27,0.62,0.32
1521,37.5,0.0,100.0,0.0,0.0,100.0,0.0,0.0,326.98,13.0,9.51,0.62,0.31
1522,37.5,0.0,100.0,0.0,0.0,100.0,0.0,0.0,376.85,3.25,16.76,0.62,0.35
1523,36.99,0.06,94.0,6.0,0.0,94.0,0.0,0.0,186.26,1.8,14.3,0.51,0.33
1524,37.5,0.0,100.0,0.0,0.0,100.0,0.0,0.0,284.27,14.0,6.91,0.62,0.31
1525,37.5,0.0,100.0,0.0,0.0,100.0,0.0,0.0,436.4,2.0,14.1,0.62,0.3
1526,37.5,0.0,100.0,0.0,0.0,100.0,0.0,0.0,73.85,14.0,5.81,0.62,0.32
1527,37.5,0.0,100.0,0.0,0.0,100.0,0.0,0.0,303.43,12.25,7.01,0.62,0.36
1528,37.5,0.0,100.0,0.0,0.0,100.0,0.0,0.0,152.24,6.5,7.56,0.62,0.31
1529,37.5,0.0,100.0,0.0,0.0,100.0,0.0,0.0,346.19,6.25,9.5,0.62,0.34
1530,37.5,0.0,100.0,0.0,0.0,100.0,0.0,0.0,414.68,14.0,7.33,0.62,0.31
1531,37.5,0.0,100.0,0.0,0.0,100.0,0.0,0.0,149.07,12.5,7.7,0.62,0.29
1532,37.5,0.0,100.0,0.0,0.0,100.0,0.0,0.0,263.04,12.25,8.9,0.62,0.34
1533,37.5,0.0,100.0,0.0,0.0,100.0,0.0,0.0,303.01,6.5,10.56,0.62,0.3
1534,37.5,0.0,100.0,0.0,0.0,100.0,0.0,0.0,322.74,13.0,8.72,0.62,0.32
1535,37.5,0.0,100.0,0.0,0.0,100.0,0.0,0.0,305.23,14.0,4.73,0.62,0.3
1536,37.5,0.0,100.0,0.0,0.0,100.0,0.0,0.0,312.85,3.5,12.31,0.62,0.34
1537,37.5,0.0,100.0,0.0,0.0,100.0,0.0,0.0,389.09,14.0,6.91,0.62,0.3
1538,37.5,0.0,100.0,0.0,0.0,100.0,0.0,0.0,359.85,14.0,4.76,0.62,0.35
1539,37.5,0.0,100.0,0.0,0.0,100.0,0.0,0.0,245.55,14.0,6.57,0.62,0.36
1540,37.5,0.0,100.0,0.0,0.0,100.0,0.0,0.0,283.05,7.0,10.53,0.62,0.36
1541,37.5,0.0,100.0,0.0,0.0,100.0,0.0,0.0,160.16,8.0,9.43,0.62,0.37
1542,37.5,0.0,100.0,0.0,0.0,100.0,0.0,0.0,448.2,1.75,15.58,0.62,0.4
1543,37.5,0.0,100.0,0.0,0.0,100.0,0.0,0.0,417.89,6.5,7.83,0.62,0.37
1544,37.5,0.0,100.0,0.0,0.0,100.0,0.0,0.0,407.23,8.0,9.01,0.62,0.37
1545,37.5,0.0,100.0,0.0,0.0,100.0,0.0,0.0,388.13,7.0,9.58,0.62,0.35
1546,37.5,0.0,100.0,0.0,0.0,100.0,0.0,0.0,242.25,14.0,5.7,0.62,0.36
1547,37.5,0.0,100.0,0.0,0.0,100.0,0.0,0.0,226.21,14.0,4.88,0.62,0.35
1548,37.5,0.0,100.0,0.0,0.0,100.0,0.0,0.0,286.15,14.0,7.34,0.62,0.37
1549,37.5,0.0,100.0,0.0,0.0,100.0,0.0,0.0,116.79,8.0,8.33,0.62,0.37
1550,37.5,0.0,100.0,0.0,0.0,100.0,0.0,0.0,306.41,7.0,7.42,0.62,0.35
1551,37.5,0.0,100.0,0.0,0.0,100.0,0.0,0.0,284.26,2.5,13.47,0.62,0.36
1552,37.5,0.0,100.0,0.0,0.0,100.0,0.0,0.0,297.56,2.5,13.87,0.62,0.36
1553,37.5,0.0,100.0,0.0,0.0,100.0,0.0,0.0,282.67,6.5,11.53,0.62,0.37
1554,37.5,0.0,100.0,0.0,0.0,100.0,0.0,0.0,133.86,8.0,8.5,0.62,0.38
1555,37.5,0.0,100.0,0.0,0.0,100.0,0.0,0.0,253.08,7.0,9.77,0.62,0.35
1556,37.5,0.0,100.0,0.0,0.0,100.0,0.0,0.0,216.97,6.25,10.2,0.62,0.38
1557,37.5,0.0,100.0,0.0,0.0,100.0,0.0,0.0,360.4,14.0,5.73,0.62,0.34
1558,37.5,0.0,100.0,0.0,0.0,100.0,0.0,0.0,287.04,14.0,3.73,0.62,0.36
1559,37.5,0.0,100.0,0.0,0.0,100.0,0.0,0.0,287.64,16.0,6.04,0.62,0.36
1560,37.5,0.0,100.0,0.0,0.0,100.0,0.0,0.0,380.99,14.0,5.19,0.62,0.37
1561,37.5,0.0,100.0,0.0,0.0,100.0,0.0,0.0,386.03,12.25,8.19,0.62,0.36
1562,37.5,0.0,100.0,0.0,0.0,100.0,0.0,0.0,206.75,12.25,7.25,0.62,0.34
1563,37.5,0.0,100.0,0.0,0.0,100.0,0.0,0.0,323.07,16.0,5.24,0.62,0.36
1564,37.5,0.0,100.0,0.0,0.0,100.0,0.0,0.0,435.21,14.0,5.76,0.62,0.34
1565,37.5,0.0,100.0,0.0,0.0,100.0,0.0,0.0,347.15,7.0,9.22,0.62,0.36
1566,37.5,0.0,100.0,0.0,0.0,100.0,0.0,0.0,168.97,14.0,6.17,0.62,0.37
1567,37.5,0.0,100.0,0.0,0.0,100.0,0.0,0.0,322.81,2.5,15.55,0.62,0.37
1568,37.5,0.0,100.0,0.0,0.0,100.0,0.0,0.0,217.33,12.5,6.79,0.62,0.37
1569,37.5,0.0,100.0,0.0,0.0,100.0,0.0,0.0,241.09,8.0,8.06,0.62,0.36
1570,37.5,0.0,100.0,0.0,0.0,100.0,0.0,0.0,449.61,14.0,3.83,0.62,0.36
1571,37.5,0.0,100.0,0.0,0.0,100.0,0.0,0.0,285.56,6.25,10.45,0.62,0.39
1572,34.33,0.06,94.0,6.0,0.0,94.0,0.0,0.0,223.35,1.27,11.35,0.59,0.35
1573,37.5,0.0,100.0,0.0,0.0,100.0,0.0,0.0,279.18,12.5,6.49,0.62,0.36
1574,38.44,0.07,93.0,7.0,0.0,93.0,0.0,0.0,169.55,1.33,13.16,0.56,0.34
1575,37.5,0.0,100.0,0.0,0.0,100.0,0.0,0.0,280.22,8.0,5.85,0.62,0.37
1576,37.5,0.0,100.0,0.0,0.0,100.0,0.0,0.0,207.99,6.25,9.39,0.62,0.35
1577,37.5,0.0,100.0,0.0,0.0,100.0,0.0,0.0,196.78,14.0,5.5,0.62,0.4
1578,37.5,0.0,100.0,0.0,0.0,100.0,0.0,0.0,441.55,6.25,10.92,0.62,0.35
1579,37.5,0.0,100.0,0.0,0.0,100.0,0.0,0.0,193.9,16.0,3.47,0.62,0.34
1580,37.5,0.0,100.0,0.0,0.0,100.0,0.0,0.0,281.68,14.0,5.13,0.62,0.37
1581,37.5,0.0,100.0,0.0,0.0,100.0,0.0,0.0,376.76,8.0,6.49,0.62,0.35
1582,37.5,0.0,100.0,0.0,0.0,100.0,0.0,0.0,224.76,6.5,10.14,0.62,0.37
1583,37.5,0.0,100.0,0.0,0.0,100.0,0.0,0.0,192.54,6.25,8.15,0.62,0.37
1584,37.5,0.0,100.0,0.0,0.0,100.0,0.0,0.0,376.24,2.0,12.59,0.62,0.37
1585,37.5,0.0,100.0,0.0,0.0,100.0,0.0,0.0,427.48,14.0,7.17,0.62,0.35
1586,37.5,0.0,100.0,0.0,0.0,100.0,0.0,0.0,396.32,16.0,6.49,0.62,0.35
1587,37.5,0.0,100.0,0.0,0.0,100.0,0.0,0.0,271.94,7.0,10.03,0.62,0.36
1588,37.5,0.0,100.0,0.0,0.0,100.0,0.0,0.0,230.54,14.0,4.36,0.62,0.36
1589,37.5,0.0,100.0,0.0,0.0,100.0,0.0,0.0,270.04,12.5,7.56,0.62,0.4
1590,37.5,0.0,100.0,0.0,0.0,100.0,0.0,0.0,179.87,16.0,4.93,0.62,0.35
1591,37.5,0.0,100.0,0.0,0.0,100.0,0.0,0.0,188.28,7.0,9.96,0.62,0.37
1592,37.5,0.0,100.0,0.0,0.0,100.0,0.0,0.0,297.22,3.5,11.11,0.62,0.36
1593,37.5,0.0,100.0,0.0,0.0,100.0,0.0,0.0,354.46,6.5,11.2,0.62,0.36
1594,37.5,0.0,100.0,0.0,0.0,100.0,0.0,0.0,260.11,8.0,6.81,0.62,0.39
1595,37.5,0.0,100.0,0.0,0.0,100.0,0.0,0.0,265.06,14.0,6.69,0.62,0.38
1596,37.5,0.0,100.0,0.0,0.0,100.0,0.0,0.0,130.83,6.25,10.46,0.62,0.36
1597,37.5,0.0,100.0,0.0,0.0,100.0,0.0,0.0,217.26,8.0,6.48,0.62,0.37
1598,37.45,0.06,94.0,6.0,0.0,94.0,0.0,0.0,208.14,1.19,13.56,0.55,0.33
1599,37.5,0.0,100.0,0.0,0.0,100.0,0.0,0.0,268.85,14.0,4.84,0.62,0.31
1600,37.5,0.0,100.0,0.0,0.0,100.0,0.0,0.0,171.95,8.0,6.72,0.62,0.31
1601,37.5,0.0,100.0,0.0,0.0,100.0,0.0,0.0,406.14,14.0,6.35,0.62,0.35
1602,37.5,0.0,100.0,0.0,0.0,100.0,0.0,0.0,262.9,7.0,6.47,0.62,0.3
1603,37.5,0.0,100.0,0.0,0.0,100.0,0.0,0.0,427.79,14.0,6.85,0.62,0.3
1604,37.5,0.0,100.0,0.0,0.0,100.0,0.0,0.0,267.92,8.0,6.48,0.62,0.31
1605,37.5,0.0,100.0,0.0,0.0,100.0,0.0,0.0,180.84,8.0,8.56,0.62,0.3
1606,37.5,0.0,100.0,0.0,0.0,100.0,0.0,0.0,441.73,6.25,8.43,0.62,0.3
1607,37.5,0.0,100.0,0.0,0.0,100.0,0.0,0.0,282.27,1.75,13.86,0.62,0.32
1608,37.5,0.0,100.0,0.0,0.0,100.0,0.0,0.0,167.25,8.0,7.11,0.62,0.35
1609,37.5,0.0,100.0,0.0,0.0,100.0,0.0,0.0,192.05,3.5,13.68,0.62,0.3
1610,37.5,0.0,100.0,0.0,0.0,100.0,0.0,0.0,162.68,6.25,8.44,0.62,0.3
1611,37.5,0.0,100.0,0.0,0.0,100.0,0.0,0.0,329.59,14.0,5.47,0.62,0.31
1612,37.5,0.0,100.0,0.0,0.0,100.0,0.0,0.0,263.01,14.0,7.36,0.62,0.31
1613,37.5,0.0,100.0,0.0,0.0,100.0,0.0,0.0,282.96,16.0,5.65,0.62,0.31
1614,37.5,0.0,100.0,0.0,0.0,100.0,0.0,0.0,150.1,12.5,6.31,0.62,0.32
1615,37.5,0.0,100.0,0.0,0.0,100.0,0.0,0.0,243.44,13.0,7.38,0.62,0.37
1616,37.5,0.0,100.0,0.0,0.0,100.0,0.0,0.0,284.4,12.5,8.37,0.62,0.3
1617,37.5,0.0,100.0,0.0,0.0,100.0,0.0,0.0,227.91,13.0,6.34,0.62,0.31
1618,37.5,0.0,100.0,0.0,0.0,100.0,0.0,0.0,377.86,13.0,6.59,0.62,0.31
1619,37.5,0.0,100.0,0.0,0.0,100.0,0.0,0.0,181.71,7.0,8.09,0.62,0.37
1620,37.5,0.0,100.0,0.0,0.0,100.0,0.0,0.0,288.81,16.0,3.99,0.62,0.38
1621,37.5,0.0,100.0,0.0,0.0,100.0,0.0,0.0,434.59,12.5,6.27,0.62,0.41
1622,37.5,0.0,100.0,0.0,0.0,100.0,0.0,0.0,368.69,16.0,3.28,0.62,0.36
1623,37.5,0.0,100.0,0.0,0.0,100.0,0.0,0.0,128.19,14.0,6.0,0.62,0.37
1624,43.72,0.06,94.0,6.0,0.0,94.0,0.0,0.0,149.02,1.8,10.08,0.5,0.38
1625,37.5,0.0,100.0,0.0,0.0,100.0,0.0,0.0,226.91,12.5,10.0,0.62,0.36
1626,37.5,0.0,100.0,0.0,0.0,100.0,0.0,0.0,407.18,6.5,8.45,0.62,0.39
1627,37.5,0.0,100.0,0.0,0.0,100.0,0.0,0.0,297.71,16.0,5.37,0.62,0.36
1628,37.5,0.0,100.0,0.0,0.0,100.0,0.0,0.0,303.82,7.0,9.55,0.62,0.37
1629,37.5,0.0,100.0,0.0,0.0,100.0,0.0,0.0,359.9,13.0,10.86,0.62,0.39
1630,37.5,0.0,100.0,0.0,0.0,100.0,0.0,0.0,135.48,16.0,4.76,0.62,0.37
1631,37.5,0.0,100.0,0.0,0.0,100.0,0.0,0.0,322.33,2.5,12.38,0.62,0.38
1632,37.5,0.0,100.0,0.0,0.0,100.0,0.0,0.0,259.31,13.0,7.14,0.62,0.37
1633,37.5,0.0,100.0,0.0,0.0,100.0,0.0,0.0,330.08,2.0,15.59,0.62,0.37
1634,37.5,0.0,100.0,0.0,0.0,100.0,0.0,0.0,188.79,13.0,8.24,0.62,0.34
1635,37.5,0.0,100.0,0.0,0.0,100.0,0.0,0.0,265.95,14.0,4.81,0.62,0.35
1636,37.5,0.0,100.0,0.0,0.0,100.0,0.0,0.0,216.62,16.0,5.52,0.62,0.36
1637,37.5,0.0,100.0,0.0,0.0,100.0,0.0,0.0,257.18,6.5,7.93,0.62,0.35
1638,37.5,0.0,100.0,0.0,0.0,100.0,0.0,0.0,329.83,14.0,7.02,0.62,0.4
1639,37.5,0.0,100.0,0.0,0.0,100.0,0.0,0.0,198.24,12.25,8.38,0.62,0.37
1640,37.5,0.0,100.0,0.0,0.0,100.0,0.0,0.0,259.52,16.0,3.98,0.62,0.36
1641,37.5,0.0,100.0,0.0,0.0,100.0,0.0,0.0,285.08,14.0,6.35,0.62,0.36
1642,37.5,0.0,100.0,0.0,0.0,100.0,0.0,0.0,189.75,12.5,7.75,0.62,0.34
1643,37.5,0.0,100.0,0.0,0.0,100.0,0.0,0.0,424.77,12.25,9.32,0.62,0.35
1644,37.5,0.0,100.0,0.0,0.0,100.0,0.0,0.0,272.61,8.0,6.37,0.62,0.39
1645,37.5,0.0,100.0,0.0,0.0,100.0,0.0,0.0,231.69,13.0,7.68,0.62,0.38
1646,37.5,0.0,100.0,0.0,0.0,100.0,0.0,0.0,318.29,14.0,4.55,0.62,0.36
1647,37.5,0.0,100.0,0.0,0.0,100.0,0.0,0.0,371.62,14.0,4.86,0.62,0.36
1648,37.5,0.0,100.0,0.0,0.0,100.0,0.0,0.0,410.01,16.0,4.09,0.62,0.34
1649,37.5,0.0,100.0,0.0,0.0,100.0,0.0,0.0,263.7,13.0,8.68,0.62,0.37
1650,37.5,0.0,100.0,0.0,0.0,100.0,0.0,0.0,311.9,14.0,4.71,0.62,0.4
1651,37.5,0.0,100.0,0.0,0.0,100.0,0.0,0.0,417.79,14.0,3.79,0.62,0.35
1652,37.5,0.0,100.0,0.0,0.0,100.0,0.0,0.0,416.43,7.0,10.77,0.62,0.38
1653,37.5,0.0,100.0,0.0,0.0,100.0,0.0,0.0,241.89,14.0,7.03,0.62,0.36
1654,37.5,0.0,100.0,0.0,0.0,100.0,0.0,0.0,270.39,4.0,11.15,0.62,0.36
1655,37.5,0.0,100.0,0.0,0.0,100.0,0.0,0.0,308.79,14.0,4.65,0.62,0.36
1656,29.99,0.07,93.0,7.0,0.0,93.0,0.0,0.0,186.83,1.26,14.51,0.59,0.37
1657,37.5,0.0,100.0,0.0,0.0,100.0,0.0,0.0,292.27,6.25,9.58,0.62,0.38
1658,37.5,0.0,100.0,0.0,0.0,100.0,0.0,0.0,212.49,14.0,3.72,0.62,0.35
1659,37.5,0.0,100.0,0.0,0.0,100.0,0.0,0.0,215.21,12.5,6.13,0.62,0.37
1660,37.5,0.0,100.0,0.0,0.0,100.0,0.0,0.0,207.48,6.5,9.17,0.62,0.37
1661,37.5,0.0,100.0,0.0,0.0,100.0,0.0,0.0,174.81,7.0,9.08,0.62,0.39
1662,31.35,0.05,95.0,5.0,0.0,95.0,0.0,0.0,325.15,1.77,10.46,0.61,0.36
1663,37.5,0.0,100.0,0.0,0.0,100.0,0.0,0.0,308.83,14.0,6.34,0.62,0.35
1664,37.5,0.0,100.0,0.0,0.0,100.0,0.0,0.0,147.58,3.5,10.46,0.62,0.36
1665,37.5,0.0,100.0,0.0,0.0,100.0,0.0,0.0,376.41,6.25,11.16,0.62,0.35
1666,37.5,0.0,100.0,0.0,0.0,100.0,0.0,0.0,204.28,16.0,4.1,0.62,0.37
1667,37.5,0.0,100.0,0.0,0.0,100.0,0.0,0.0,154.35,7.0,10.05,0.62,0.39
1668,37.5,0.0,100.0,0.0,0.0,100.0,0.0,0.0,245.91,8.0,7.57,0.62,0.36
1669,37.5,0.0,100.0,0.0,0.0,100.0,0.0,0.0,141.16,16.0,3.28,0.62,0.36
1670,37.5,0.0,100.0,0.0,0.0,100.0,0.0,0.0,277.95,16.0,4.61,0.62,0.34
1671,37.5,0.0,100.0,0.0,0.0,100.0,0.0,0.0,334.93,16.0,5.27,0.62,0.38
1672,37.5,0.0,100.0,0.0,0.0,100.0,0.0,0.0,402.99,2.5,13.39,0.62,0.48
1673,37.5,0.0,100.0,0.0,0.0,100.0,0.0,0.0,344.41,12.25,7.48,0.62,0.44
1674,37.5,0.0,100.0,0.0,0.0,100.0,0.0,0.0,340.31,12.25,8.63,0.62,0.38
1675,30.44,0.1,90.0,10.0,0.0,90.0,0.0,0.0,182.97,1.92,12.01,0.56,0.34
1676,37.5,0.0,100.0,0.0,0.0,100.0,0.0,0.0,358.61,14.0,6.37,0.62,0.37
1677,37.5,0.0,100.0,0.0,0.0,100.0,0.0,0.0,373.14,8.0,6.74,0.62,0.36
1678,37.5,0.0,100.0,0.0,0.0,100.0,0.0,0.0,346.24,2.0,14.63,0.62,0.36
1679,37.5,0.0,100.0,0.0,0.0,100.0,0.0,0.0,182.26,12.25,9.26,0.62,0.32
1680,37.5,0.0,100.0,0.0,0.0,100.0,0.0,0.0,170.24,14.0,8.32,0.62,0.31
1681,37.5,0.0,100.0,0.0,0.0,100.0,0.0,0.0,139.72,16.0,5.02,0.62,0.3
1682,37.5,0.0,100.0,0.0,0.0,100.0,0.0,0.0,291.23,6.5,10.48,0.62,0.3
1683,37.5,0.0,100.0,0.0,0.0,100.0,0.0,0.0,408.06,14.0,6.23,0.62,0.3
1684,37.5,0.0,100.0,0.0,0.0,100.0,0.0,0.0,357.01,14.0,5.44,0.62,0.31
1685,37.5,0.0,100.0,0.0,0.0,100.0,0.0,0.0,259.02,2.5,10.57,0.62,0.33
1686,37.5,0.0,100.0,0.0,0.0,100.0,0.0,0.0,454.91,7.0,9.99,0.62,0.31
1687,37.5,0.0,100.0,0.0,0.0,100.0,0.0,0.0,252.14,3.25,16.03,0.62,0.32
1688,37.5,0.0,100.0,0.0,0.0,100.0,0.0,0.0,373.37,3.5,10.69,0.62,0.31
1689,37.5,0.0,100.0,0.0,0.0,100.0,0.0,0.0,270.16,14.0,5.71,0.62,0.31
1690,37.5,0.0,100.0,0.0,0.0,100.0,0.0,0.0,190.93,16.0,4.65,0.62,0.3
1691,37.5,0.0,100.0,0.0,0.0,100.0,0.0,0.0,216.53,6.25,7.51,0.62,0.32
1692,37.5,0.0,100.0,0.0,0.0,100.0,0.0,0.0,223.93,7.0,8.79,0.62,0.34
1693,37.5,0.0,100.0,0.0,0.0,100.0,0.0,0.0,212.94,14.0,6.65,0.62,0.33
1694,37.5,0.0,100.0,0.0,0.0,100.0,0.0,0.0,343.64,14.0,6.49,0.62,0.31
1695,37.5,0.0,100.0,0.0,0.0,100.0,0.0,0.0,446.71,14.0,5.84,0.62,0.3
1696,37.5,0.0,100.0,0.0,0.0,100.0,0.0,0.0,411.59,14.0,6.21,0.62,0.3
1697,37.5,0.0,100.0,0.0,0.0,100.0,0.0,0.0,300.43,14.0,6.05,0.62,0.31
1698,37.5,0.0,100.0,0.0,0.0,100.0,0.0,0.0,303.03,6.25,9.17,0.62,0.34
1699,37.5,0.0,100.0,0.0,0.0,100.0,0.0,0.0,245.15,7.0,10.48,0.62,0.41
1700,37.5,0.0,100.0,0.0,0.0,100.0,0.0,0.0,224.36,14.0,5.84,0.62,0.43
1701,37.5,0.0,100.0,0.0,0.0,100.0,0.0,0.0,179.67,1.75,9.91,0.62,0.38
1702,37.5,0.0,100.0,0.0,0.0,100.0,0.0,0.0,353.04,12.25,7.79,0.62,0.38
1703,37.5,0.0,100.0,0.0,0.0,100.0,0.0,0.0,277.35,7.0,8.47,0.62,0.37
1704,34.89,0.07,93.0,7.0,0.0,93.0,0.0,0.0,93.4,1.87,13.45,0.55,0.38
1705,37.5,0.0,100.0,0.0,0.0,100.0,0.0,0.0,310.23,13.0,9.56,0.62,0.36
1706,37.5,0.0,100.0,0.0,0.0,100.0,0.0,0.0,200.27,6.25,7.93,0.62,0.35
1707,37.5,0.0,100.0,0.0,0.0,100.0,0.0,0.0,301.26,6.5,8.58,0.62,0.37
1708,37.5,0.0,100.0,0.0,0.0,100.0,0.0,0.0,324.77,16.0,5.98,0.62,0.34
1709,37.5,0.0,100.0,0.0,0.0,100.0,0.0,0.0,183.85,6.25,10.14,0.62,0.38
1710,37.5,0.0,100.0,0.0,0.0,100.0,0.0,0.0,326.7,6.25,8.22,0.62,0.38
1711,37.5,0.0,100.0,0.0,0.0,100.0,0.0,0.0,332.78,2.0,13.08,0.62,0.37
1712,37.5,0.0,100.0,0.0,0.0,100.0,0.0,0.0,432.26,7.0,8.94,0.62,0.35
1713,37.5,0.0,100.0,0.0,0.0,100.0,0.0,0.0,233.57,12.5,8.39,0.62,0.35
1714,37.5,0.0,100.0,0.0,0.0,100.0,0.0,0.0,288.54,6.25,7.76,0.62,0.38
1715,37.5,0.0,100.0,0.0,0.0,100.0,0.0,0.0,171.4,8.0,6.66,0.62,0.36
1716,37.5,0.0,100.0,0.0,0.0,100.0,0.0,0.0,262.56,6.25,10.62,0.62,0.4
1717,37.5,0.0,100.0,0.0,0.0,100.0,0.0,0.0,378.35,16.0,4.4,0.62,0.36
1718,37.5,0.0,100.0,0.0,0.0,100.0,0.0,0.0,220.2,6.25,8.47,0.62,0.35
1719,37.5,0.0,100.0,0.0,0.0,100.0,0.0,0.0,275.03,14.0,7.0,0.62,0.36
1720,37.5,0.0,100.0,0.0,0.0,100.0,0.0,0.0,219.03,6.5,10.65,0.62,0.35
1721,37.5,0.0,100.0,0.0,0.0,100.0,0.0,0.0,236.4,16.0,5.18,0.62,0.37
1722,37.5,0.0,100.0,0.0,0.0,100.0,0.0,0.0,356.0,6.25,10.22,0.62,0.39
1723,37.5,0.0,100.0,0.0,0.0,100.0,0.0,0.0,295.6,16.0,4.54,0.62,0.37
1724,42.73,0.02,98.0,2.0,0.0,98.0,0.0,0.0,179.15,1.37,13.08,0.55,0.37
1725,37.5,0.0,100.0,0.0,0.0,100.0,0.0,0.0,332.42,8.0,8.65,0.62,0.35
1726,37.5,0.0,100.0,0.0,0.0,100.0,0.0,0.0,262.35,14.0,5.77,0.62,0.38
1727,37.5,0.0,100.0,0.0,0.0,100.0,0.0,0.0,364.92,3.5,16.07,0.62,0.37
1728,37.5,0.0,100.0,0.0,0.0,100.0,0.0,0.0,347.72,16.0,4.92,0.62,0.36
1729,37.5,0.0,100.0,0.0,0.0,100.0,0.0,0.0,188.07,14.0,5.51,0.62,0.35
1730,37.5,0.0,100.0,0.0,0.0,100.0,0.0,0.0,175.06,8.0,6.58,0.62,0.36
1731,37.5,0.0,100.0,0.0,0.0,100.0,0.0,0.0,293.38,8.0,9.75,0.62,0.38
1732,37.5,0.0,100.0,0.0,0.0,100.0,0.0,0.0,301.24,14.0,6.08,0.62,0.36
1733,37.5,0.0,100.0,0.0,0.0,100.0,0.0,0.0,361.73,16.0,3.01,0.62,0.37
1734,37.5,0.0,100.0,0.0,0.0,100.0,0.0,0.0,382.63,6.25,10.22,0.62,0.36
1735,37.5,0.0,100.0,0.0,0.0,100.0,0.0,0.0,275.32,6.25,8.55,0.62,0.37
1736,37.5,0.0,100.0,0.0,0.0,100.0,0.0,0.0,323.19,12.5,9.29,0.62,0.37
1737,37.5,0.0,100.0,0.0,0.0,100.0,0.0,0.0,200.44,13.0,8.31,0.62,0.36
1738,37.5,0.0,100.0,0.0,0.0,100.0,0.0,0.0,428.74,7.0,10.06,0.62,0.36
1739,37.5,0.0,100.0,0.0,0.0,100.0,0.0,0.0,153.19,12.5,7.02,0.62,0.37
1740,37.5,0.0,100.0,0.0,0.0,100.0,0.0,0.0,341.57,8.0,6.32,0.62,0.39
1741,37.5,0.0,100.0,0.0,0.0,100.0,0.0,0.0,298.32,16.0,4.28,0.62,0.35
1742,37.5,0.0,100.0,0.0,0.0,100.0,0.0,0.0,203.01,13.0,7.25,0.62,0.35
1743,37.5,0.0,100.0,0.0,0.0,100.0,0.0,0.0,232.51,4.0,15.47,0.62,0.35
1744,37.5,0.0,100.0,0.0,0.0,100.0,0.0,0.0,342.76,3.5,12.05,0.62,0.36
1745,37.5,0.0,100.0,0.0,0.0,100.0,0.0,0.0,159.47,7.0,7.89,0.62,0.4
1746,37.5,0.0,100.0,0.0,0.0,100.0,0.0,0.0,351.95,8.0,4.14,0.62,0.35
1747,37.5,0.0,100.0,0.0,0.0,100.0,0.0,0.0,349.17,14.0,6.0,0.62,0.37
1748,37.5,0.0,100.0,0.0,0.0,100.0,0.0,0.0,257.41,6.25,8.37,0.62,0.34
1749,37.5,0.0,100.0,0.0,0.0,100.0,0.0,0.0,249.52,6.25,9.78,0.62,0.36
1750,37.5,0.0,100.0,0.0,0.0,100.0,0.0,0.0,398.06,16.0,3.83,0.62,0.35
1751,37.5,0.0,100.0,0.0,0.0,100.0,0.0,0.0,270.39,12.5,9.29,0.62,0.37
1752,37.5,0.0,100.0,0.0,0.0,100.0,0.0,0.0,278.71,6.25,9.41,0.62,0.37
1753,37.5,0.0,100.0,0.0,0.0,100.0,0.0,0.0,228.35,3.5,11.49,0.62,0.36
1754,37.5,0.0,100.0,0.0,0.0,100.0,0.0,0.0,244.72,14.0,6.69,0.62,0.36
1755,37.5,0.0,100.0,0.0,0.0,100.0,0.0,0.0,174.74,7.0,7.76,0.62,0.35
1756,37.5,0.0,100.0,0.0,0.0,100.0,0.0,0.0,191.9,13.0,6.83,0.62,0.35
1757,37.5,0.0,100.0,0.0,0.0,100.0,0.0,0.0,226.02,14.0,6.39,0.62,0.39
1758,37.5,0.0,100.0,0.0,0.0,100.0,0.0,0.0,178.85,13.0,9.0,0.62,0.34
1759,37.5,0.0,100.0,0.0,0.0,100.0,0.0,0.0,174.4,16.0,5.22,0.62,0.31
1760,37.5,0.0,100.0,0.0,0.0,100.0,0.0,0.0,290.95,16.0,4.05,0.62,0.3
1761,37.5,0.0,100.0,0.0,0.0,100.0,0.0,0.0,379.6,6.25,8.92,0.62,0.31
1762,37.5,0.0,100.0,0.0,0.0,100.0,0.0,0.0,265.98,12.5,7.92,0.62,0.32
1763,37.5,0.0,100.0,0.0,0.0,100.0,0.0,0.0,270.94,12.25,7.84,0.62,0.34
1764,37.5,0.0,100.0,0.0,0.0,100.0,0.0,0.0,352.35,14.0,3.36,0.62,0.3
1765,37.5,0.0,100.0,0.0,0.0,100.0,0.0,0.0,338.58,12.25,10.86,0.62,0.3
1766,37.5,0.0,100.0,0.0,0.0,100.0,0.0,0.0,191.47,12.5,9.13,0.62,0.31
1767,37.5,0.0,100.0,0.0,0.0,100.0,0.0,0.0,364.29,3.5,13.82,0.62,0.32
1768,37.5,0.0,100.0,0.0,0.0,100.0,0.0,0.0,306.35,8.0,6.54,0.62,0.31
1769,37.5,0.0,100.0,0.0,0.0,100.0,0.0,0.0,339.09,8.0,6.13,0.62,0.31
1770,37.5,0.0,100.0,0.0,0.0,100.0,0.0,0.0,171.58,7.0,12.68,0.62,0.34
1771,37.5,0.0,100.0,0.0,0.0,100.0,0.0,0.0,329.61,8.0,10.23,0.62,0.31
1772,37.5,0.0,100.0,0.0,0.0,100.0,0.0,0.0,297.49,14.0,4.68,0.62,0.3
1773,37.5,0.0,100.0,0.0,0.0,100.0,0.0,0.0,358.01,14.0,7.53,0.62,0.3
1774,37.5,0.0,100.0,0.0,0.0,100.0,0.0,0.0,268.01,14.0,7.22,0.62,0.31
1775,37.5,0.0,100.0,0.0,0.0,100.0,0.0,0.0,290.86,16.0,2.74,0.62,0.3
1776,37.5,0.0,100.0,0.0,0.0,100.0,0.0,0.0,277.24,14.0,6.26,0.62,0.3
1777,37.5,0.0,100.0,0.0,0.0,100.0,0.0,0.0,174.69,8.0,7.09,0.62,0.33
1778,37.5,0.0,100.0,0.0,0.0,100.0,0.0,0.0,258.72,14.0,5.8,0.62,0.34
1779,37.5,0.0,100.0,0.0,0.0,100.0,0.0,0.0,256.78,16.0,6.71,0.62,0.39
1780,37.5,0.0,100.0,0.0,0.0,100.0,0.0,0.0,154.62,16.0,4.86,0.62,0.37
1781,37.5,0.0,100.0,0.0,0.0,100.0,0.0,0.0,454.85,16.0,2.91,0.62,0.37
1782,37.5,0.0,100.0,0.0,0.0,100.0,0.0,0.0,230.53,13.0,5.97,0.62,0.37
1783,37.5,0.0,100.0,0.0,0.0,100.0,0.0,0.0,140.43,8.0,6.84,0.62,0.4
1784,37.5,0.0,100.0,0.0,0.0,100.0,0.0,0.0,434.05,14.0,7.85,0.62,0.36
1785,41.11,0.04,96.0,4.0,0.0,96.0,0.0,0.0,227.91,1.44,13.05,0.55,0.37
1786,37.5,0.0,100.0,0.0,0.0,100.0,0.0,0.0,301.72,8.0,7.19,0.62,0.36
1787,37.5,0.0,100.0,0.0,0.0,100.0,0.0,0.0,314.08,8.0,9.17,0.62,0.38
1788,37.5,0.0,100.0,0.0,0.0,100.0,0.0,0.0,435.11,16.0,4.05,0.62,0.35
1789,37.5,0.0,100.0,0.0,0.0,100.0,0.0,0.0,253.74,14.0,8.13,0.62,0.39
1790,37.5,0.0,100.0,0.0,0.0,100.0,0.0,0.0,470.71,16.0,4.33,0.62,0.35
1791,37.5,0.0,100.0,0.0,0.0,100.0,0.0,0.0,289.66,8.0,10.03,0.62,0.42
1792,37.5,0.0,100.0,0.0,0.0,100.0,0.0,0.0,156.79,6.5,11.15,0.62,0.37
1793,37.5,0.0,100.0,0.0,0.0,100.0,0.0,0.0,427.66,13.0,9.3,0.62,0.35
1794,37.5,0.0,100.0,0.0,0.0,100.0,0.0,0.0,118.67,6.5,9.76,0.62,0.38
1795,37.5,0.0,100.0,0.0,0.0,100.0,0.0,0.0,334.96,14.0,6.28,0.62,0.36
1796,37.5,0.0,100.0,0.0,0.0,100.0,0.0,0.0,354.0,6.5,9.38,0.62,0.36
1797,37.5,0.0,100.0,0.0,0.0,100.0,0.0,0.0,295.67,7.0,8.24,0.62,0.36
1798,37.5,0.0,100.0,0.0,0.0,100.0,0.0,0.0,246.34,14.0,4.93,0.62,0.34
1799,37.5,0.0,100.0,0.0,0.0,100.0,0.0,0.0,315.88,2.0,11.53,0.62,0.37
1800,37.5,0.0,100.0,0.0,0.0,100.0,0.0,0.0,199.58,14.0,5.18,0.62,0.37
1801,37.5,0.0,100.0,0.0,0.0,100.0,0.0,0.0,134.03,14.0,6.56,0.62,0.38
1802,37.5,0.0,100.0,0.0,0.0,100.0,0.0,0.0,240.43,14.0,6.86,0.62,0.35
1803,37.5,0.0,100.0,0.0,0.0,100.0,0.0,0.0,325.0,14.0,6.93,0.62,0.36
1804,37.5,0.0,100.0,0.0,0.0,100.0,0.0,0.0,235.99,12.5,6.1,0.62,0.37
1805,37.5,0.0,100.0,0.0,0.0,100.0,0.0,0.0,312.05,16.0,4.59,0.62,0.35
1806,37.5,0.0,100.0,0.0,0.0,100.0,0.0,0.0,216.73,16.0,6.57,0.62,0.39
1807,37.5,0.0,100.0,0.0,0.0,100.0,0.0,0.0,405.27,12.25,9.05,0.62,0.35
1808,37.5,0.0,100.0,0.0,0.0,100.0,0.0,0.0,390.44,16.0,3.19,0.62,0.37
1809,37.5,0.0,100.0,0.0,0.0,100.0,0.0,0.0,178.25,6.25,10.62,0.62,0.35
1810,37.5,0.0,100.0,0.0,0.0,100.0,0.0,0.0,229.28,16.0,4.69,0.62,0.37
1811,37.5,0.0,100.0,0.0,0.0,100.0,0.0,0.0,167.15,7.0,6.35,0.62,0.37
1812,37.5,0.0,100.0,0.0,0.0,100.0,0.0,0.0,363.13,14.0,4.25,0.62,0.38
1813,31.74,0.06,94.0,6.0,0.0,94.0,0.0,0.0,170.37,1.01,13.69,0.6,0.36
1814,37.5,0.0,100.0,0.0,0.0,100.0,0.0,0.0,217.1,8.0,7.46,0.62,0.36
1815,37.5,0.0,100.0,0.0,0.0,100.0,0.0,0.0,222.44,12.25,6.7,0.62,0.37
1816,37.5,0.0,100.0,0.0,0.0,100.0,0.0,0.0,186.9,12.5,7.8,0.62,0.37
1817,37.5,0.0,100.0,0.0,0.0,100.0,0.0,0.0,300.65,16.0,5.89,0.62,0.34
1818,37.5,0.0,100.0,0.0,0.0,100.0,0.0,0.0,316.26,2.0,13.16,0.62,0.39
1819,37.5,0.0,100.0,0.0,0.0,100.0,0.0,0.0,299.34,8.0,6.79,0.62,0.37
1820,43.68,0.02,98.0,2.0,0.0,98.0,0.0,0.0,161.68,1.42,13.05,0.55,0.37
1821,37.5,0.0,100.0,0.0,0.0,100.0,0.0,0.0,423.92,16.0,4.53,0.62,0.36
1822,37.5,0.0,100.0,0.0,0.0,100.0,0.0,0.0,150.54,14.0,4.5,0.62,0.36
1823,37.5,0.0,100.0,0.0,0.0,100.0,0.0,0.0,175.74,14.0,7.15,0.62,0.39
1824,37.5,0.0,100.0,0.0,0.0,100.0,0.0,0.0,429.3,12.5,7.87,0.62,0.36
1825,37.5,0.0,100.0,0.0,0.0,100.0,0.0,0.0,280.16,2.5,14.05,0.62,0.37
1826,37.5,0.0,100.0,0.0,0.0,100.0,0.0,0.0,77.98,6.5,10.23,0.62,0.35
1827,37.5,0.0,100.0,0.0,0.0,100.0,0.0,0.0,295.14,16.0,3.79,0.62,0.38
1828,37.5,0.0,100.0,0.0,0.0,100.0,0.0,0.0,249.2,12.25,5.91,0.62,0.36
1829,37.5,0.0,100.0,0.0,0.0,100.0,0.0,0.0,362.21,12.25,7.4,0.62,0.39
1830,37.5,0.0,100.0,0.0,0.0,100.0,0.0,0.0,229.04,16.0,5.66,0.62,0.37
1831,37.5,0.0,100.0,0.0,0.0,100.0,0.0,0.0,285.76,14.0,7.91,0.62,0.35
1832,37.5,0.0,100.0,0.0,0.0,100.0,0.0,0.0,113.83,16.0,5.94,0.62,0.37
1833,37.5,0.0,100.0,0.0,0.0,100.0,0.0,0.0,352.85,6.5,8.2,0.62,0.37
1834,37.5,0.0,100.0,0.0,0.0,100.0,0.0,0.0,324.2,12.5,9.44,0.62,0.38
1835,37.5,0.0,100.0,0.0,0.0,100.0,0.0,0.0,303.55,14.0,8.33,0.62,0.38
1836,37.5,0.0,100.0,0.0,0.0,100.0,0.0,0.0,123.28,14.0,4.06,0.62,0.35
1837,37.5,0.0,100.0,0.0,0.0,100.0,0.0,0.0,231.79,4.0,13.36,0.62,0.36
1838,37.5,0.0,100.0,0.0,0.0,100.0,0.0,0.0,275.76,3.5,15.41,0.62,0.33
1839,37.5,0.0,100.0,0.0,0.0,100.0,0.0,0.0,319.7,16.0,3.57,0.62,0.31
1840,37.5,0.0,100.0,0.0,0.0,100.0,0.0,0.0,224.58,14.0,6.47,0.62,0.3
1841,37.5,0.0,100.0,0.0,0.0,100.0,0.0,0.0,315.28,6.5,8.99,0.62,0.34
1842,37.5,0.0,100.0,0.0,0.0,100.0,0.0,0.0,211.37,3.5,13.53,0.62,0.3
1843,37.5,0.0,100.0,0.0,0.0,100.0,0.0,0.0,224.2,3.25,15.56,0.62,0.3
1844,37.5,0.0,100.0,0.0,0.0,100.0,0.0,0.0,200.17,6.5,10.34,0.62,0.31
1845,37.5,0.0,100.0,0.0,0.0,100.0,0.0,0.0,385.82,6.5,8.31,0.62,0.31
1846,37.5,0.0,100.0,0.0,0.0,100.0,0.0,0.0,339.53,16.0,5.71,0.62,0.31
1847,37.5,0.0,100.0,0.0,0.0,100.0,0.0,0.0,132.15,6.25,10.26,0.62,0.33
1848,37.5,0.0,100.0,0.0,0.0,100.0,0.0,0.0,265.32,14.0,6.54,0.62,0.33
1849,37.5,0.0,100.0,0.0,0.0,100.0,0.0,0.0,190.83,6.5,10.6,0.62,0.3
1850,37.5,0.0,100.0,0.0,0.0,100.0,0.0,0.0,403.86,16.0,3.4,0.62,0.31
1851,37.5,0.0,100.0,0.0,0.0,100.0,0.0,0.0,358.9,6.25,11.17,0.62,0.32
1852,37.5,0.0,100.0,0.0,0.0,100.0,0.0,0.0,170.05,6.5,12.87,0.62,0.31
1853,37.5,0.0,100.0,0.0,0.0,100.0,0.0,0.0,259.89,8.0,7.75,0.62,0.33
1854,37.5,0.0,100.0,0.0,0.0,100.0,0.0,0.0,456.12,14.0,5.38,0.62,0.31
1855,37.5,0.0,100.0,0.0,0.0,100.0,0.0,0.0,339.64,7.0,8.38,0.62,0.32
1856,37.5,0.0,100.0,0.0,0.0,100.0,0.0,0.0,242.28,8.0,6.27,0.62,0.31
1857,37.5,0.0,100.0,0.0,0.0,100.0,0.0,0.0,220.94,12.5,8.72,0.62,0.32
1858,37.5,0.0,100.0,0.0,0.0,100.0,0.0,0.0,293.97,14.0,4.61,0.62,0.36
1859,37.5,0.0,100.0,0.0,0.0,100.0,0.0,0.0,348.34,14.0,7.39,0.62,0.37
1860,37.5,0.0,100.0,0.0,0.0,100.0,0.0,0.0,202.95,6.25,8.34,0.62,0.39
1861,37.5,0.0,100.0,0.0,0.0,100.0,0.0,0.0,172.84,12.5,5.97,0.62,0.4
1862,37.5,0.0,100.0,0.0,0.0,100.0,0.0,0.0,182.14,12.5,7.25,0.62,0.37
1863,37.5,0.0,100.0,0.0,0.0,100.0,0.0,0.0,315.2,16.0,5.05,0.62,0.36
1864,37.5,0.0,100.0,0.0,0.0,100.0,0.0,0.0,157.48,14.0,5.75,0.62,0.38
1865,37.5,0.0,100.0,0.0,0.0,100.0,0.0,0.0,123.76,6.25,8.77,0.62,0.38
1866,37.5,0.0,100.0,0.0,0.0,100.0,0.0,0.0,319.54,8.0,7.27,0.62,0.38
1867,37.5,0.0,100.0,0.0,0.0,100.0,0.0,0.0,275.5,16.0,7.02,0.62,0.37
1868,37.5,0.0,100.0,0.0,0.0,100.0,0.0,0.0,347.58,7.0,12.23,0.62,0.33
1869,37.5,0.0,100.0,0.0,0.0,100.0,0.0,0.0,269.29,1.75,12.75,0.62,0.37
1870,37.5,0.0,100.0,0.0,0.0,100.0,0.0,0.0,211.67,6.25,9.06,0.62,0.36
1871,37.5,0.0,100.0,0.0,0.0,100.0,0.0,0.0,348.63,6.5,9.82,0.62,0.35
1872,37.5,0.0,100.0,0.0,0.0,100.0,0.0,0.0,369.23,8.0,6.94,0.62,0.42
1873,37.5,0.0,100.0,0.0,0.0,100.0,0.0,0.0,334.44,7.0,6.51,0.62,0.37
1874,37.5,0.0,100.0,0.0,0.0,100.0,0.0,0.0,219.3,16.0,4.15,0.62,0.37
1875,37.5,0.0,100.0,0.0,0.0,100.0,0.0,0.0,266.1,13.0,7.71,0.62,0.36
1876,37.5,0.0,100.0,0.0,0.0,100.0,0.0,0.0,432.62,12.5,8.55,0.62,0.36
1877,37.5,0.0,100.0,0.0,0.0,100.0,0.0,0.0,462.07,6.5,8.43,0.62,0.41
1878,37.5,0.0,100.0,0.0,0.0,100.0,0.0,0.0,405.45,13.0,8.66,0.62,0.38
1879,37.5,0.0,100.0,0.0,0.0,100.0,0.0,0.0,187.09,12.25,8.2,0.62,0.38
1880,40.37,0.05,95.0,5.0,0.0,95.0,0.0,0.0,148.7,1.9,14.78,0.53,0.35
1881,37.5,0.0,100.0,0.0,0.0,100.0,0.0,0.0,255.73,6.25,9.9,0.62,0.36
1882,37.5,0.0,100.0,0.0,0.0,100.0,0.0,0.0,99.26,6.25,6.47,0.62,0.36
1883,33.3,0.09,91.0,9.0,0.0,91.0,0.0,0.0,158.76,1.12,12.03,0.53,0.35
1884,37.5,0.0,100.0,0.0,0.0,100.0,0.0,0.0,264.65,13.0,6.29,0.62,0.4
1885,37.5,0.0,100.0,0.0,0.0,100.0,0.0,0.0,347.79,8.0,6.97,0.62,0.36
1886,37.5,0.0,100.0,0.0,0.0,100.0,0.0,0.0,222.19,6.5,6.55,0.62,0.37
1887,37.5,0.0,100.0,0.0,0.0,100.0,0.0,0.0,381.69,3.5,13.24,0.62,0.34
1888,37.5,0.0,100.0,0.0,0.0,100.0,0.0,0.0,96.18,16.0,4.7,0.62,0.36
1889,37.5,0.0,100.0,0.0,0.0,100.0,0.0,0.0,368.66,16.0,3.77,0.62,0.37
1890,37.5,0.0,100.0,0.0,0.0,100.0,0.0,0.0,324.0,14.0,5.8,0.62,0.35
1891,37.5,0.0,100.0,0.0,0.0,100.0,0.0,0.0,146.84,7.0,9.54,0.62,0.4
1892,37.5,0.0,100.0,0.0,0.0,100.0,0.0,0.0,371.12,16.0,4.58,0.62,0.37
1893,37.5,0.0,100.0,0.0,0.0,100.0,0.0,0.0,432.12,2.0,11.22,0.62,0.36
1894,37.5,0.0,100.0,0.0,0.0,100.0,0.0,0.0,201.89,6.5,8.93,0.62,0.38
1895,37.5,0.0,100.0,0.0,0.0,100.0,0.0,0.0,355.89,6.5,8.67,0.62,0.4
1896,37.5,0.0,100.0,0.0,0.0,100.0,0.0,0.0,326.45,16.0,5.62,0.62,0.37
1897,37.5,0.0,100.0,0.0,0.0,100.0,0.0,0.0,224.14,14.0,6.87,0.62,0.34
1898,37.5,0.0,100.0,0.0,0.0,100.0,0.0,0.0,329.02,13.0,6.64,0.62,0.37
1899,37.5,0.0,100.0,0.0,0.0,100.0,0.0,0.0,396.7,13.0,7.6,0.62,0.36
1900,37.5,0.0,100.0,0.0,0.0,100.0,0.0,0.0,277.62,2.5,13.27,0.62,0.36
1901,37.5,0.0,100.0,0.0,0.0,100.0,0.0,0.0,372.54,12.5,6.62,0.62,0.38
1902,37.5,0.0,100.0,0.0,0.0,100.0,0.0,0.0,345.75,13.0,8.18,0.62,0.35
1903,37.5,0.0,100.0,0.0,0.0,100.0,0.0,0.0,241.6,14.0,5.66,0.62,0.37
1904,37.5,0.0,100.0,0.0,0.0,100.0,0.0,0.0,431.8,12.5,5.82,0.62,0.35
1905,37.5,0.0,100.0,0.0,0.0,100.0,0.0,0.0,366.3,3.25,10.91,0.62,0.37
1906,37.5,0.0,100.0,0.0,0.0,100.0,0.0,0.0,456.5,14.0,5.59,0.62,0.36
1907,37.5,0.0,100.0,0.0,0.0,100.0,0.0,0.0,414.71,13.0,7.81,0.62,0.37
1908,37.5,0.0,100.0,0.0,0.0,100.0,0.0,0.0,249.87,3.5,14.8,0.62,0.37
1909,37.5,0.0,100.0,0.0,0.0,100.0,0.0,0.0,365.1,14.0,5.48,0.62,0.31
1910,37.5,0.0,100.0,0.0,0.0,100.0,0.0,0.0,369.5,14.0,6.71,0.62,0.37
1911,37.5,0.0,100.0,0.0,0.0,100.0,0.0,0.0,364.32,13.0,7.56,0.62,0.36
1912,37.5,0.0,100.0,0.0,0.0,100.0,0.0,0.0,291.7,13.0,8.46,0.62,0.36
1913,37.5,0.0,100.0,0.0,0.0,100.0,0.0,0.0,360.75,2.0,10.91,0.62,0.39
1914,36.82,0.02,98.0,2.0,0.0,98.0,0.0,0.0,391.75,1.3,12.45,0.61,0.36
1915,37.5,0.0,100.0,0.0,0.0,100.0,0.0,0.0,276.61,6.25,8.61,0.62,0.37
1916,37.5,0.0,100.0,0.0,0.0,100.0,0.0,0.0,215.37,8.0,8.12,0.62,0.37
1917,37.5,0.0,100.0,0.0,0.0,100.0,0.0,0.0,163.46,8.0,9.0,0.62,0.36
1918,37.5,0.0,100.0,0.0,0.0,100.0,0.0,0.0,364.42,12.25,8.68,0.62,0.35
1919,37.5,0.0,100.0,0.0,0.0,100.0,0.0,0.0,142.42,8.0,8.57,0.62,0.32
1920,37.5,0.0,100.0,0.0,0.0,100.0,0.0,0.0,171.33,14.0,8.35,0.62,0.3
1921,37.5,0.0,100.0,0.0,0.0,100.0,0.0,0.0,286.33,14.0,5.52,0.62,0.31
1922,37.24,0.05,95.0,5.0,0.0,95.0,0.0,0.0,165.8,1.4,12.76,0.53,0.31
1923,37.5,0.0,100.0,0.0,0.0,100.0,0.0,0.0,342.7,13.0,8.84,0.62,0.29
1924,37.5,0.0,100.0,0.0,0.0,100.0,0.0,0.0,350.98,14.0,6.51,0.62,0.31
1925,37.5,0.0,100.0,0.0,0.0,100.0,0.0,0.0,227.63,14.0,4.69,0.62,0.34
1926,37.5,0.0,100.0,0.0,0.0,100.0,0.0,0.0,371.69,12.25,6.61,0.62,0.32
1927,37.5,0.0,100.0,0.0,0.0,100.0,0.0,0.0,374.02,14.0,5.34,0.62,0.31
1928,37.5,0.0,100.0,0.0,0.0,100.0,0.0,0.0,195.77,6.25,9.8,0.62,0.32
1929,37.5,0.0,100.0,0.0,0.0,100.0,0.0,0.0,175.63,14.0,5.98,0.62,0.3
1930,37.5,0.0,100.0,0.0,0.0,100.0,0.0,0.0,312.86,12.5,10.4,0.62,0.3
1931,37.5,0.0,100.0,0.0,0.0,100.0,0.0,0.0,229.95,6.25,8.58,0.62,0.3
1932,37.5,0.0,100.0,0.0,0.0,100.0,0.0,0.0,187.22,8.0,5.75,0.62,0.34
1933,37.5,0.0,100.0,0.0,0.0,100.0,0.0,0.0,366.51,14.0,5.02,0.62,0.3
1934,37.5,0.0,100.0,0.0,0.0,100.0,0.0,0.0,386.34,16.0,3.23,0.62,0.31
1935,37.5,0.0,100.0,0.0,0.0,100.0,0.0,0.0,215.71,12.25,5.88,0.62,0.31
1936,37.5,0.0,100.0,0.0,0.0,100.0,0.0,0.0,222.32,12.25,6.94,0.62,0.32
1937,37.5,0.0,100.0,0.0,0.0,100.0,0.0,0.0,258.66,14.0,6.15,0.62,0.32
1938,37.5,0.0,100.0,0.0,0.0,100.0,0.0,0.0,156.44,16.0,4.15,0.62,0.36
1939,37.5,0.0,100.0,0.0,0.0,100.0,0.0,0.0,213.47,16.0,3.21,0.62,0.39
1940,37.5,0.0,100.0,0.0,0.0,100.0,0.0,0.0,355.64,14.0,5.81,0.62,0.39
1941,37.5,0.0,100.0,0.0,0.0,100.0,0.0,0.0,429.61,16.0,4.45,0.62,0.42
1942,37.5,0.0,100.0,0.0,0.0,100.0,0.0,0.0,212.69,2.5,9.31,0.62,0.39
1943,37.5,0.0,100.0,0.0,0.0,100.0,0.0,0.0,407.91,14.0,4.76,0.62,0.39
1944,37.5,0.0,100.0,0.0,0.0,100.0,0.0,0.0,207.04,12.5,7.02,0.62,0.41
1945,41.59,0.04,96.0,4.0,0.0,96.0,0.0,0.0,204.05,1.33,13.87,0.53,0.38
1946,37.5,0.0,100.0,0.0,0.0,100.0,0.0,0.0,264.17,16.0,2.63,0.62,0.36
1947,37.5,0.0,100.0,0.0,0.0,100.0,0.0,0.0,325.53,6.5,9.62,0.62,0.36
1948,37.5,0.0,100.0,0.0,0.0,100.0,0.0,0.0,469.45,8.0,8.39,0.62,0.35
1949,37.5,0.0,100.0,0.0,0.0,100.0,0.0,0.0,284.59,16.0,3.5,0.62,0.36
1950,37.5,0.0,100.0,0.0,0.0,100.0,0.0,0.0,349.87,6.5,9.55,0.62,0.4
1951,37.5,0.0,100.0,0.0,0.0,100.0,0.0,0.0,324.02,1.75,16.68,0.62,0.34
1952,37.5,0.0,100.0,0.0,0.0,100.0,0.0,0.0,289.82,12.25,8.53,0.62,0.37
1953,37.5,0.0,100.0,0.0,0.0,100.0,0.0,0.0,326.2,3.25,12.64,0.62,0.38
1954,37.5,0.0,100.0,0.0,0.0,100.0,0.0,0.0,249.08,14.0,4.9,0.62,0.37
1955,37.5,0.0,100.0,0.0,0.0,100.0,0.0,0.0,254.8,7.0,6.81,0.62,0.36
1956,37.5,0.0,100.0,0.0,0.0,100.0,0.0,0.0,280.7,14.0,7.23,0.62,0.37
1957,37.5,0.0,100.0,0.0,0.0,100.0,0.0,0.0,273.19,16.0,4.81,0.62,0.37
1958,37.5,0.0,100.0,0.0,0.0,100.0,0.0,0.0,249.21,12.25,6.34,0.62,0.36
1959,37.5,0.0,100.0,0.0,0.0,100.0,0.0,0.0,403.21,8.0,7.04,0.62,0.36
1960,37.5,0.0,100.0,0.0,0.0,100.0,0.0,0.0,145.47,14.0,4.26,0.62,0.36
1961,37.5,0.0,100.0,0.0,0.0,100.0,0.0,0.0,360.01,3.25,11.48,0.62,0.37
1962,37.5,0.0,100.0,0.0,0.0,100.0,0.0,0.0,290.11,2.5,13.25,0.62,0.39
1963,37.5,0.0,100.0,0.0,0.0,100.0,0.0,0.0,105.89,8.0,6.53,0.62,0.34
1964,37.5,0.0,100.0,0.0,0.0,100.0,0.0,0.0,326.67,14.0,7.05,0.62,0.45
1965,37.5,0.0,100.0,0.0,0.0,100.0,0.0,0.0,424.32,12.5,7.11,0.62,0.35
1966,37.5,0.0,100.0,0.0,0.0,100.0,0.0,0.0,160.36,12.25,5.66,0.62,0.37
1967,37.5,0.0,100.0,0.0,0.0,100.0,0.0,0.0,219.89,12.5,8.8,0.62,0.39
1968,37.5,0.0,100.0,0.0,0.0,100.0,0.0,0.0,328.37,16.0,3.34,0.62,0.36
1969,37.5,0.0,100.0,0.0,0.0,100.0,0.0,0.0,232.21,16.0,5.34,0.62,0.39
1970,37.5,0.0,100.0,0.0,0.0,100.0,0.0,0.0,210.81,2.0,10.73,0.62,0.35
1971,37.5,0.0,100.0,0.0,0.0,100.0,0.0,0.0,245.65,14.0,7.17,0.62,0.38
1972,37.5,0.0,100.0,0.0,0.0,100.0,0.0,0.0,343.2,7.0,9.5,0.62,0.38
1973,38.76,0.06,94.0,6.0,0.0,94.0,0.0,0.0,185.89,1.91,12.77,0.53,0.39
1974,37.5,0.0,100.0,0.0,0.0,100.0,0.0,0.0,179.61,16.0,5.98,0.62,0.36
1975,37.5,0.0,100.0,0.0,0.0,100.0,0.0,0.0,314.02,14.0,4.43,0.62,0.37
1976,37.5,0.0,100.0,0.0,0.0,100.0,0.0,0.0,360.64,14.0,7.62,0.62,0.37
1977,37.5,0.0,100.0,0.0,0.0,100.0,0.0,0.0,209.1,14.0,5.25,0.62,0.35
1978,37.5,0.0,100.0,0.0,0.0,100.0,0.0,0.0,259.96,6.5,7.95,0.62,0.36
1979,37.5,0.0,100.0,0.0,0.0,100.0,0.0,0.0,249.47,16.0,3.86,0.62,0.4
1980,37.5,0.0,100.0,0.0,0.0,100.0,0.0,0.0,259.21,14.0,5.77,0.62,0.36
1981,37.5,0.0,100.0,0.0,0.0,100.0,0.0,0.0,255.62,6.25,9.17,0.62,0.36
1982,37.5,0.0,100.0,0.0,0.0,100.0,0.0,0.0,339.3,12.5,8.01,0.62,0.36
1983,37.5,0.0,100.0,0.0,0.0,100.0,0.0,0.0,367.85,4.0,12.88,0.62,0.38
1984,37.5,0.0,100.0,0.0,0.0,100.0,0.0,0.0,318.42,14.0,6.53,0.62,0.37
1985,37.5,0.0,100.0,0.0,0.0,100.0,0.0,0.0,433.99,13.0,7.61,0.62,0.36
1986,37.5,0.0,100.0,0.0,0.0,100.0,0.0,0.0,264.33,14.0,5.3,0.62,0.35
1987,37.5,0.0,100.0,0.0,0.0,100.0,0.0,0.0,165.98,14.0,7.43,0.62,0.36
1988,37.5,0.0,100.0,0.0,0.0,100.0,0.0,0.0,363.86,12.5,8.75,0.62,0.36
1989,37.5,0.0,100.0,0.0,0.0,100.0,0.0,0.0,303.78,14.0,5.61,0.62,0.35
1990,37.5,0.0,100.0,0.0,0.0,100.0,0.0,0.0,282.08,13.0,6.54,0.62,0.37
1991,37.5,0.0,100.0,0.0,0.0,100.0,0.0,0.0,135.49,2.0,12.31,0.62,0.37
1992,37.5,0.0,100.0,0.0,0.0,100.0,0.0,0.0,254.81,14.0,6.66,0.62,0.36
1993,37.5,0.0,100.0,0.0,0.0,100.0,0.0,0.0,311.6,7.0,8.42,0.62,0.36
1994,37.5,0.0,100.0,0.0,0.0,100.0,0.0,0.0,355.86,7.0,9.75,0.62,0.35
1995,37.5,0.0,100.0,0.0,0.0,100.0,0.0,0.0,286.42,6.5,7.75,0.62,0.37
1996,29.19,0.08,92.0,8.0,0.0,92.0,0.0,0.0,246.97,1.77,14.0,0.6,0.35
1997,37.5,0.0,100.0,0.0,0.0,100.0,0.0,0.0,303.86,1.75,9.94,0.62,0.35
1998,37.5,0.0,100.0,0.0,0.0,100.0,0.0,0.0,353.82,14.0,5.76,0.62,0.34
1999,37.5,0.0,100.0,0.0,0.0,100.0,0.0,0.0,201.53,14.0,5.38,0.62,0.31
2000,37.5,0.0,100.0,0.0,0.0,100.0,0.0,0.0,313.38,14.0,6.75,0.62,0.31
