1,45.59,0.0,100.0,0.0,0.0,100.0,0.0,0.0,107.01,7.27,6.44,0.54,0.64
2,67.49,0.03,97.0,3.0,0.0,97.0,0.0,0.0,83.56,2.1,9.43,0.28,0.7
3,31.25,0.0,100.0,0.0,0.0,100.0,0.0,0.0,270.8,16.0,3.2,0.69,0.34
4,44.43,0.17,83.0,17.0,0.0,83.0,0.0,0.0,69.16,1.58,10.38,0.28,0.34
5,32.1,0.0,100.0,0.0,0.0,100.0,0.0,0.0,299.44,14.92,2.86,0.68,0.34
6,51.59,0.0,100.0,0.0,0.0,100.0,0.0,0.0,70.92,12.89,4.28,0.49,0.36
7,46.23,0.0,100.0,0.0,0.0,100.0,0.0,0.0,135.1,12.03,5.31,0.51,0.36
8,31.25,0.0,100.0,0.0,0.0,100.0,0.0,0.0,229.53,14.5,4.18,0.69,0.36
9,48.5,0.0,100.0,0.0,0.0,100.0,0.0,0.0,103.54,6.12,7.35,0.52,0.37
10,50.25,0.0,100.0,0.0,0.0,100.0,0.0,0.0,151.16,6.62,6.57,0.5,0.38
11,49.25,0.0,100.0,0.0,0.0,100.0,0.0,0.0,93.84,7.19,5.39,0.53,0.36
12,31.25,0.0,100.0,0.0,0.0,100.0,0.0,0.0,255.57,16.0,2.1,0.69,0.34
13,31.98,0.0,100.0,0.0,0.0,100.0,0.0,0.0,303.32,14.93,4.11,0.68,0.35
14,52.15,0.0,100.0,0.0,0.0,100.0,0.0,0.0,96.79,14.48,3.7,0.51,0.44
15,44.06,0.05,95.0,5.0,0.0,95.0,0.0,0.0,164.67,11.78,5.76,0.5,0.43
16,31.25,0.0,100.0,0.0,0.0,100.0,0.0,0.0,198.09,16.0,2.32,0.69,0.41
17,31.25,0.0,100.0,0.0,0.0,100.0,0.0,0.0,289.21,15.0,3.56,0.69,0.4
18,48.42,0.0,100.0,0.0,0.0,100.0,0.0,0.0,104.61,12.62,6.26,0.53,0.43
19,32.74,0.0,100.0,0.0,0.0,100.0,0.0,0.0,47.92,7.44,5.96,0.68,0.43
20,46.83,0.0,100.0,0.0,0.0,100.0,0.0,0.0,89.24,12.89,5.29,0.52,0.44
21,31.56,0.0,100.0,0.0,0.0,100.0,0.0,0.0,330.01,7.98,5.44,0.68,0.38
22,35.53,0.06,94.0,6.0,0.0,94.0,0.0,0.0,104.57,12.47,4.64,0.56,0.5
23,44.61,0.0,100.0,0.0,0.0,100.0,0.0,0.0,86.27,7.44,5.96,0.56,0.41
24,48.22,0.0,100.0,0.0,0.0,100.0,0.0,0.0,139.29,13.79,4.57,0.48,0.45
25,31.92,0.0,100.0,0.0,0.0,100.0,0.0,0.0,292.83,15.81,3.66,0.67,0.39
26,51.12,0.0,100.0,0.0,0.0,100.0,0.0,0.0,84.47,12.16,6.41,0.51,0.41
27,51.89,0.0,100.0,0.0,0.0,100.0,0.0,0.0,102.97,14.35,4.52,0.49,0.43
28,49.67,0.0,100.0,0.0,0.0,100.0,0.0,0.0,121.69,6.33,6.7,0.52,0.42
29,31.58,0.0,100.0,0.0,0.0,100.0,0.0,0.0,359.89,14.95,4.4,0.68,0.42
30,45.65,0.0,100.0,0.0,0.0,100.0,0.0,0.0,118.8,12.26,6.85,0.54,0.42
31,46.79,0.0,100.0,0.0,0.0,100.0,0.0,0.0,73.2,3.85,9.72,0.55,0.41
32,61.06,0.1,90.0,10.0,0.0,90.0,0.0,0.0,83.39,1.31,10.64,0.18,0.42
33,47.66,0.0,100.0,0.0,0.0,100.0,0.0,0.0,102.04,3.23,9.95,0.53,0.44
34,52.79,0.02,98.0,2.0,0.0,98.0,0.0,0.0,97.65,5.94,7.01,0.47,0.44
35,73.53,0.0,100.0,0.0,0.0,100.0,0.0,0.0,60.45,2.24,9.97,0.3,0.44
36,51.89,0.0,100.0,0.0,0.0,100.0,0.0,0.0,72.71,7.17,6.48,0.49,0.42
37,31.59,0.0,100.0,0.0,0.0,100.0,0.0,0.0,95.27,14.14,4.34,0.68,0.52
38,50.91,0.0,100.0,0.0,0.0,100.0,0.0,0.0,80.2,12.51,6.52,0.49,0.44
39,32.63,0.0,100.0,0.0,0.0,100.0,0.0,0.0,190.03,14.79,3.65,0.67,0.43
40,31.25,0.0,100.0,0.0,0.0,100.0,0.0,0.0,446.39,16.0,3.22,0.69,0.41
41,49.6,0.0,100.0,0.0,0.0,100.0,0.0,0.0,140.98,12.85,4.87,0.52,0.43
42,35.15,0.11,89.0,11.0,0.0,89.0,0.0,0.0,85.93,5.84,8.56,0.5,0.4
43,31.25,0.0,100.0,0.0,0.0,100.0,0.0,0.0,403.25,16.0,3.25,0.69,0.4
44,52.5,0.0,100.0,0.0,0.0,100.0,0.0,0.0,114.31,14.07,4.87,0.5,0.45
45,32.35,0.0,100.0,0.0,0.0,100.0,0.0,0.0,281.83,14.82,3.49,0.67,0.38
46,49.97,0.0,100.0,0.0,0.0,100.0,0.0,0.0,123.97,6.33,6.36,0.49,0.44
47,52.04,0.0,100.0,0.0,0.0,100.0,0.0,0.0,83.17,6.03,7.0,0.5,0.42
48,45.48,0.0,100.0,0.0,0.0,100.0,0.0,0.0,162.77,12.39,5.48,0.52,0.4
49,31.94,0.0,100.0,0.0,0.0,100.0,0.0,0.0,363.49,14.91,3.55,0.68,0.43
50,45.11,0.0,100.0,0.0,0.0,100.0,0.0,0.0,113.41,12.45,5.97,0.54,0.42
51,31.25,0.0,100.0,0.0,0.0,100.0,0.0,0.0,173.99,7.5,6.89,0.69,0.39
52,48.79,0.0,100.0,0.0,0.0,100.0,0.0,0.0,88.44,14.62,3.53,0.52,0.43
53,49.52,0.0,100.0,0.0,0.0,100.0,0.0,0.0,130.31,12.7,5.81,0.49,0.57
54,50.35,0.0,100.0,0.0,0.0,100.0,0.0,0.0,133.76,12.67,4.98,0.5,0.52
55,31.85,0.0,100.0,0.0,0.0,100.0,0.0,0.0,393.71,7.22,8.07,0.68,0.48
56,50.85,0.0,100.0,0.0,0.0,100.0,0.0,0.0,50.97,12.83,4.95,0.51,0.48
57,31.25,0.0,100.0,0.0,0.0,100.0,0.0,0.0,310.09,15.0,3.26,0.69,0.39
58,52.26,0.0,100.0,0.0,0.0,100.0,0.0,0.0,127.61,11.73,6.33,0.48,0.44
59,31.25,0.0,100.0,0.0,0.0,100.0,0.0,0.0,342.57,15.0,3.65,0.69,0.39
60,30.18,0.07,93.0,7.0,0.0,93.0,0.0,0.0,254.01,2.44,11.26,0.61,0.4
61,47.47,0.0,100.0,0.0,0.0,100.0,0.0,0.0,99.83,7.29,6.95,0.52,0.42
62,56.28,0.0,100.0,0.0,0.0,100.0,0.0,0.0,65.45,11.81,6.73,0.5,0.43
63,32.0,0.0,100.0,0.0,0.0,100.0,0.0,0.0,295.02,15.93,3.01,0.68,0.41
64,51.97,0.0,100.0,0.0,0.0,100.0,0.0,0.0,54.78,11.7,6.59,0.46,0.55
65,46.08,0.0,100.0,0.0,0.0,100.0,0.0,0.0,83.27,13.65,4.43,0.54,0.47
66,46.29,0.0,100.0,0.0,0.0,100.0,0.0,0.0,135.11,2.13,10.2,0.5,0.39
67,56.44,0.0,100.0,0.0,0.0,100.0,0.0,0.0,97.4,10.87,5.82,0.44,0.36
68,50.46,0.0,100.0,0.0,0.0,100.0,0.0,0.0,74.38,12.86,5.94,0.51,0.39
69,53.19,0.0,100.0,0.0,0.0,100.0,0.0,0.0,66.54,11.6,4.99,0.5,0.41
70,47.77,0.0,100.0,0.0,0.0,100.0,0.0,0.0,93.02,14.46,4.53,0.52,0.41
71,31.62,0.0,100.0,0.0,0.0,100.0,0.0,0.0,348.05,15.97,3.61,0.68,0.41
72,47.15,0.0,100.0,0.0,0.0,100.0,0.0,0.0,84.13,11.62,5.16,0.5,0.73
73,47.71,0.0,100.0,0.0,0.0,100.0,0.0,0.0,80.68,2.25,10.52,0.54,0.77
74,57.61,0.0,100.0,0.0,0.0,100.0,0.0,0.0,71.52,12.48,5.56,0.47,0.39
75,46.6,0.0,100.0,0.0,0.0,100.0,0.0,0.0,66.25,13.33,3.95,0.55,0.49
76,31.25,0.0,100.0,0.0,0.0,100.0,0.0,0.0,222.42,16.0,2.79,0.69,0.37
77,39.07,0.07,93.0,7.0,0.0,93.0,0.0,0.0,91.73,12.05,5.32,0.53,0.39
78,31.89,0.0,100.0,0.0,0.0,100.0,0.0,0.0,205.2,16.0,3.56,0.68,0.37
79,32.93,0.0,100.0,0.0,0.0,100.0,0.0,0.0,147.99,14.26,5.32,0.67,0.4
80,44.97,0.0,100.0,0.0,0.0,100.0,0.0,0.0,76.4,14.3,3.41,0.53,0.41
81,47.45,0.0,100.0,0.0,0.0,100.0,0.0,0.0,98.13,1.95,9.44,0.56,0.43
82,49.89,0.0,100.0,0.0,0.0,100.0,0.0,0.0,63.62,12.96,3.85,0.49,0.43
83,47.56,0.0,100.0,0.0,0.0,100.0,0.0,0.0,123.81,13.79,4.81,0.49,0.44
84,39.82,0.03,97.0,3.0,0.0,97.0,0.0,0.0,134.21,11.88,5.4,0.54,0.42
85,46.61,0.0,100.0,0.0,0.0,100.0,0.0,0.0,94.99,11.87,5.55,0.53,0.48
86,49.47,0.0,100.0,0.0,0.0,100.0,0.0,0.0,90.67,7.42,6.81,0.52,0.46
87,56.68,0.0,100.0,0.0,0.0,100.0,0.0,0.0,93.61,11.59,5.92,0.46,0.43
88,67.77,0.0,100.0,0.0,0.0,100.0,0.0,0.0,50.82,1.43,10.79,0.27,0.45
89,51.2,0.0,100.0,0.0,0.0,100.0,0.0,0.0,62.27,2.15,8.7,0.47,0.52
90,49.48,0.0,100.0,0.0,0.0,100.0,0.0,0.0,82.39,12.18,6.1,0.52,0.44
91,46.73,0.0,100.0,0.0,0.0,100.0,0.0,0.0,108.23,6.55,7.33,0.55,0.44
92,32.7,0.0,100.0,0.0,0.0,100.0,0.0,0.0,318.28,7.95,4.66,0.67,0.46
93,46.8,0.0,100.0,0.0,0.0,100.0,0.0,0.0,164.94,14.26,3.83,0.53,0.43
94,55.83,0.0,100.0,0.0,0.0,100.0,0.0,0.0,60.67,6.05,6.94,0.46,0.44
95,46.26,0.0,100.0,0.0,0.0,100.0,0.0,0.0,116.12,6.03,7.1,0.5,0.45
96,52.37,0.0,100.0,0.0,0.0,100.0,0.0,0.0,127.79,11.55,6.04,0.44,0.43
97,54.57,0.0,100.0,0.0,0.0,100.0,0.0,0.0,111.07,5.99,9.8,0.46,0.44
98,49.89,0.0,100.0,0.0,0.0,100.0,0.0,0.0,104.98,13.37,3.53,0.51,0.43
99,47.01,0.0,100.0,0.0,0.0,100.0,0.0,0.0,125.53,12.9,5.68,0.51,0.42
100,46.78,0.0,100.0,0.0,0.0,100.0,0.0,0.0,106.96,14.35,3.91,0.54,0.42
101,38.79,0.0,100.0,0.0,0.0,100.0,0.0,0.0,62.05,2.38,10.96,0.62,0.38
102,27.32,0.12,88.0,12.0,0.0,88.0,0.0,0.0,100.98,6.41,7.1,0.56,0.39
103,49.02,0.0,100.0,0.0,0.0,100.0,0.0,0.0,75.72,7.27,5.74,0.53,0.45
104,51.77,0.0,100.0,0.0,0.0,100.0,0.0,0.0,81.63,12.79,5.32,0.51,0.41
105,32.36,0.0,100.0,0.0,0.0,100.0,0.0,0.0,72.8,15.89,3.69,0.67,0.4
106,46.29,0.0,100.0,0.0,0.0,100.0,0.0,0.0,110.45,12.02,4.94,0.52,0.42
107,50.74,0.0,100.0,0.0,0.0,100.0,0.0,0.0,95.18,12.56,5.15,0.5,0.4
108,47.94,0.0,100.0,0.0,0.0,100.0,0.0,0.0,100.71,13.18,5.14,0.53,0.48
109,32.32,0.0,100.0,0.0,0.0,100.0,0.0,0.0,224.47,7.21,7.26,0.68,0.41
110,40.63,0.0,100.0,0.0,0.0,100.0,0.0,0.0,81.93,13.07,5.58,0.57,0.44
111,49.42,0.0,100.0,0.0,0.0,100.0,0.0,0.0,113.29,14.36,3.96,0.49,0.45
112,32.27,0.0,100.0,0.0,0.0,100.0,0.0,0.0,144.44,14.16,4.52,0.68,0.4
113,44.79,0.0,100.0,0.0,0.0,100.0,0.0,0.0,59.24,7.49,6.07,0.56,0.47
114,40.19,0.0,100.0,0.0,0.0,100.0,0.0,0.0,185.82,2.0,11.04,0.57,0.45
115,31.25,0.0,100.0,0.0,0.0,100.0,0.0,0.0,335.79,16.0,2.59,0.69,0.38
116,48.97,0.0,100.0,0.0,0.0,100.0,0.0,0.0,108.14,14.07,4.96,0.5,0.46
117,45.8,0.0,100.0,0.0,0.0,100.0,0.0,0.0,119.67,3.54,10.33,0.54,0.43
118,51.56,0.0,100.0,0.0,0.0,100.0,0.0,0.0,84.24,1.69,10.73,0.5,0.44
119,31.76,0.0,100.0,0.0,0.0,100.0,0.0,0.0,197.09,14.94,3.25,0.68,0.39
120,32.24,0.0,100.0,0.0,0.0,100.0,0.0,0.0,354.39,14.95,3.39,0.68,0.36
121,31.25,0.0,100.0,0.0,0.0,100.0,0.0,0.0,159.18,15.0,4.33,0.69,0.39
122,31.89,0.0,100.0,0.0,0.0,100.0,0.0,0.0,398.34,14.95,3.81,0.68,0.7
123,50.94,0.0,100.0,0.0,0.0,100.0,0.0,0.0,104.51,12.28,4.86,0.48,0.49
124,47.57,0.0,100.0,0.0,0.0,100.0,0.0,0.0,111.22,7.04,6.67,0.5,0.52
125,49.98,0.0,100.0,0.0,0.0,100.0,0.0,0.0,88.34,12.57,5.19,0.49,0.43
126,50.7,0.0,100.0,0.0,0.0,100.0,0.0,0.0,152.45,14.04,3.4,0.51,0.4
127,31.25,0.0,100.0,0.0,0.0,100.0,0.0,0.0,190.9,8.0,6.17,0.69,0.66
128,37.97,0.08,92.0,8.0,0.0,92.0,0.0,0.0,92.76,5.96,7.35,0.51,0.49
129,31.25,0.0,100.0,0.0,0.0,100.0,0.0,0.0,269.27,16.0,2.86,0.69,0.51
130,32.39,0.0,100.0,0.0,0.0,100.0,0.0,0.0,321.67,14.09,5.36,0.68,0.6
131,45.36,0.0,100.0,0.0,0.0,100.0,0.0,0.0,43.04,6.33,7.49,0.51,0.5
132,32.26,0.0,100.0,0.0,0.0,100.0,0.0,0.0,385.48,14.16,4.14,0.68,0.35
133,50.06,0.0,100.0,0.0,0.0,100.0,0.0,0.0,56.37,6.51,8.09,0.51,0.44
134,32.44,0.0,100.0,0.0,0.0,100.0,0.0,0.0,192.68,15.93,2.27,0.68,0.4
135,33.01,0.0,100.0,0.0,0.0,100.0,0.0,0.0,148.93,14.76,4.43,0.67,0.34
136,48.53,0.0,100.0,0.0,0.0,100.0,0.0,0.0,103.33,12.98,4.31,0.53,0.36
137,51.49,0.0,100.0,0.0,0.0,100.0,0.0,0.0,123.34,3.25,11.33,0.48,0.37
138,31.55,0.0,100.0,0.0,0.0,100.0,0.0,0.0,197.23,14.41,3.61,0.68,0.34
139,31.79,0.0,100.0,0.0,0.0,100.0,0.0,0.0,337.11,15.93,4.33,0.68,0.34
140,31.73,0.0,100.0,0.0,0.0,100.0,0.0,0.0,141.36,14.21,5.51,0.68,0.36
141,31.81,0.0,100.0,0.0,0.0,100.0,0.0,0.0,85.72,14.91,4.17,0.68,0.34
142,31.25,0.0,100.0,0.0,0.0,100.0,0.0,0.0,235.22,16.0,3.96,0.69,0.36
143,31.89,0.0,100.0,0.0,0.0,100.0,0.0,0.0,260.95,7.94,6.06,0.68,0.4
144,32.59,0.0,100.0,0.0,0.0,100.0,0.0,0.0,219.67,7.18,7.58,0.68,0.33
145,31.97,0.0,100.0,0.0,0.0,100.0,0.0,0.0,279.61,7.96,6.03,0.68,0.38
146,31.25,0.0,100.0,0.0,0.0,100.0,0.0,0.0,381.61,15.0,4.56,0.69,0.43
147,31.86,0.0,100.0,0.0,0.0,100.0,0.0,0.0,339.21,3.73,10.59,0.68,0.41
148,50.91,0.0,100.0,0.0,0.0,100.0,0.0,0.0,90.1,3.61,10.67,0.49,0.49
149,52.13,0.0,100.0,0.0,0.0,100.0,0.0,0.0,101.32,2.05,10.22,0.5,0.54
150,31.25,0.0,100.0,0.0,0.0,100.0,0.0,0.0,459.52,16.0,2.49,0.69,0.42
151,50.22,0.07,93.0,7.0,0.0,93.0,0.0,0.0,95.07,1.76,10.26,0.51,0.46
152,31.68,0.0,100.0,0.0,0.0,100.0,0.0,0.0,250.98,15.94,4.29,0.68,0.4
153,54.01,0.0,100.0,0.0,0.0,100.0,0.0,0.0,73.62,11.56,6.75,0.47,0.48
154,48.12,0.0,100.0,0.0,0.0,100.0,0.0,0.0,106.51,12.84,4.41,0.51,0.43
155,31.55,0.0,100.0,0.0,0.0,100.0,0.0,0.0,212.66,15.98,2.31,0.69,0.4
156,31.25,0.0,100.0,0.0,0.0,100.0,0.0,0.0,199.07,14.5,4.68,0.69,0.41
157,31.25,0.0,100.0,0.0,0.0,100.0,0.0,0.0,162.04,16.0,3.79,0.69,0.42
158,47.89,0.0,100.0,0.0,0.0,100.0,0.0,0.0,105.93,12.61,4.93,0.5,0.49
159,47.75,0.0,100.0,0.0,0.0,100.0,0.0,0.0,45.36,12.89,5.43,0.52,0.45
160,32.01,0.0,100.0,0.0,0.0,100.0,0.0,0.0,432.38,7.48,7.8,0.68,0.42
161,55.49,0.0,100.0,0.0,0.0,100.0,0.0,0.0,72.42,13.2,5.63,0.44,0.47
162,51.14,0.0,100.0,0.0,0.0,100.0,0.0,0.0,77.43,12.71,6.0,0.5,0.45
163,47.45,0.0,100.0,0.0,0.0,100.0,0.0,0.0,59.82,13.5,4.39,0.57,0.52
164,54.59,0.0,100.0,0.0,0.0,100.0,0.0,0.0,105.3,12.25,5.21,0.49,0.42
165,37.97,0.05,95.0,5.0,0.0,95.0,0.0,0.0,123.2,12.27,4.68,0.54,0.43
166,51.08,0.0,100.0,0.0,0.0,100.0,0.0,0.0,116.3,12.48,5.27,0.49,0.4
167,47.1,0.0,100.0,0.0,0.0,100.0,0.0,0.0,99.55,14.41,4.9,0.53,0.45
168,43.49,0.0,100.0,0.0,0.0,100.0,0.0,0.0,127.7,13.48,5.01,0.55,0.43
169,31.25,0.0,100.0,0.0,0.0,100.0,0.0,0.0,422.28,15.0,3.08,0.69,0.39
170,47.17,0.0,100.0,0.0,0.0,100.0,0.0,0.0,103.07,7.25,6.13,0.53,0.41
171,31.25,0.0,100.0,0.0,0.0,100.0,0.0,0.0,226.51,16.0,3.23,0.69,0.41
172,47.78,0.0,100.0,0.0,0.0,100.0,0.0,0.0,94.75,3.47,11.45,0.52,0.38
173,31.25,0.0,100.0,0.0,0.0,100.0,0.0,0.0,321.33,15.0,3.56,0.69,0.42
174,52.93,0.0,100.0,0.0,0.0,100.0,0.0,0.0,68.33,11.82,5.99,0.5,0.38
175,51.62,0.0,100.0,0.0,0.0,100.0,0.0,0.0,112.05,12.86,4.55,0.49,0.4
176,49.98,0.0,100.0,0.0,0.0,100.0,0.0,0.0,82.15,12.95,3.75,0.52,0.4
177,31.25,0.0,100.0,0.0,0.0,100.0,0.0,0.0,387.68,14.5,4.8,0.69,0.4
178,51.54,0.0,100.0,0.0,0.0,100.0,0.0,0.0,105.86,13.81,4.12,0.5,0.44
179,46.86,0.0,100.0,0.0,0.0,100.0,0.0,0.0,99.91,7.15,5.92,0.53,0.44
180,49.56,0.0,100.0,0.0,0.0,100.0,0.0,0.0,70.3,14.5,3.51,0.49,0.44
181,32.3,0.0,100.0,0.0,0.0,100.0,0.0,0.0,334.05,14.82,3.75,0.68,0.39
182,31.25,0.0,100.0,0.0,0.0,100.0,0.0,0.0,420.64,8.0,7.18,0.69,0.36
183,53.97,0.0,100.0,0.0,0.0,100.0,0.0,0.0,70.73,12.79,5.31,0.45,0.43
184,31.73,0.0,100.0,0.0,0.0,100.0,0.0,0.0,126.03,15.94,3.61,0.68,0.38
185,42.62,0.05,95.0,5.0,0.0,95.0,0.0,0.0,79.23,12.38,5.51,0.53,0.39
186,31.83,0.0,100.0,0.0,0.0,100.0,0.0,0.0,137.01,7.96,6.52,0.68,0.39
187,46.31,0.0,100.0,0.0,0.0,100.0,0.0,0.0,104.38,13.01,4.18,0.53,0.41
188,32.02,0.0,100.0,0.0,0.0,100.0,0.0,0.0,85.78,7.96,5.34,0.68,0.39
189,45.71,0.0,100.0,0.0,0.0,100.0,0.0,0.0,120.38,6.58,7.65,0.56,0.41
190,32.72,0.0,100.0,0.0,0.0,100.0,0.0,0.0,366.39,14.85,3.6,0.68,0.37
191,47.89,0.0,100.0,0.0,0.0,100.0,0.0,0.0,82.64,3.42,10.69,0.47,0.43
192,32.65,0.0,100.0,0.0,0.0,100.0,0.0,0.0,125.18,14.07,4.38,0.67,0.47
193,32.02,0.0,100.0,0.0,0.0,100.0,0.0,0.0,272.17,14.14,5.44,0.68,0.42
194,46.51,0.0,100.0,0.0,0.0,100.0,0.0,0.0,95.37,2.06,10.05,0.53,0.47
195,42.42,0.0,100.0,0.0,0.0,100.0,0.0,0.0,171.87,2.44,11.44,0.56,0.44
196,47.58,0.0,100.0,0.0,0.0,100.0,0.0,0.0,144.71,3.85,10.38,0.51,0.43
197,31.25,0.0,100.0,0.0,0.0,100.0,0.0,0.0,383.11,15.0,3.61,0.69,0.32
198,50.62,0.0,100.0,0.0,0.0,100.0,0.0,0.0,73.04,3.79,10.29,0.47,0.35
199,49.64,0.0,100.0,0.0,0.0,100.0,0.0,0.0,91.17,5.94,5.98,0.49,0.38
200,42.62,0.0,100.0,0.0,0.0,100.0,0.0,0.0,149.84,13.66,5.18,0.57,0.33
201,47.42,0.0,100.0,0.0,0.0,100.0,0.0,0.0,97.04,7.18,6.93,0.51,0.41
202,32.23,0.0,100.0,0.0,0.0,100.0,0.0,0.0,334.01,14.88,3.52,0.68,0.42
203,43.68,0.0,100.0,0.0,0.0,100.0,0.0,0.0,177.74,2.1,8.82,0.54,0.44
204,31.37,0.0,100.0,0.0,0.0,100.0,0.0,0.0,280.29,14.97,3.3,0.68,0.34
205,49.25,0.0,100.0,0.0,0.0,100.0,0.0,0.0,103.77,6.53,7.84,0.52,0.37
206,51.63,0.0,100.0,0.0,0.0,100.0,0.0,0.0,90.92,6.42,7.83,0.48,0.4
207,31.69,0.0,100.0,0.0,0.0,100.0,0.0,0.0,266.09,14.13,5.75,0.68,0.34
208,57.03,0.0,100.0,0.0,0.0,100.0,0.0,0.0,62.82,12.13,6.19,0.44,0.35
209,46.48,0.0,100.0,0.0,0.0,100.0,0.0,0.0,95.48,12.16,4.71,0.52,0.34
210,31.25,0.0,100.0,0.0,0.0,100.0,0.0,0.0,332.84,16.0,3.6,0.69,0.36
211,48.94,0.0,100.0,0.0,0.0,100.0,0.0,0.0,131.14,6.41,7.16,0.51,0.33
212,32.43,0.0,100.0,0.0,0.0,100.0,0.0,0.0,109.27,14.91,4.02,0.68,0.29
213,46.21,0.0,100.0,0.0,0.0,100.0,0.0,0.0,102.51,14.88,4.07,0.54,0.32
214,31.25,0.0,100.0,0.0,0.0,100.0,0.0,0.0,296.45,14.5,4.87,0.69,0.31
215,47.36,0.0,100.0,0.0,0.0,100.0,0.0,0.0,69.9,12.3,5.46,0.5,0.36
216,31.67,0.0,100.0,0.0,0.0,100.0,0.0,0.0,205.75,7.97,6.33,0.68,0.34
217,62.44,0.08,92.0,8.0,0.0,92.0,0.0,0.0,78.77,2.46,10.62,0.26,0.47
218,44.81,0.0,100.0,0.0,0.0,100.0,0.0,0.0,121.52,6.37,7.48,0.54,0.47
219,31.25,0.0,100.0,0.0,0.0,100.0,0.0,0.0,331.95,14.5,5.52,0.69,0.39
220,31.25,0.0,100.0,0.0,0.0,100.0,0.0,0.0,242.24,15.0,3.31,0.69,0.41
221,49.81,0.0,100.0,0.0,0.0,100.0,0.0,0.0,133.34,3.48,9.83,0.51,0.44
222,32.85,0.0,100.0,0.0,0.0,100.0,0.0,0.0,204.42,14.04,4.7,0.67,0.41
223,51.21,0.0,100.0,0.0,0.0,100.0,0.0,0.0,68.73,13.95,5.26,0.49,0.38
224,44.58,0.0,100.0,0.0,0.0,100.0,0.0,0.0,99.88,6.77,6.52,0.52,0.37
225,46.89,0.0,100.0,0.0,0.0,100.0,0.0,0.0,109.34,12.88,4.88,0.52,0.37
226,33.49,0.0,100.0,0.0,0.0,100.0,0.0,0.0,343.16,13.94,3.82,0.67,0.35
227,33.35,0.0,100.0,0.0,0.0,100.0,0.0,0.0,119.02,13.99,5.9,0.67,0.41
228,33.15,0.0,100.0,0.0,0.0,100.0,0.0,0.0,251.16,7.16,6.91,0.67,0.36
229,34.06,0.0,100.0,0.0,0.0,100.0,0.0,0.0,168.53,7.08,7.54,0.66,0.39
230,32.11,0.0,100.0,0.0,0.0,100.0,0.0,0.0,195.79,15.91,3.39,0.68,0.33
231,32.03,0.0,100.0,0.0,0.0,100.0,0.0,0.0,320.94,7.96,5.55,0.68,0.37
232,31.25,0.0,100.0,0.0,0.0,100.0,0.0,0.0,279.87,16.0,2.78,0.69,0.34
233,49.94,0.0,100.0,0.0,0.0,100.0,0.0,0.0,128.83,11.41,6.45,0.48,0.43
234,47.17,0.0,100.0,0.0,0.0,100.0,0.0,0.0,93.48,13.16,5.26,0.54,0.39
235,48.9,0.0,100.0,0.0,0.0,100.0,0.0,0.0,44.57,7.62,6.0,0.52,0.36
236,52.38,0.0,100.0,0.0,0.0,100.0,0.0,0.0,80.26,11.94,6.76,0.5,0.39
237,45.99,0.0,100.0,0.0,0.0,100.0,0.0,0.0,96.26,7.2,7.24,0.53,0.36
238,81.0,0.0,100.0,0.0,0.0,100.0,0.0,0.0,72.5,1.77,9.06,0.2,0.38
239,47.43,0.0,100.0,0.0,0.0,100.0,0.0,0.0,101.6,14.43,4.91,0.52,0.41
240,50.73,0.0,100.0,0.0,0.0,100.0,0.0,0.0,42.57,1.65,12.61,0.46,0.37
241,45.6,0.0,100.0,0.0,0.0,100.0,0.0,0.0,117.88,12.94,5.86,0.52,0.38
242,31.25,0.0,100.0,0.0,0.0,100.0,0.0,0.0,334.83,16.0,3.3,0.69,0.38
243,46.32,0.0,100.0,0.0,0.0,100.0,0.0,0.0,86.22,13.44,4.83,0.53,0.4
244,48.24,0.0,100.0,0.0,0.0,100.0,0.0,0.0,93.27,12.74,5.41,0.55,0.41
245,31.72,0.0,100.0,0.0,0.0,100.0,0.0,0.0,205.88,14.95,3.95,0.68,0.44
246,44.54,0.0,100.0,0.0,0.0,100.0,0.0,0.0,76.5,13.29,4.93,0.54,0.43
247,45.44,0.0,100.0,0.0,0.0,100.0,0.0,0.0,123.12,12.94,5.11,0.53,0.4
248,32.01,0.0,100.0,0.0,0.0,100.0,0.0,0.0,155.25,7.97,6.75,0.68,0.34
249,50.33,0.0,100.0,0.0,0.0,100.0,0.0,0.0,97.01,11.6,5.95,0.49,0.4
250,32.09,0.0,100.0,0.0,0.0,100.0,0.0,0.0,291.01,7.95,6.66,0.68,0.36
251,32.55,0.0,100.0,0.0,0.0,100.0,0.0,0.0,400.38,7.42,6.89,0.67,0.37
252,32.39,0.0,100.0,0.0,0.0,100.0,0.0,0.0,264.3,16.0,3.45,0.68,0.37
253,53.39,0.0,100.0,0.0,0.0,100.0,0.0,0.0,86.66,5.89,7.78,0.46,0.36
254,52.24,0.0,100.0,0.0,0.0,100.0,0.0,0.0,79.88,11.55,6.35,0.49,0.39
255,45.2,0.04,96.0,4.0,0.0,96.0,0.0,0.0,122.08,6.0,7.51,0.49,0.62
256,31.25,0.0,100.0,0.0,0.0,100.0,0.0,0.0,326.36,15.0,4.83,0.69,0.38
257,44.06,0.0,100.0,0.0,0.0,100.0,0.0,0.0,62.99,2.22,9.82,0.55,0.42
258,31.97,0.0,100.0,0.0,0.0,100.0,0.0,0.0,321.11,14.82,3.63,0.68,0.33
259,46.76,0.0,100.0,0.0,0.0,100.0,0.0,0.0,129.61,14.46,3.34,0.54,0.36
260,51.45,0.0,100.0,0.0,0.0,100.0,0.0,0.0,97.18,11.94,6.49,0.49,0.39
261,32.87,0.0,100.0,0.0,0.0,100.0,0.0,0.0,205.07,14.79,4.46,0.67,0.34
262,36.24,0.07,93.0,7.0,0.0,93.0,0.0,0.0,97.55,12.31,4.74,0.54,0.38
263,32.02,0.0,100.0,0.0,0.0,100.0,0.0,0.0,369.9,14.91,3.68,0.68,0.33
264,32.56,0.0,100.0,0.0,0.0,100.0,0.0,0.0,186.67,7.96,6.23,0.68,0.36
265,32.3,0.0,100.0,0.0,0.0,100.0,0.0,0.0,172.09,14.39,4.72,0.68,0.34
266,50.12,0.0,100.0,0.0,0.0,100.0,0.0,0.0,129.23,11.77,6.82,0.48,0.38
267,44.65,0.0,100.0,0.0,0.0,100.0,0.0,0.0,98.5,12.0,5.96,0.53,0.39
268,49.71,0.0,100.0,0.0,0.0,100.0,0.0,0.0,91.72,6.24,6.77,0.52,0.36
269,46.42,0.0,100.0,0.0,0.0,100.0,0.0,0.0,111.27,14.44,4.29,0.52,0.36
270,31.72,0.0,100.0,0.0,0.0,100.0,0.0,0.0,236.28,16.0,3.16,0.68,0.32
271,31.25,0.0,100.0,0.0,0.0,100.0,0.0,0.0,335.23,8.0,5.71,0.69,0.36
272,50.56,0.0,100.0,0.0,0.0,100.0,0.0,0.0,105.99,12.01,5.47,0.5,0.38
273,31.25,0.0,100.0,0.0,0.0,100.0,0.0,0.0,307.27,15.0,4.14,0.69,0.31
274,46.19,0.0,100.0,0.0,0.0,100.0,0.0,0.0,81.86,6.3,6.83,0.54,0.33
275,52.9,0.0,100.0,0.0,0.0,100.0,0.0,0.0,138.5,12.4,4.91,0.48,0.35
276,30.97,0.08,92.0,8.0,0.0,92.0,0.0,0.0,279.29,2.08,9.8,0.58,0.31
277,49.16,0.0,100.0,0.0,0.0,100.0,0.0,0.0,84.62,15.21,3.84,0.5,0.33
278,50.08,0.0,100.0,0.0,0.0,100.0,0.0,0.0,107.19,12.98,4.64,0.52,0.36
279,53.22,0.0,100.0,0.0,0.0,100.0,0.0,0.0,81.35,7.03,7.53,0.48,0.34
280,50.44,0.0,100.0,0.0,0.0,100.0,0.0,0.0,128.93,12.65,5.33,0.49,0.32
281,31.66,0.0,100.0,0.0,0.0,100.0,0.0,0.0,203.14,15.94,3.68,0.68,0.33
282,32.48,0.0,100.0,0.0,0.0,100.0,0.0,0.0,306.92,7.2,6.46,0.68,0.32
283,32.19,0.0,100.0,0.0,0.0,100.0,0.0,0.0,401.47,14.93,3.14,0.68,0.3
284,47.65,0.0,100.0,0.0,0.0,100.0,0.0,0.0,81.67,7.39,6.34,0.52,0.36
285,31.49,0.0,100.0,0.0,0.0,100.0,0.0,0.0,295.29,14.96,3.09,0.68,0.35
286,43.67,0.0,100.0,0.0,0.0,100.0,0.0,0.0,116.84,7.35,7.18,0.53,0.34
287,31.25,0.0,100.0,0.0,0.0,100.0,0.0,0.0,395.04,15.0,3.0,0.69,0.33
288,43.92,0.0,100.0,0.0,0.0,100.0,0.0,0.0,86.38,13.58,4.7,0.56,0.37
289,32.76,0.0,100.0,0.0,0.0,100.0,0.0,0.0,125.83,15.88,3.7,0.68,0.33
290,32.34,0.0,100.0,0.0,0.0,100.0,0.0,0.0,256.45,3.98,10.89,0.68,0.36
291,51.38,0.0,100.0,0.0,0.0,100.0,0.0,0.0,89.86,7.1,5.69,0.49,0.42
292,55.69,0.0,100.0,0.0,0.0,100.0,0.0,0.0,113.6,12.07,7.03,0.48,0.39
293,31.89,0.0,100.0,0.0,0.0,100.0,0.0,0.0,206.38,7.21,6.99,0.68,0.39
294,46.9,0.0,100.0,0.0,0.0,100.0,0.0,0.0,79.98,6.61,7.43,0.53,0.41
295,49.1,0.0,100.0,0.0,0.0,100.0,0.0,0.0,57.83,13.22,4.07,0.52,0.4
296,53.65,0.0,100.0,0.0,0.0,100.0,0.0,0.0,90.94,12.4,4.32,0.48,0.42
297,50.03,0.0,100.0,0.0,0.0,100.0,0.0,0.0,72.86,12.87,3.95,0.51,0.42
298,67.38,0.0,100.0,0.0,0.0,100.0,0.0,0.0,72.83,1.68,11.6,0.33,0.37
299,31.77,0.0,100.0,0.0,0.0,100.0,0.0,0.0,353.93,15.91,3.72,0.68,0.35
300,45.96,0.0,100.0,0.0,0.0,100.0,0.0,0.0,145.6,6.37,6.21,0.54,0.36
301,34.2,0.07,93.0,7.0,0.0,93.0,0.0,0.0,134.63,12.13,6.48,0.55,0.35
302,49.8,0.0,100.0,0.0,0.0,100.0,0.0,0.0,94.63,6.12,7.92,0.5,0.41
303,31.25,0.0,100.0,0.0,0.0,100.0,0.0,0.0,379.65,16.0,3.59,0.69,0.35
304,44.8,0.0,100.0,0.0,0.0,100.0,0.0,0.0,88.64,2.25,10.58,0.55,0.44
305,56.81,0.0,100.0,0.0,0.0,100.0,0.0,0.0,54.47,13.83,4.34,0.46,0.39
306,36.24,0.05,95.0,5.0,0.0,95.0,0.0,0.0,126.11,3.29,11.01,0.55,0.39
307,31.25,0.0,100.0,0.0,0.0,100.0,0.0,0.0,344.25,8.0,5.8,0.69,0.47
308,42.13,0.0,100.0,0.0,0.0,100.0,0.0,0.0,177.61,6.4,6.68,0.54,0.37
309,46.13,0.0,100.0,0.0,0.0,100.0,0.0,0.0,108.55,3.28,10.73,0.52,0.38
310,31.44,0.0,100.0,0.0,0.0,100.0,0.0,0.0,274.84,14.45,4.54,0.68,0.34
311,32.73,0.0,100.0,0.0,0.0,100.0,0.0,0.0,385.64,14.93,4.78,0.68,0.37
312,32.32,0.0,100.0,0.0,0.0,100.0,0.0,0.0,258.02,14.32,4.91,0.68,0.38
313,31.25,0.0,100.0,0.0,0.0,100.0,0.0,0.0,316.01,16.0,3.28,0.69,0.4
314,31.8,0.0,100.0,0.0,0.0,100.0,0.0,0.0,127.08,14.95,4.17,0.68,0.37
315,43.89,0.0,100.0,0.0,0.0,100.0,0.0,0.0,103.57,6.58,7.94,0.53,0.37
316,32.13,0.0,100.0,0.0,0.0,100.0,0.0,0.0,340.6,14.43,4.77,0.68,0.34
317,31.99,0.0,100.0,0.0,0.0,100.0,0.0,0.0,231.25,14.16,4.35,0.68,0.34
318,55.68,0.0,100.0,0.0,0.0,100.0,0.0,0.0,49.48,13.75,5.29,0.48,0.42
319,31.8,0.0,100.0,0.0,0.0,100.0,0.0,0.0,225.64,8.0,5.92,0.68,0.41
320,31.25,0.0,100.0,0.0,0.0,100.0,0.0,0.0,344.96,7.5,7.33,0.69,0.35
321,32.87,0.06,94.0,6.0,0.0,94.0,0.0,0.0,248.36,2.15,9.62,0.59,0.47
322,32.51,0.0,100.0,0.0,0.0,100.0,0.0,0.0,207.72,15.93,2.96,0.68,0.39
323,50.83,0.0,100.0,0.0,0.0,100.0,0.0,0.0,120.83,11.85,5.9,0.48,0.37
324,48.1,0.0,100.0,0.0,0.0,100.0,0.0,0.0,112.01,6.57,6.74,0.53,0.44
325,31.83,0.0,100.0,0.0,0.0,100.0,0.0,0.0,318.63,14.93,2.71,0.68,0.36
326,31.25,0.0,100.0,0.0,0.0,100.0,0.0,0.0,325.75,15.0,3.06,0.69,0.39
327,32.01,0.0,100.0,0.0,0.0,100.0,0.0,0.0,141.41,14.39,5.78,0.68,0.34
328,46.43,0.0,100.0,0.0,0.0,100.0,0.0,0.0,101.58,6.23,8.01,0.52,0.41
329,65.71,0.0,100.0,0.0,0.0,100.0,0.0,0.0,56.45,2.7,11.43,0.3,0.43
330,48.77,0.0,100.0,0.0,0.0,100.0,0.0,0.0,81.3,6.61,7.06,0.53,0.41
331,32.48,0.0,100.0,0.0,0.0,100.0,0.0,0.0,267.56,3.99,11.53,0.68,0.37
332,32.63,0.0,100.0,0.0,0.0,100.0,0.0,0.0,295.23,14.04,4.32,0.67,0.37
333,51.04,0.0,100.0,0.0,0.0,100.0,0.0,0.0,97.98,7.13,6.12,0.5,0.35
334,50.96,0.0,100.0,0.0,0.0,100.0,0.0,0.0,76.58,12.5,5.6,0.49,0.38
335,31.82,0.0,100.0,0.0,0.0,100.0,0.0,0.0,261.33,14.16,4.45,0.68,0.37
336,51.85,0.0,100.0,0.0,0.0,100.0,0.0,0.0,84.02,2.22,10.47,0.49,0.37
337,47.79,0.0,100.0,0.0,0.0,100.0,0.0,0.0,82.09,6.56,7.02,0.49,0.39
338,45.56,0.0,100.0,0.0,0.0,100.0,0.0,0.0,81.51,14.62,3.57,0.54,0.4
339,51.3,0.0,100.0,0.0,0.0,100.0,0.0,0.0,154.2,6.29,8.21,0.49,0.42
340,52.05,0.0,100.0,0.0,0.0,100.0,0.0,0.0,63.37,12.63,5.25,0.49,0.43
341,51.51,0.0,100.0,0.0,0.0,100.0,0.0,0.0,80.08,11.15,6.28,0.45,0.41
342,31.5,0.0,100.0,0.0,0.0,100.0,0.0,0.0,164.92,7.99,5.03,0.69,0.38
343,31.25,0.0,100.0,0.0,0.0,100.0,0.0,0.0,258.97,16.0,2.81,0.69,0.34
344,31.25,0.0,100.0,0.0,0.0,100.0,0.0,0.0,240.14,15.0,3.65,0.69,0.44
345,42.06,0.0,100.0,0.0,0.0,100.0,0.0,0.0,106.72,13.43,4.71,0.56,0.37
346,31.25,0.0,100.0,0.0,0.0,100.0,0.0,0.0,444.88,15.0,4.11,0.69,0.35
347,33.72,0.0,100.0,0.0,0.0,100.0,0.0,0.0,288.8,14.8,3.11,0.67,0.34
348,34.42,0.0,100.0,0.0,0.0,100.0,0.0,0.0,50.79,14.87,3.11,0.67,0.32
349,31.71,0.0,100.0,0.0,0.0,100.0,0.0,0.0,324.32,15.93,4.13,0.68,0.32
350,48.33,0.0,100.0,0.0,0.0,100.0,0.0,0.0,86.93,14.53,3.65,0.52,0.35
351,49.97,0.0,100.0,0.0,0.0,100.0,0.0,0.0,135.3,14.03,3.55,0.48,0.36
352,31.25,0.0,100.0,0.0,0.0,100.0,0.0,0.0,402.5,15.0,4.15,0.69,0.36
353,31.25,0.0,100.0,0.0,0.0,100.0,0.0,0.0,455.55,15.0,2.98,0.69,0.34
354,31.25,0.0,100.0,0.0,0.0,100.0,0.0,0.0,470.2,8.0,5.61,0.69,0.32
355,49.55,0.0,100.0,0.0,0.0,100.0,0.0,0.0,110.17,12.29,4.94,0.53,0.36
356,31.6,0.0,100.0,0.0,0.0,100.0,0.0,0.0,110.54,15.96,3.52,0.68,0.31
357,31.25,0.0,100.0,0.0,0.0,100.0,0.0,0.0,420.96,16.0,3.57,0.69,0.39
358,31.64,0.0,100.0,0.0,0.0,100.0,0.0,0.0,221.87,3.98,9.47,0.68,0.53
359,78.44,0.0,100.0,0.0,0.0,100.0,0.0,0.0,48.09,2.96,11.17,0.2,0.54
360,72.94,0.0,100.0,0.0,0.0,100.0,0.0,0.0,69.51,2.26,9.75,0.25,0.47
361,48.87,0.0,100.0,0.0,0.0,100.0,0.0,0.0,102.12,12.83,4.77,0.5,0.43
362,31.25,0.0,100.0,0.0,0.0,100.0,0.0,0.0,153.26,15.0,3.71,0.69,0.34
363,52.21,0.0,100.0,0.0,0.0,100.0,0.0,0.0,75.55,6.3,7.09,0.5,0.43
364,53.94,0.0,100.0,0.0,0.0,100.0,0.0,0.0,123.57,11.45,7.49,0.45,0.41
365,51.56,0.0,100.0,0.0,0.0,100.0,0.0,0.0,86.13,11.77,7.33,0.51,0.4
366,47.74,0.0,100.0,0.0,0.0,100.0,0.0,0.0,47.23,14.52,4.17,0.54,0.43
367,31.25,0.0,100.0,0.0,0.0,100.0,0.0,0.0,124.28,15.0,4.14,0.69,0.43
368,33.26,0.0,100.0,0.0,0.0,100.0,0.0,0.0,210.21,7.88,6.67,0.67,0.45
369,48.65,0.0,100.0,0.0,0.0,100.0,0.0,0.0,122.48,5.93,7.72,0.49,0.39
370,53.92,0.0,100.0,0.0,0.0,100.0,0.0,0.0,88.42,11.87,5.66,0.49,0.41
371,31.94,0.0,100.0,0.0,0.0,100.0,0.0,0.0,245.6,14.88,3.97,0.68,0.35
372,53.83,0.0,100.0,0.0,0.0,100.0,0.0,0.0,69.26,2.47,10.65,0.47,0.38
373,48.91,0.0,100.0,0.0,0.0,100.0,0.0,0.0,81.87,14.71,3.85,0.51,0.53
374,50.19,0.0,100.0,0.0,0.0,100.0,0.0,0.0,57.91,6.66,8.39,0.5,0.38
375,31.97,0.0,100.0,0.0,0.0,100.0,0.0,0.0,203.51,14.93,2.98,0.68,0.37
376,31.25,0.0,100.0,0.0,0.0,100.0,0.0,0.0,435.62,15.0,5.28,0.69,0.38
377,45.62,0.0,100.0,0.0,0.0,100.0,0.0,0.0,142.2,2.41,10.53,0.55,0.4
378,31.25,0.0,100.0,0.0,0.0,100.0,0.0,0.0,427.97,15.0,3.97,0.69,0.4
379,46.8,0.02,98.0,2.0,0.0,98.0,0.0,0.0,105.96,12.38,5.7,0.53,0.42
380,46.68,0.0,100.0,0.0,0.0,100.0,0.0,0.0,76.79,6.55,7.5,0.5,0.39
381,50.82,0.0,100.0,0.0,0.0,100.0,0.0,0.0,89.1,7.14,7.25,0.5,0.42
382,32.1,0.0,100.0,0.0,0.0,100.0,0.0,0.0,287.12,14.89,3.82,0.68,0.37
383,76.29,0.0,100.0,0.0,0.0,100.0,0.0,0.0,66.23,2.09,10.7,0.27,0.41
384,46.44,0.0,100.0,0.0,0.0,100.0,0.0,0.0,44.62,13.47,4.85,0.56,0.4
385,32.42,0.0,100.0,0.0,0.0,100.0,0.0,0.0,253.04,15.9,3.41,0.68,0.35
386,53.4,0.0,100.0,0.0,0.0,100.0,0.0,0.0,100.09,2.02,10.99,0.49,0.62
387,31.66,0.0,100.0,0.0,0.0,100.0,0.0,0.0,286.33,3.75,9.86,0.68,0.48
388,31.25,0.0,100.0,0.0,0.0,100.0,0.0,0.0,212.28,16.0,2.62,0.69,0.58
389,66.08,0.08,92.0,8.0,0.0,92.0,0.0,0.0,92.21,1.29,9.39,0.31,0.61
390,31.72,0.0,100.0,0.0,0.0,100.0,0.0,0.0,343.21,14.89,4.07,0.68,0.58
391,46.71,0.0,100.0,0.0,0.0,100.0,0.0,0.0,111.95,14.55,4.52,0.54,0.5
392,31.89,0.0,100.0,0.0,0.0,100.0,0.0,0.0,301.66,15.95,3.62,0.68,0.47
393,46.02,0.0,100.0,0.0,0.0,100.0,0.0,0.0,141.41,7.46,6.86,0.53,0.48
394,47.88,0.0,100.0,0.0,0.0,100.0,0.0,0.0,132.06,11.69,5.83,0.5,0.43
395,55.2,0.0,100.0,0.0,0.0,100.0,0.0,0.0,98.39,12.61,5.21,0.49,0.39
396,31.95,0.0,100.0,0.0,0.0,100.0,0.0,0.0,301.72,14.16,4.84,0.68,0.36
397,31.25,0.0,100.0,0.0,0.0,100.0,0.0,0.0,141.74,16.0,3.09,0.69,0.36
398,44.82,0.0,100.0,0.0,0.0,100.0,0.0,0.0,85.28,13.25,4.44,0.54,0.38
399,48.53,0.0,100.0,0.0,0.0,100.0,0.0,0.0,70.86,7.22,6.48,0.5,0.37
400,53.1,0.0,100.0,0.0,0.0,100.0,0.0,0.0,65.44,12.1,5.65,0.49,0.38
401,46.64,0.0,100.0,0.0,0.0,100.0,0.0,0.0,46.39,13.29,4.14,0.55,0.35
402,47.91,0.0,100.0,0.0,0.0,100.0,0.0,0.0,94.85,7.25,6.19,0.53,0.36
403,31.44,0.0,100.0,0.0,0.0,100.0,0.0,0.0,219.84,3.74,10.31,0.68,0.38
404,31.7,0.0,100.0,0.0,0.0,100.0,0.0,0.0,128.18,14.16,4.86,0.68,0.34
405,49.7,0.0,100.0,0.0,0.0,100.0,0.0,0.0,124.51,13.6,5.31,0.48,0.38
406,48.66,0.0,100.0,0.0,0.0,100.0,0.0,0.0,115.74,6.27,6.38,0.5,0.37
407,53.13,0.0,100.0,0.0,0.0,100.0,0.0,0.0,115.61,13.8,4.75,0.5,0.37
408,32.04,0.0,100.0,0.0,0.0,100.0,0.0,0.0,130.25,15.91,4.05,0.68,0.34
409,44.71,0.0,100.0,0.0,0.0,100.0,0.0,0.0,134.12,13.0,5.1,0.53,0.39
410,52.74,0.0,100.0,0.0,0.0,100.0,0.0,0.0,69.64,13.81,4.98,0.47,0.43
411,47.43,0.03,97.0,3.0,0.0,97.0,0.0,0.0,103.86,5.87,6.39,0.49,0.44
412,31.25,0.0,100.0,0.0,0.0,100.0,0.0,0.0,236.1,8.0,4.83,0.69,0.38
413,31.25,0.0,100.0,0.0,0.0,100.0,0.0,0.0,351.7,8.0,6.4,0.69,0.37
414,31.97,0.0,100.0,0.0,0.0,100.0,0.0,0.0,367.1,14.91,4.01,0.68,0.42
415,70.24,0.0,100.0,0.0,0.0,100.0,0.0,0.0,95.85,2.35,10.71,0.32,0.53
416,31.25,0.0,100.0,0.0,0.0,100.0,0.0,0.0,350.44,15.0,3.55,0.69,0.38
417,32.09,0.0,100.0,0.0,0.0,100.0,0.0,0.0,328.62,14.43,4.03,0.68,0.36
418,50.92,0.0,100.0,0.0,0.0,100.0,0.0,0.0,80.39,14.14,4.34,0.49,0.37
419,31.25,0.0,100.0,0.0,0.0,100.0,0.0,0.0,253.74,16.0,2.67,0.69,0.38
420,31.95,0.0,100.0,0.0,0.0,100.0,0.0,0.0,350.56,7.16,5.38,0.67,0.37
421,31.25,0.0,100.0,0.0,0.0,100.0,0.0,0.0,405.17,16.0,3.28,0.69,0.36
422,37.95,0.06,94.0,6.0,0.0,94.0,0.0,0.0,82.62,12.17,6.25,0.52,0.38
423,31.25,0.0,100.0,0.0,0.0,100.0,0.0,0.0,423.87,16.0,3.68,0.69,0.36
424,31.25,0.0,100.0,0.0,0.0,100.0,0.0,0.0,263.01,8.0,7.03,0.69,0.35
425,49.41,0.0,100.0,0.0,0.0,100.0,0.0,0.0,99.76,12.59,6.24,0.53,0.38
426,51.28,0.0,100.0,0.0,0.0,100.0,0.0,0.0,98.39,6.91,5.86,0.49,0.33
427,49.04,0.0,100.0,0.0,0.0,100.0,0.0,0.0,98.78,14.44,4.67,0.52,0.37
428,32.17,0.0,100.0,0.0,0.0,100.0,0.0,0.0,163.87,7.22,6.53,0.68,0.37
429,45.0,0.0,100.0,0.0,0.0,100.0,0.0,0.0,141.65,6.49,6.27,0.52,0.4
430,47.2,0.0,100.0,0.0,0.0,100.0,0.0,0.0,46.15,13.24,5.21,0.53,0.38
431,46.14,0.0,100.0,0.0,0.0,100.0,0.0,0.0,132.73,7.15,6.71,0.52,0.41
432,45.05,0.04,96.0,4.0,0.0,96.0,0.0,0.0,104.33,6.03,8.35,0.49,0.39
433,50.02,0.0,100.0,0.0,0.0,100.0,0.0,0.0,137.25,3.03,10.81,0.46,0.47
434,31.93,0.0,100.0,0.0,0.0,100.0,0.0,0.0,359.31,14.86,3.55,0.68,0.4
435,46.42,0.0,100.0,0.0,0.0,100.0,0.0,0.0,96.27,14.26,3.47,0.53,0.44
436,32.23,0.0,100.0,0.0,0.0,100.0,0.0,0.0,228.54,7.21,6.71,0.68,0.46
437,31.25,0.0,100.0,0.0,0.0,100.0,0.0,0.0,348.79,16.0,3.08,0.69,0.5
438,31.25,0.0,100.0,0.0,0.0,100.0,0.0,0.0,281.86,15.0,4.21,0.69,0.42
439,44.07,0.0,100.0,0.0,0.0,100.0,0.0,0.0,126.65,6.46,7.24,0.56,0.44
440,54.94,0.0,100.0,0.0,0.0,100.0,0.0,0.0,137.62,11.9,6.3,0.46,0.4
441,47.16,0.0,100.0,0.0,0.0,100.0,0.0,0.0,97.64,13.03,4.39,0.52,0.43
442,31.25,0.0,100.0,0.0,0.0,100.0,0.0,0.0,235.87,16.0,2.99,0.69,0.36
443,42.2,0.0,100.0,0.0,0.0,100.0,0.0,0.0,133.11,12.93,4.76,0.59,0.36
444,53.18,0.0,100.0,0.0,0.0,100.0,0.0,0.0,78.61,12.17,5.27,0.47,0.38
445,33.22,0.0,100.0,0.0,0.0,100.0,0.0,0.0,342.03,14.09,6.19,0.67,0.35
446,48.81,0.0,100.0,0.0,0.0,100.0,0.0,0.0,91.07,13.03,5.24,0.53,0.55
447,52.87,0.13,87.0,13.0,0.0,87.0,0.0,0.0,92.08,1.66,12.14,0.2,0.45
448,32.31,0.0,100.0,0.0,0.0,100.0,0.0,0.0,335.15,15.88,3.52,0.68,0.42
449,44.12,0.03,97.0,3.0,0.0,97.0,0.0,0.0,83.07,12.01,6.33,0.54,0.42
450,50.31,0.0,100.0,0.0,0.0,100.0,0.0,0.0,80.99,12.4,4.91,0.48,0.43
451,50.88,0.0,100.0,0.0,0.0,100.0,0.0,0.0,95.6,13.02,4.69,0.5,0.4
452,42.72,0.0,100.0,0.0,0.0,100.0,0.0,0.0,153.19,13.21,4.92,0.54,0.36
453,31.25,0.0,100.0,0.0,0.0,100.0,0.0,0.0,303.62,16.0,2.61,0.69,0.33
454,48.96,0.0,100.0,0.0,0.0,100.0,0.0,0.0,109.37,7.08,6.55,0.5,0.36
455,53.45,0.0,100.0,0.0,0.0,100.0,0.0,0.0,125.74,12.56,5.05,0.49,0.39
456,53.46,0.0,100.0,0.0,0.0,100.0,0.0,0.0,109.85,13.73,4.75,0.47,0.37
457,32.21,0.0,100.0,0.0,0.0,100.0,0.0,0.0,203.51,15.91,2.89,0.68,0.38
458,51.16,0.0,100.0,0.0,0.0,100.0,0.0,0.0,89.91,7.24,6.61,0.5,0.36
459,31.25,0.0,100.0,0.0,0.0,100.0,0.0,0.0,126.89,7.5,6.76,0.69,0.34
460,53.68,0.0,100.0,0.0,0.0,100.0,0.0,0.0,115.22,11.26,5.73,0.46,0.37
461,42.78,0.0,100.0,0.0,0.0,100.0,0.0,0.0,149.84,12.64,4.74,0.54,0.37
462,45.47,0.0,100.0,0.0,0.0,100.0,0.0,0.0,103.92,13.0,4.48,0.53,0.47
463,31.25,0.0,100.0,0.0,0.0,100.0,0.0,0.0,414.34,8.0,5.21,0.69,0.38
464,32.79,0.0,100.0,0.0,0.0,100.0,0.0,0.0,141.51,14.01,4.8,0.67,0.43
465,51.91,0.0,100.0,0.0,0.0,100.0,0.0,0.0,95.51,5.89,7.55,0.46,0.39
466,31.25,0.0,100.0,0.0,0.0,100.0,0.0,0.0,330.72,15.0,3.13,0.69,0.4
467,50.36,0.0,100.0,0.0,0.0,100.0,0.0,0.0,133.0,12.18,6.26,0.5,0.44
468,42.67,0.07,93.0,7.0,0.0,93.0,0.0,0.0,96.91,5.89,8.24,0.48,0.41
469,38.55,0.05,95.0,5.0,0.0,95.0,0.0,0.0,119.91,6.47,7.29,0.55,0.36
470,42.46,0.0,100.0,0.0,0.0,100.0,0.0,0.0,174.21,6.65,6.69,0.57,0.44
471,51.92,0.0,100.0,0.0,0.0,100.0,0.0,0.0,96.5,11.51,6.77,0.45,0.43
472,45.78,0.0,100.0,0.0,0.0,100.0,0.0,0.0,116.25,12.59,5.73,0.55,0.38
473,31.56,0.0,100.0,0.0,0.0,100.0,0.0,0.0,306.98,15.95,3.69,0.68,0.35
474,32.0,0.0,100.0,0.0,0.0,100.0,0.0,0.0,232.34,14.91,3.04,0.68,0.4
475,47.15,0.0,100.0,0.0,0.0,100.0,0.0,0.0,171.1,6.39,6.87,0.5,0.43
476,46.41,0.0,100.0,0.0,0.0,100.0,0.0,0.0,127.29,3.48,8.63,0.54,0.36
477,31.7,0.0,100.0,0.0,0.0,100.0,0.0,0.0,105.36,14.93,3.7,0.68,0.4
478,52.9,0.0,100.0,0.0,0.0,100.0,0.0,0.0,78.34,14.65,3.81,0.5,0.4
479,49.7,0.0,100.0,0.0,0.0,100.0,0.0,0.0,77.75,13.71,4.38,0.5,0.42
480,34.48,0.06,94.0,6.0,0.0,94.0,0.0,0.0,218.86,2.07,11.84,0.59,0.36
481,48.98,0.0,100.0,0.0,0.0,100.0,0.0,0.0,116.42,12.93,4.28,0.52,0.37
482,48.63,0.0,100.0,0.0,0.0,100.0,0.0,0.0,49.32,12.84,4.61,0.51,0.44
483,31.94,0.0,100.0,0.0,0.0,100.0,0.0,0.0,199.67,14.16,5.03,0.68,0.39
484,50.45,0.0,100.0,0.0,0.0,100.0,0.0,0.0,98.71,3.44,9.95,0.52,0.54
485,51.06,0.0,100.0,0.0,0.0,100.0,0.0,0.0,92.47,5.94,7.58,0.5,0.45
486,54.13,0.0,100.0,0.0,0.0,100.0,0.0,0.0,70.07,6.91,6.39,0.46,0.41
487,46.56,0.0,100.0,0.0,0.0,100.0,0.0,0.0,110.29,13.27,3.62,0.54,0.38
488,51.77,0.0,100.0,0.0,0.0,100.0,0.0,0.0,54.35,12.41,6.4,0.53,0.39
489,41.92,0.05,95.0,5.0,0.0,95.0,0.0,0.0,74.11,3.24,10.0,0.54,0.4
490,31.25,0.0,100.0,0.0,0.0,100.0,0.0,0.0,157.57,16.0,2.78,0.69,0.34
491,32.74,0.0,100.0,0.0,0.0,100.0,0.0,0.0,346.73,7.16,5.93,0.67,0.35
492,48.01,0.0,100.0,0.0,0.0,100.0,0.0,0.0,94.34,5.91,8.46,0.5,0.38
493,32.01,0.0,100.0,0.0,0.0,100.0,0.0,0.0,397.99,3.98,11.71,0.68,0.33
494,31.25,0.0,100.0,0.0,0.0,100.0,0.0,0.0,397.9,15.0,3.44,0.69,0.38
495,48.93,0.0,100.0,0.0,0.0,100.0,0.0,0.0,135.65,7.37,6.94,0.5,0.4
496,31.25,0.0,100.0,0.0,0.0,100.0,0.0,0.0,218.62,16.0,2.39,0.69,0.36
497,43.88,0.0,100.0,0.0,0.0,100.0,0.0,0.0,93.62,14.4,4.98,0.54,0.37
498,49.33,0.0,100.0,0.0,0.0,100.0,0.0,0.0,86.94,12.55,5.47,0.54,0.34
499,72.74,0.0,100.0,0.0,0.0,100.0,0.0,0.0,69.12,1.9,11.45,0.26,0.33
500,31.61,0.0,100.0,0.0,0.0,100.0,0.0,0.0,437.35,8.0,6.14,0.68,0.29
501,31.25,0.0,100.0,0.0,0.0,100.0,0.0,0.0,359.38,15.0,4.14,0.69,0.32
502,32.4,0.0,100.0,0.0,0.0,100.0,0.0,0.0,226.82,7.13,6.28,0.67,0.31
503,48.94,0.0,100.0,0.0,0.0,100.0,0.0,0.0,82.05,12.46,5.38,0.53,0.3
504,32.82,0.0,100.0,0.0,0.0,100.0,0.0,0.0,204.29,14.29,4.34,0.67,0.33
505,50.51,0.0,100.0,0.0,0.0,100.0,0.0,0.0,73.8,3.69,9.66,0.49,0.44
506,54.75,0.0,100.0,0.0,0.0,100.0,0.0,0.0,95.12,12.39,5.19,0.49,0.44
507,53.48,0.0,100.0,0.0,0.0,100.0,0.0,0.0,109.64,6.16,8.18,0.48,0.47
508,48.03,0.0,100.0,0.0,0.0,100.0,0.0,0.0,62.57,12.96,5.52,0.52,0.41
509,32.11,0.0,100.0,0.0,0.0,100.0,0.0,0.0,126.38,15.79,3.28,0.67,0.41
510,31.25,0.0,100.0,0.0,0.0,100.0,0.0,0.0,142.58,16.0,3.19,0.69,0.43
511,31.25,0.0,100.0,0.0,0.0,100.0,0.0,0.0,210.1,15.0,3.76,0.69,0.4
512,49.47,0.0,100.0,0.0,0.0,100.0,0.0,0.0,76.42,12.92,4.53,0.52,0.48
513,31.7,0.0,100.0,0.0,0.0,100.0,0.0,0.0,386.42,14.43,5.46,0.68,0.46
514,31.25,0.0,100.0,0.0,0.0,100.0,0.0,0.0,271.0,15.0,4.62,0.69,0.32
515,52.79,0.0,100.0,0.0,0.0,100.0,0.0,0.0,69.35,6.2,8.78,0.47,0.45
516,35.2,0.06,94.0,6.0,0.0,94.0,0.0,0.0,217.94,12.39,5.66,0.56,0.4
517,50.1,0.0,100.0,0.0,0.0,100.0,0.0,0.0,77.27,7.02,6.52,0.5,0.47
518,50.83,0.0,100.0,0.0,0.0,100.0,0.0,0.0,113.14,3.14,10.46,0.51,0.43
519,42.29,0.0,100.0,0.0,0.0,100.0,0.0,0.0,152.84,12.86,6.35,0.55,0.43
520,48.11,0.0,100.0,0.0,0.0,100.0,0.0,0.0,119.4,11.84,5.02,0.5,0.43
521,32.73,0.0,100.0,0.0,0.0,100.0,0.0,0.0,385.16,14.07,5.63,0.67,0.42
522,31.97,0.0,100.0,0.0,0.0,100.0,0.0,0.0,158.88,14.91,5.25,0.68,0.43
523,32.16,0.0,100.0,0.0,0.0,100.0,0.0,0.0,236.97,14.92,2.98,0.68,0.41
524,51.98,0.0,100.0,0.0,0.0,100.0,0.0,0.0,109.89,14.12,4.97,0.49,0.39
525,31.25,0.0,100.0,0.0,0.0,100.0,0.0,0.0,326.82,15.0,4.35,0.69,0.37
526,33.34,0.0,100.0,0.0,0.0,100.0,0.0,0.0,229.0,7.38,6.07,0.67,0.37
527,31.25,0.0,100.0,0.0,0.0,100.0,0.0,0.0,403.25,15.0,3.1,0.69,0.37
528,45.09,0.0,100.0,0.0,0.0,100.0,0.0,0.0,89.59,13.27,5.06,0.52,0.44
529,47.3,0.0,100.0,0.0,0.0,100.0,0.0,0.0,142.45,6.6,6.73,0.51,0.4
530,53.35,0.0,100.0,0.0,0.0,100.0,0.0,0.0,100.13,11.66,6.25,0.46,0.41
531,31.8,0.0,100.0,0.0,0.0,100.0,0.0,0.0,331.92,16.0,3.4,0.68,0.37
532,32.68,0.0,100.0,0.0,0.0,100.0,0.0,0.0,149.91,15.88,2.75,0.67,0.38
533,46.44,0.0,100.0,0.0,0.0,100.0,0.0,0.0,79.45,13.27,5.07,0.54,0.42
534,48.33,0.0,100.0,0.0,0.0,100.0,0.0,0.0,123.93,7.27,6.05,0.51,0.37
535,31.25,0.0,100.0,0.0,0.0,100.0,0.0,0.0,269.44,4.0,10.99,0.69,0.41
536,31.25,0.0,100.0,0.0,0.0,100.0,0.0,0.0,455.88,16.0,2.64,0.69,0.36
537,47.85,0.0,100.0,0.0,0.0,100.0,0.0,0.0,83.67,13.13,4.46,0.53,0.36
538,31.25,0.0,100.0,0.0,0.0,100.0,0.0,0.0,342.08,15.0,3.67,0.69,0.74
539,31.74,0.0,100.0,0.0,0.0,100.0,0.0,0.0,155.99,14.91,3.74,0.68,0.41
540,44.3,0.0,100.0,0.0,0.0,100.0,0.0,0.0,137.36,13.15,4.02,0.53,0.39
541,41.5,0.0,100.0,0.0,0.0,100.0,0.0,0.0,157.12,7.01,6.78,0.58,0.37
542,51.25,0.0,100.0,0.0,0.0,100.0,0.0,0.0,71.17,6.93,6.07,0.48,0.36
543,31.25,0.0,100.0,0.0,0.0,100.0,0.0,0.0,422.44,15.0,3.71,0.69,0.45
544,33.92,0.0,100.0,0.0,0.0,100.0,0.0,0.0,268.79,14.73,3.81,0.67,0.41
545,55.33,0.0,100.0,0.0,0.0,100.0,0.0,0.0,52.6,12.36,5.26,0.47,0.43
546,31.25,0.0,100.0,0.0,0.0,100.0,0.0,0.0,261.37,16.0,2.36,0.69,0.41
547,44.08,0.0,100.0,0.0,0.0,100.0,0.0,0.0,169.6,12.44,6.2,0.53,0.43
548,53.43,0.0,100.0,0.0,0.0,100.0,0.0,0.0,113.33,11.86,5.3,0.48,0.48
549,43.31,0.02,98.0,2.0,0.0,98.0,0.0,0.0,79.31,3.25,9.88,0.55,0.45
550,31.25,0.0,100.0,0.0,0.0,100.0,0.0,0.0,347.0,15.0,4.52,0.69,0.41
551,31.7,0.0,100.0,0.0,0.0,100.0,0.0,0.0,189.61,14.93,4.0,0.68,0.42
552,49.78,0.0,100.0,0.0,0.0,100.0,0.0,0.0,76.24,2.26,9.41,0.52,0.45
553,43.72,0.0,100.0,0.0,0.0,100.0,0.0,0.0,81.18,13.37,4.5,0.55,0.47
554,50.05,0.0,100.0,0.0,0.0,100.0,0.0,0.0,93.5,7.2,6.78,0.51,0.45
555,32.2,0.0,100.0,0.0,0.0,100.0,0.0,0.0,137.21,16.0,3.41,0.68,0.39
556,51.47,0.0,100.0,0.0,0.0,100.0,0.0,0.0,111.41,11.53,6.84,0.47,0.39
557,49.12,0.0,100.0,0.0,0.0,100.0,0.0,0.0,137.18,6.31,7.68,0.49,0.37
558,31.25,0.0,100.0,0.0,0.0,100.0,0.0,0.0,323.83,16.0,2.46,0.69,0.37
559,40.13,0.07,93.0,7.0,0.0,93.0,0.0,0.0,79.88,6.31,8.49,0.54,0.39
560,33.13,0.0,100.0,0.0,0.0,100.0,0.0,0.0,263.97,14.82,2.96,0.67,0.36
561,51.1,0.0,100.0,0.0,0.0,100.0,0.0,0.0,108.6,12.57,5.18,0.49,0.37
562,48.24,0.0,100.0,0.0,0.0,100.0,0.0,0.0,92.35,12.54,6.52,0.52,0.35
563,31.25,0.0,100.0,0.0,0.0,100.0,0.0,0.0,184.24,16.0,2.78,0.69,0.34
564,48.64,0.0,100.0,0.0,0.0,100.0,0.0,0.0,70.6,12.27,6.52,0.51,0.35
565,51.98,0.0,100.0,0.0,0.0,100.0,0.0,0.0,109.77,14.37,4.15,0.51,0.33
566,55.24,0.0,100.0,0.0,0.0,100.0,0.0,0.0,56.69,5.98,7.08,0.48,0.33
567,55.68,0.0,100.0,0.0,0.0,100.0,0.0,0.0,78.4,13.35,4.04,0.46,0.39
568,48.08,0.0,100.0,0.0,0.0,100.0,0.0,0.0,123.77,6.3,6.95,0.53,0.33
569,32.05,0.0,100.0,0.0,0.0,100.0,0.0,0.0,352.77,15.89,3.81,0.68,0.34
570,45.37,0.0,100.0,0.0,0.0,100.0,0.0,0.0,75.09,14.51,5.65,0.53,0.36
571,40.74,0.0,100.0,0.0,0.0,100.0,0.0,0.0,175.25,2.16,8.93,0.58,0.38
572,41.36,0.0,100.0,0.0,0.0,100.0,0.0,0.0,228.14,2.49,10.47,0.59,0.35
573,46.77,0.0,100.0,0.0,0.0,100.0,0.0,0.0,125.8,3.26,10.9,0.53,0.36
574,31.81,0.0,100.0,0.0,0.0,100.0,0.0,0.0,126.1,7.96,6.21,0.68,0.38
575,31.25,0.0,100.0,0.0,0.0,100.0,0.0,0.0,395.44,7.5,5.96,0.69,0.4
576,49.66,0.0,100.0,0.0,0.0,100.0,0.0,0.0,83.29,6.31,8.57,0.53,0.43
577,35.19,0.22,78.0,22.0,0.0,78.0,0.0,0.0,96.39,1.88,10.54,0.28,0.49
578,50.25,0.0,100.0,0.0,0.0,100.0,0.0,0.0,92.26,14.52,5.02,0.52,0.65
579,42.97,0.0,100.0,0.0,0.0,100.0,0.0,0.0,104.01,13.25,4.47,0.54,0.55
580,49.95,0.0,100.0,0.0,0.0,100.0,0.0,0.0,115.76,13.69,5.42,0.47,0.48
581,49.93,0.0,100.0,0.0,0.0,100.0,0.0,0.0,128.81,6.03,7.96,0.49,0.44
582,46.86,0.0,100.0,0.0,0.0,100.0,0.0,0.0,87.93,12.88,6.01,0.51,0.43
583,31.58,0.0,100.0,0.0,0.0,100.0,0.0,0.0,234.5,15.89,3.78,0.68,0.43
584,52.23,0.0,100.0,0.0,0.0,100.0,0.0,0.0,119.68,13.29,4.81,0.5,0.44
585,50.87,0.0,100.0,0.0,0.0,100.0,0.0,0.0,99.42,12.24,4.91,0.47,0.44
586,31.25,0.0,100.0,0.0,0.0,100.0,0.0,0.0,471.69,16.0,3.74,0.69,0.38
587,31.25,0.0,100.0,0.0,0.0,100.0,0.0,0.0,426.15,16.0,2.51,0.69,0.34
588,43.89,0.0,100.0,0.0,0.0,100.0,0.0,0.0,157.2,2.4,10.93,0.59,0.44
589,32.96,0.0,100.0,0.0,0.0,100.0,0.0,0.0,260.43,7.45,7.42,0.68,0.41
590,55.27,0.0,100.0,0.0,0.0,100.0,0.0,0.0,57.97,11.52,5.44,0.46,0.49
591,47.42,0.0,100.0,0.0,0.0,100.0,0.0,0.0,112.38,12.92,5.69,0.51,0.45
592,31.25,0.0,100.0,0.0,0.0,100.0,0.0,0.0,357.42,16.0,2.64,0.69,0.4
593,45.63,0.0,100.0,0.0,0.0,100.0,0.0,0.0,132.21,7.25,6.95,0.51,0.44
594,31.95,0.0,100.0,0.0,0.0,100.0,0.0,0.0,368.6,14.19,5.08,0.68,0.41
595,31.82,0.05,95.0,5.0,0.0,95.0,0.0,0.0,310.14,2.34,10.41,0.59,0.46
596,31.96,0.0,100.0,0.0,0.0,100.0,0.0,0.0,296.44,14.18,4.3,0.68,0.47
597,44.62,0.0,100.0,0.0,0.0,100.0,0.0,0.0,100.22,6.24,7.96,0.51,0.52
598,51.93,0.0,100.0,0.0,0.0,100.0,0.0,0.0,71.48,6.31,7.56,0.49,0.45
599,31.67,0.0,100.0,0.0,0.0,100.0,0.0,0.0,382.64,14.18,4.61,0.68,0.42
600,32.49,0.0,100.0,0.0,0.0,100.0,0.0,0.0,198.88,14.89,3.13,0.68,0.44
601,31.25,0.0,100.0,0.0,0.0,100.0,0.0,0.0,215.77,16.0,3.19,0.69,0.41
602,44.12,0.0,100.0,0.0,0.0,100.0,0.0,0.0,149.2,14.68,4.18,0.54,0.43
603,50.73,0.0,100.0,0.0,0.0,100.0,0.0,0.0,114.86,11.71,4.69,0.47,0.43
604,50.62,0.0,100.0,0.0,0.0,100.0,0.0,0.0,85.02,3.69,10.04,0.49,0.39
605,36.88,0.06,94.0,6.0,0.0,94.0,0.0,0.0,101.85,6.45,5.86,0.56,0.43
606,32.0,0.0,100.0,0.0,0.0,100.0,0.0,0.0,245.32,15.94,3.23,0.68,0.37
607,65.79,0.0,100.0,0.0,0.0,100.0,0.0,0.0,64.84,1.73,10.04,0.3,0.44
608,47.68,0.0,100.0,0.0,0.0,100.0,0.0,0.0,139.16,14.55,4.41,0.53,0.4
609,31.5,0.0,100.0,0.0,0.0,100.0,0.0,0.0,228.8,15.96,3.39,0.68,0.39
610,44.83,0.0,100.0,0.0,0.0,100.0,0.0,0.0,85.11,7.39,7.38,0.55,0.43
611,31.25,0.0,100.0,0.0,0.0,100.0,0.0,0.0,293.89,15.0,4.56,0.69,0.35
612,48.67,0.0,100.0,0.0,0.0,100.0,0.0,0.0,86.12,6.16,7.25,0.51,0.62
613,48.45,0.0,100.0,0.0,0.0,100.0,0.0,0.0,109.27,11.89,5.72,0.52,0.51
614,31.25,0.0,100.0,0.0,0.0,100.0,0.0,0.0,302.3,15.0,3.73,0.69,0.52
615,51.84,0.0,100.0,0.0,0.0,100.0,0.0,0.0,70.26,11.62,6.26,0.49,0.74
616,45.15,0.0,100.0,0.0,0.0,100.0,0.0,0.0,109.84,7.35,5.83,0.55,0.57
617,56.01,0.0,100.0,0.0,0.0,100.0,0.0,0.0,89.99,2.1,10.86,0.49,1.09
618,32.13,0.0,100.0,0.0,0.0,100.0,0.0,0.0,128.76,14.86,4.2,0.68,0.91
619,50.11,0.0,100.0,0.0,0.0,100.0,0.0,0.0,92.06,12.08,7.1,0.5,0.67
620,32.1,0.0,100.0,0.0,0.0,100.0,0.0,0.0,228.11,15.89,3.12,0.68,0.84
621,31.25,0.0,100.0,0.0,0.0,100.0,0.0,0.0,253.69,15.0,3.79,0.69,0.53
622,40.81,0.03,97.0,3.0,0.0,97.0,0.0,0.0,91.99,11.92,4.45,0.52,0.47
623,31.59,0.0,100.0,0.0,0.0,100.0,0.0,0.0,139.23,16.0,2.31,0.68,0.38
624,53.66,0.0,100.0,0.0,0.0,100.0,0.0,0.0,87.15,7.01,6.76,0.49,0.39
625,31.25,0.0,100.0,0.0,0.0,100.0,0.0,0.0,312.19,16.0,3.26,0.69,0.43
626,50.69,0.0,100.0,0.0,0.0,100.0,0.0,0.0,85.93,6.13,8.75,0.48,0.44
627,55.29,0.0,100.0,0.0,0.0,100.0,0.0,0.0,54.6,6.12,6.58,0.47,0.42
628,51.03,0.0,100.0,0.0,0.0,100.0,0.0,0.0,121.35,12.19,6.46,0.51,0.38
629,45.8,0.0,100.0,0.0,0.0,100.0,0.0,0.0,92.85,12.19,5.17,0.52,0.37
630,48.27,0.0,100.0,0.0,0.0,100.0,0.0,0.0,83.64,12.72,5.91,0.5,0.39
631,72.11,0.0,100.0,0.0,0.0,100.0,0.0,0.0,93.9,1.65,10.6,0.26,0.42
632,47.64,0.0,100.0,0.0,0.0,100.0,0.0,0.0,122.07,14.66,3.72,0.53,0.37
633,47.91,0.0,100.0,0.0,0.0,100.0,0.0,0.0,77.39,6.61,8.16,0.51,0.39
634,40.93,0.0,100.0,0.0,0.0,100.0,0.0,0.0,90.06,12.51,6.91,0.56,0.43
635,31.68,0.0,100.0,0.0,0.0,100.0,0.0,0.0,328.52,7.97,6.68,0.68,0.36
636,31.75,0.0,100.0,0.0,0.0,100.0,0.0,0.0,430.91,14.93,3.35,0.68,0.32
637,53.28,0.0,100.0,0.0,0.0,100.0,0.0,0.0,104.2,6.0,7.97,0.48,0.36
638,31.25,0.0,100.0,0.0,0.0,100.0,0.0,0.0,318.3,16.0,2.85,0.69,0.32
639,32.53,0.0,100.0,0.0,0.0,100.0,0.0,0.0,197.53,14.82,3.57,0.68,0.33
640,46.37,0.0,100.0,0.0,0.0,100.0,0.0,0.0,125.35,13.15,4.53,0.53,0.33
641,31.25,0.0,100.0,0.0,0.0,100.0,0.0,0.0,200.78,15.0,2.93,0.69,0.31
642,48.68,0.0,100.0,0.0,0.0,100.0,0.0,0.0,135.67,2.33,9.62,0.53,0.33
643,45.83,0.0,100.0,0.0,0.0,100.0,0.0,0.0,179.75,2.04,10.6,0.52,0.35
644,32.97,0.0,100.0,0.0,0.0,100.0,0.0,0.0,333.82,14.06,5.17,0.67,0.3
645,31.88,0.0,100.0,0.0,0.0,100.0,0.0,0.0,247.42,14.86,4.38,0.68,0.3
646,52.26,0.13,87.0,13.0,0.0,87.0,0.0,0.0,81.01,1.77,10.41,0.26,0.3
647,32.17,0.0,100.0,0.0,0.0,100.0,0.0,0.0,358.17,14.89,3.58,0.68,0.31
648,47.1,0.0,100.0,0.0,0.0,100.0,0.0,0.0,165.89,11.95,6.48,0.48,0.33
649,31.25,0.0,100.0,0.0,0.0,100.0,0.0,0.0,315.62,15.0,3.53,0.69,0.31
650,31.25,0.0,100.0,0.0,0.0,100.0,0.0,0.0,345.4,16.0,2.66,0.69,0.32
651,32.03,0.0,100.0,0.0,0.0,100.0,0.0,0.0,199.47,3.75,9.3,0.68,0.35
652,54.01,0.0,100.0,0.0,0.0,100.0,0.0,0.0,86.1,7.25,5.59,0.49,0.33
653,32.67,0.0,100.0,0.0,0.0,100.0,0.0,0.0,256.38,7.96,5.63,0.68,0.29
654,70.87,0.0,100.0,0.0,0.0,100.0,0.0,0.0,58.96,1.58,8.87,0.31,0.32
655,49.4,0.0,100.0,0.0,0.0,100.0,0.0,0.0,55.96,11.49,5.53,0.47,0.32
656,47.33,0.0,100.0,0.0,0.0,100.0,0.0,0.0,118.5,11.81,6.88,0.5,0.34
657,40.25,0.05,95.0,5.0,0.0,95.0,0.0,0.0,73.93,12.01,6.39,0.53,0.35
658,47.2,0.0,100.0,0.0,0.0,100.0,0.0,0.0,76.83,6.76,7.0,0.54,0.4
659,32.77,0.0,100.0,0.0,0.0,100.0,0.0,0.0,356.84,3.72,11.26,0.67,0.35
660,31.25,0.0,100.0,0.0,0.0,100.0,0.0,0.0,270.07,8.0,6.56,0.69,0.35
661,43.3,0.04,96.0,4.0,0.0,96.0,0.0,0.0,145.0,11.94,6.25,0.51,0.38
662,44.42,0.0,100.0,0.0,0.0,100.0,0.0,0.0,80.46,14.5,3.92,0.56,0.46
663,32.02,0.0,100.0,0.0,0.0,100.0,0.0,0.0,257.41,14.13,4.45,0.68,0.38
664,31.25,0.0,100.0,0.0,0.0,100.0,0.0,0.0,428.94,15.0,3.28,0.69,0.36
665,46.02,0.0,100.0,0.0,0.0,100.0,0.0,0.0,91.3,3.38,11.04,0.53,0.39
666,31.25,0.0,100.0,0.0,0.0,100.0,0.0,0.0,132.99,16.0,3.41,0.69,0.37
667,31.25,0.0,100.0,0.0,0.0,100.0,0.0,0.0,276.27,16.0,2.62,0.69,0.39
668,44.46,0.0,100.0,0.0,0.0,100.0,0.0,0.0,84.94,6.69,7.94,0.54,0.38
669,51.01,0.0,100.0,0.0,0.0,100.0,0.0,0.0,66.57,6.06,6.53,0.48,0.37
670,52.59,0.0,100.0,0.0,0.0,100.0,0.0,0.0,129.79,6.19,6.98,0.52,0.35
671,31.25,0.0,100.0,0.0,0.0,100.0,0.0,0.0,370.01,15.0,3.92,0.69,0.36
672,32.22,0.0,100.0,0.0,0.0,100.0,0.0,0.0,322.08,14.81,4.05,0.67,0.35
673,48.74,0.0,100.0,0.0,0.0,100.0,0.0,0.0,68.36,14.24,3.97,0.5,0.39
674,56.38,0.0,100.0,0.0,0.0,100.0,0.0,0.0,108.82,11.45,6.12,0.45,0.37
675,31.25,0.0,100.0,0.0,0.0,100.0,0.0,0.0,300.64,8.0,5.23,0.69,0.35
676,31.25,0.0,100.0,0.0,0.0,100.0,0.0,0.0,276.04,15.0,3.47,0.69,0.34
677,56.28,0.0,100.0,0.0,0.0,100.0,0.0,0.0,75.31,5.94,8.15,0.47,0.37
678,47.46,0.0,100.0,0.0,0.0,100.0,0.0,0.0,81.3,12.12,6.47,0.51,0.39
679,43.16,0.14,86.0,14.0,0.0,86.0,0.0,0.0,83.23,1.97,9.76,0.33,0.39
680,44.34,0.0,100.0,0.0,0.0,100.0,0.0,0.0,116.93,7.26,6.15,0.54,0.36
681,43.88,0.0,100.0,0.0,0.0,100.0,0.0,0.0,132.36,6.75,6.84,0.55,0.4
682,58.28,0.03,97.0,3.0,0.0,97.0,0.0,0.0,115.44,2.13,10.5,0.3,0.39
683,43.02,0.06,94.0,6.0,0.0,94.0,0.0,0.0,77.89,11.65,6.15,0.51,0.37
684,53.61,0.0,100.0,0.0,0.0,100.0,0.0,0.0,95.6,12.2,5.79,0.46,0.44
685,31.25,0.0,100.0,0.0,0.0,100.0,0.0,0.0,134.42,7.5,6.91,0.69,0.37
686,45.52,0.0,100.0,0.0,0.0,100.0,0.0,0.0,103.7,12.84,4.79,0.52,0.39
687,32.35,0.0,100.0,0.0,0.0,100.0,0.0,0.0,348.36,15.91,3.65,0.68,0.37
688,31.25,0.0,100.0,0.0,0.0,100.0,0.0,0.0,335.61,15.0,4.18,0.69,0.35
689,31.54,0.0,100.0,0.0,0.0,100.0,0.0,0.0,437.0,14.97,3.67,0.69,0.36
690,43.77,0.03,97.0,3.0,0.0,97.0,0.0,0.0,68.11,12.09,6.17,0.53,0.4
691,44.57,0.0,100.0,0.0,0.0,100.0,0.0,0.0,98.23,14.55,4.59,0.55,0.39
692,32.0,0.0,100.0,0.0,0.0,100.0,0.0,0.0,322.14,14.91,3.75,0.68,0.34
693,46.69,0.0,100.0,0.0,0.0,100.0,0.0,0.0,134.04,12.12,5.19,0.53,0.38
694,31.77,0.0,100.0,0.0,0.0,100.0,0.0,0.0,328.17,15.89,3.97,0.68,0.36
695,31.25,0.0,100.0,0.0,0.0,100.0,0.0,0.0,388.71,16.0,3.84,0.69,0.35
696,44.45,0.0,100.0,0.0,0.0,100.0,0.0,0.0,102.4,14.85,3.91,0.55,0.4
697,50.66,0.0,100.0,0.0,0.0,100.0,0.0,0.0,84.51,6.77,7.75,0.53,0.34
698,31.25,0.0,100.0,0.0,0.0,100.0,0.0,0.0,426.75,16.0,2.62,0.69,0.33
699,32.6,0.0,100.0,0.0,0.0,100.0,0.0,0.0,296.6,7.91,5.38,0.67,0.35
700,45.68,0.04,96.0,4.0,0.0,96.0,0.0,0.0,92.7,11.97,6.24,0.49,0.32
701,50.01,0.0,100.0,0.0,0.0,100.0,0.0,0.0,91.71,3.64,9.39,0.5,0.31
702,46.23,0.0,100.0,0.0,0.0,100.0,0.0,0.0,96.8,12.39,6.97,0.53,0.36
703,48.79,0.0,100.0,0.0,0.0,100.0,0.0,0.0,107.67,13.04,5.0,0.53,0.33
704,47.94,0.0,100.0,0.0,0.0,100.0,0.0,0.0,142.36,11.91,4.62,0.5,0.33
705,52.07,0.0,100.0,0.0,0.0,100.0,0.0,0.0,76.1,11.47,5.52,0.49,0.34
706,46.86,0.0,100.0,0.0,0.0,100.0,0.0,0.0,106.24,13.45,4.85,0.53,0.32
707,49.37,0.07,93.0,7.0,0.0,93.0,0.0,0.0,78.27,1.83,10.24,0.56,0.32
708,31.99,0.0,100.0,0.0,0.0,100.0,0.0,0.0,151.53,7.46,7.1,0.68,0.36
709,56.52,0.0,100.0,0.0,0.0,100.0,0.0,0.0,103.15,11.2,6.99,0.44,0.39
710,32.34,0.0,100.0,0.0,0.0,100.0,0.0,0.0,176.23,7.2,6.18,0.68,0.31
711,45.52,0.0,100.0,0.0,0.0,100.0,0.0,0.0,129.21,7.29,7.56,0.53,0.31
712,47.21,0.0,100.0,0.0,0.0,100.0,0.0,0.0,90.38,6.42,8.09,0.51,0.34
713,49.48,0.0,100.0,0.0,0.0,100.0,0.0,0.0,102.04,2.02,10.81,0.48,0.33
714,47.03,0.0,100.0,0.0,0.0,100.0,0.0,0.0,113.29,13.07,5.16,0.53,0.32
715,32.23,0.0,100.0,0.0,0.0,100.0,0.0,0.0,203.41,14.41,5.81,0.68,0.37
716,49.15,0.0,100.0,0.0,0.0,100.0,0.0,0.0,79.7,7.09,6.99,0.51,0.4
717,31.25,0.0,100.0,0.0,0.0,100.0,0.0,0.0,379.38,14.5,5.92,0.69,0.34
718,31.25,0.0,100.0,0.0,0.0,100.0,0.0,0.0,130.59,8.0,4.84,0.69,0.34
719,45.4,0.0,100.0,0.0,0.0,100.0,0.0,0.0,118.77,6.52,7.22,0.52,0.4
720,31.64,0.0,100.0,0.0,0.0,100.0,0.0,0.0,262.72,14.89,4.59,0.68,0.41
721,49.51,0.0,100.0,0.0,0.0,100.0,0.0,0.0,75.36,12.99,4.5,0.51,0.41
722,31.71,0.0,100.0,0.0,0.0,100.0,0.0,0.0,297.47,14.95,3.77,0.68,0.38
723,42.33,0.19,81.0,19.0,0.0,81.0,0.0,0.0,81.54,1.49,12.06,0.24,0.39
724,32.43,0.0,100.0,0.0,0.0,100.0,0.0,0.0,262.28,7.95,6.29,0.68,0.35
725,49.86,0.0,100.0,0.0,0.0,100.0,0.0,0.0,157.89,6.12,7.9,0.48,0.38
726,50.65,0.0,100.0,0.0,0.0,100.0,0.0,0.0,67.22,12.79,6.04,0.49,0.42
727,31.25,0.0,100.0,0.0,0.0,100.0,0.0,0.0,251.4,15.0,3.8,0.69,0.34
728,66.27,0.0,100.0,0.0,0.0,100.0,0.0,0.0,54.59,1.69,11.69,0.29,0.41
729,31.87,0.0,100.0,0.0,0.0,100.0,0.0,0.0,234.07,7.47,7.54,0.68,0.38
730,54.12,0.0,100.0,0.0,0.0,100.0,0.0,0.0,118.62,11.17,6.39,0.46,0.37
731,32.27,0.0,100.0,0.0,0.0,100.0,0.0,0.0,180.22,15.95,3.77,0.68,0.4
732,31.25,0.0,100.0,0.0,0.0,100.0,0.0,0.0,399.23,8.0,5.89,0.69,0.68
733,49.25,0.0,100.0,0.0,0.0,100.0,0.0,0.0,107.08,6.51,8.29,0.5,0.59
734,31.25,0.0,100.0,0.0,0.0,100.0,0.0,0.0,306.4,8.0,6.03,0.69,0.41
735,32.43,0.0,100.0,0.0,0.0,100.0,0.0,0.0,212.8,7.46,7.19,0.68,0.41
736,51.44,0.0,100.0,0.0,0.0,100.0,0.0,0.0,121.03,14.17,3.35,0.52,0.44
737,48.83,0.0,100.0,0.0,0.0,100.0,0.0,0.0,112.24,6.27,6.69,0.53,0.47
738,47.81,0.0,100.0,0.0,0.0,100.0,0.0,0.0,122.88,7.33,5.46,0.53,0.42
739,31.58,0.0,100.0,0.0,0.0,100.0,0.0,0.0,236.28,3.75,10.01,0.68,0.41
740,74.03,0.03,97.0,3.0,0.0,97.0,0.0,0.0,80.57,1.3,9.69,0.28,0.45
741,33.65,0.0,100.0,0.0,0.0,100.0,0.0,0.0,285.12,14.74,3.53,0.67,0.41
742,31.25,0.0,100.0,0.0,0.0,100.0,0.0,0.0,258.52,16.0,2.81,0.69,0.39
743,45.12,0.0,100.0,0.0,0.0,100.0,0.0,0.0,125.97,6.75,7.27,0.54,0.42
744,31.25,0.0,100.0,0.0,0.0,100.0,0.0,0.0,259.24,15.0,4.25,0.69,0.4
745,31.25,0.0,100.0,0.0,0.0,100.0,0.0,0.0,290.06,7.5,6.92,0.69,0.41
746,72.75,0.05,95.0,5.0,0.0,95.0,0.0,0.0,27.93,1.43,11.31,0.26,0.44
747,43.72,0.0,100.0,0.0,0.0,100.0,0.0,0.0,88.7,6.5,6.97,0.56,0.4
748,31.4,0.0,100.0,0.0,0.0,100.0,0.0,0.0,325.49,16.0,3.38,0.68,0.4
749,32.27,0.0,100.0,0.0,0.0,100.0,0.0,0.0,379.59,14.07,5.27,0.68,0.4
750,47.23,0.0,100.0,0.0,0.0,100.0,0.0,0.0,145.1,6.21,8.25,0.5,0.44
751,50.27,0.0,100.0,0.0,0.0,100.0,0.0,0.0,102.88,1.96,9.55,0.49,0.43
752,57.17,0.12,88.0,12.0,0.0,88.0,0.0,0.0,84.84,1.65,11.8,0.19,0.41
753,31.88,0.0,100.0,0.0,0.0,100.0,0.0,0.0,337.47,14.19,3.57,0.68,0.37
754,46.17,0.0,100.0,0.0,0.0,100.0,0.0,0.0,117.53,14.29,3.5,0.54,0.41
755,31.61,0.0,100.0,0.0,0.0,100.0,0.0,0.0,317.69,14.18,4.06,0.68,0.43
756,31.68,0.0,100.0,0.0,0.0,100.0,0.0,0.0,415.33,14.95,4.16,0.68,0.41
757,31.53,0.0,100.0,0.0,0.0,100.0,0.0,0.0,199.02,7.21,7.42,0.68,0.59
758,44.54,0.0,100.0,0.0,0.0,100.0,0.0,0.0,93.62,7.42,6.58,0.57,0.43
759,31.25,0.0,100.0,0.0,0.0,100.0,0.0,0.0,331.28,16.0,3.85,0.69,0.37
760,31.25,0.0,100.0,0.0,0.0,100.0,0.0,0.0,362.71,7.5,5.24,0.69,0.38
761,45.26,0.0,100.0,0.0,0.0,100.0,0.0,0.0,125.01,3.42,10.46,0.52,0.42
762,44.74,0.0,100.0,0.0,0.0,100.0,0.0,0.0,128.58,1.94,10.88,0.53,0.41
763,31.25,0.0,100.0,0.0,0.0,100.0,0.0,0.0,239.48,15.0,3.92,0.69,0.44
764,48.35,0.0,100.0,0.0,0.0,100.0,0.0,0.0,83.74,12.46,4.73,0.48,0.53
765,31.59,0.0,100.0,0.0,0.0,100.0,0.0,0.0,375.27,15.96,4.13,0.68,0.37
766,44.47,0.0,100.0,0.0,0.0,100.0,0.0,0.0,145.79,14.48,3.13,0.54,0.4
767,31.25,0.0,100.0,0.0,0.0,100.0,0.0,0.0,312.43,16.0,2.65,0.69,0.37
768,49.96,0.0,100.0,0.0,0.0,100.0,0.0,0.0,61.43,11.6,6.56,0.49,0.4
769,43.19,0.0,100.0,0.0,0.0,100.0,0.0,0.0,120.4,6.44,6.48,0.53,0.34
770,46.75,0.0,100.0,0.0,0.0,100.0,0.0,0.0,77.93,6.4,7.16,0.56,0.36
771,47.1,0.0,100.0,0.0,0.0,100.0,0.0,0.0,121.86,3.37,10.78,0.52,0.42
772,44.78,0.0,100.0,0.0,0.0,100.0,0.0,0.0,161.33,12.0,5.98,0.52,0.36
773,48.38,0.0,100.0,0.0,0.0,100.0,0.0,0.0,57.85,12.08,5.94,0.51,0.36
774,48.14,0.0,100.0,0.0,0.0,100.0,0.0,0.0,89.14,7.33,6.39,0.53,0.36
775,50.0,0.0,100.0,0.0,0.0,100.0,0.0,0.0,107.26,6.24,8.56,0.51,0.33
776,52.6,0.0,100.0,0.0,0.0,100.0,0.0,0.0,81.02,11.61,6.33,0.49,0.35
777,48.98,0.0,100.0,0.0,0.0,100.0,0.0,0.0,111.83,12.98,4.92,0.52,0.39
778,52.72,0.0,100.0,0.0,0.0,100.0,0.0,0.0,96.32,12.08,6.65,0.5,0.36
779,31.25,0.0,100.0,0.0,0.0,100.0,0.0,0.0,117.91,16.0,2.88,0.69,0.32
780,48.01,0.0,100.0,0.0,0.0,100.0,0.0,0.0,99.99,6.15,6.04,0.53,0.35
781,45.77,0.0,100.0,0.0,0.0,100.0,0.0,0.0,76.68,14.59,3.97,0.49,0.37
782,44.48,0.0,100.0,0.0,0.0,100.0,0.0,0.0,103.51,14.4,4.39,0.54,0.34
783,48.4,0.0,100.0,0.0,0.0,100.0,0.0,0.0,56.47,7.42,7.27,0.55,0.35
784,46.92,0.0,100.0,0.0,0.0,100.0,0.0,0.0,100.53,7.05,6.43,0.51,0.45
785,31.49,0.0,100.0,0.0,0.0,100.0,0.0,0.0,348.37,14.96,3.84,0.68,0.36
786,56.03,0.0,100.0,0.0,0.0,100.0,0.0,0.0,76.16,6.34,6.79,0.47,0.4
787,32.67,0.0,100.0,0.0,0.0,100.0,0.0,0.0,344.29,15.93,2.75,0.68,0.4
788,72.95,0.0,100.0,0.0,0.0,100.0,0.0,0.0,100.53,2.04,9.49,0.27,0.41
789,31.99,0.0,100.0,0.0,0.0,100.0,0.0,0.0,251.95,14.2,5.68,0.68,0.4
790,31.55,0.0,100.0,0.0,0.0,100.0,0.0,0.0,220.16,14.96,4.21,0.68,0.34
791,47.37,0.0,100.0,0.0,0.0,100.0,0.0,0.0,83.62,7.14,6.32,0.51,0.91
792,31.25,0.0,100.0,0.0,0.0,100.0,0.0,0.0,180.34,16.0,3.33,0.69,0.47
793,50.2,0.0,100.0,0.0,0.0,100.0,0.0,0.0,82.48,2.01,9.72,0.49,0.49
794,46.86,0.0,100.0,0.0,0.0,100.0,0.0,0.0,85.81,13.21,4.97,0.54,0.42
795,52.85,0.0,100.0,0.0,0.0,100.0,0.0,0.0,97.2,3.13,11.34,0.49,0.4
796,31.25,0.0,100.0,0.0,0.0,100.0,0.0,0.0,444.87,7.5,4.78,0.69,0.37
797,43.16,0.0,100.0,0.0,0.0,100.0,0.0,0.0,62.87,6.36,6.65,0.54,0.41
798,33.12,0.0,100.0,0.0,0.0,100.0,0.0,0.0,250.86,7.92,7.09,0.67,0.4
799,32.95,0.0,100.0,0.0,0.0,100.0,0.0,0.0,322.56,14.04,4.06,0.67,0.39
800,51.25,0.0,100.0,0.0,0.0,100.0,0.0,0.0,79.94,12.63,5.16,0.5,0.4
801,38.57,0.0,100.0,0.0,0.0,100.0,0.0,0.0,226.57,2.47,9.91,0.58,0.38
802,50.12,0.0,100.0,0.0,0.0,100.0,0.0,0.0,92.98,11.49,6.56,0.49,0.55
803,49.44,0.0,100.0,0.0,0.0,100.0,0.0,0.0,96.95,13.95,4.34,0.5,0.62
804,49.75,0.0,100.0,0.0,0.0,100.0,0.0,0.0,124.94,12.71,6.25,0.49,0.47
805,49.37,0.0,100.0,0.0,0.0,100.0,0.0,0.0,80.37,3.4,10.01,0.53,0.41
806,50.42,0.0,100.0,0.0,0.0,100.0,0.0,0.0,131.14,2.12,11.26,0.52,0.39
807,53.46,0.0,100.0,0.0,0.0,100.0,0.0,0.0,98.96,5.91,7.43,0.46,0.41
808,77.0,0.0,100.0,0.0,0.0,100.0,0.0,0.0,71.47,2.4,10.74,0.28,0.42
809,46.74,0.0,100.0,0.0,0.0,100.0,0.0,0.0,121.35,12.06,6.63,0.52,0.41
810,31.96,0.0,100.0,0.0,0.0,100.0,0.0,0.0,115.02,14.92,4.47,0.68,0.38
811,51.68,0.0,100.0,0.0,0.0,100.0,0.0,0.0,56.41,3.82,10.2,0.47,0.39
812,53.33,0.0,100.0,0.0,0.0,100.0,0.0,0.0,86.76,5.99,8.07,0.46,0.42
813,31.25,0.0,100.0,0.0,0.0,100.0,0.0,0.0,194.66,16.0,2.52,0.69,0.37
814,49.58,0.0,100.0,0.0,0.0,100.0,0.0,0.0,69.65,3.67,11.1,0.51,0.44
815,32.48,0.0,100.0,0.0,0.0,100.0,0.0,0.0,158.27,14.92,4.06,0.68,0.4
816,48.31,0.0,100.0,0.0,0.0,100.0,0.0,0.0,96.34,12.68,4.98,0.5,0.39
817,43.28,0.0,100.0,0.0,0.0,100.0,0.0,0.0,148.47,12.18,6.75,0.53,0.42
818,54.85,0.0,100.0,0.0,0.0,100.0,0.0,0.0,97.58,6.09,7.2,0.45,0.41
819,50.52,0.0,100.0,0.0,0.0,100.0,0.0,0.0,83.34,6.2,7.38,0.49,0.62
820,48.4,0.0,100.0,0.0,0.0,100.0,0.0,0.0,92.37,7.22,6.3,0.5,0.59
821,31.86,0.0,100.0,0.0,0.0,100.0,0.0,0.0,209.17,7.18,7.11,0.68,0.38
822,32.2,0.0,100.0,0.0,0.0,100.0,0.0,0.0,293.42,14.91,4.14,0.68,0.38
823,50.36,0.0,100.0,0.0,0.0,100.0,0.0,0.0,119.75,3.52,11.19,0.53,0.4
824,49.54,0.0,100.0,0.0,0.0,100.0,0.0,0.0,78.8,11.91,6.09,0.51,0.42
825,49.52,0.0,100.0,0.0,0.0,100.0,0.0,0.0,114.06,7.15,6.91,0.48,0.41
826,47.44,0.0,100.0,0.0,0.0,100.0,0.0,0.0,93.94,12.87,5.82,0.52,0.41
827,31.51,0.0,100.0,0.0,0.0,100.0,0.0,0.0,182.53,3.99,9.74,0.68,0.36
828,31.93,0.0,100.0,0.0,0.0,100.0,0.0,0.0,192.58,14.41,5.17,0.68,0.4
829,50.13,0.0,100.0,0.0,0.0,100.0,0.0,0.0,85.13,13.14,5.0,0.53,0.41
830,32.54,0.0,100.0,0.0,0.0,100.0,0.0,0.0,224.31,15.84,3.77,0.67,0.73
831,45.44,0.0,100.0,0.0,0.0,100.0,0.0,0.0,83.33,6.74,7.67,0.53,0.91
832,47.76,0.0,100.0,0.0,0.0,100.0,0.0,0.0,100.13,7.66,6.91,0.52,1.0
833,31.62,0.07,93.0,7.0,0.0,93.0,0.0,0.0,97.46,12.88,5.79,0.58,0.59
834,48.34,0.0,100.0,0.0,0.0,100.0,0.0,0.0,101.74,2.0,10.97,0.51,0.46
835,71.4,0.0,100.0,0.0,0.0,100.0,0.0,0.0,39.59,2.11,11.3,0.3,0.48
836,46.83,0.0,100.0,0.0,0.0,100.0,0.0,0.0,148.19,2.1,10.87,0.54,0.44
837,32.13,0.0,100.0,0.0,0.0,100.0,0.0,0.0,84.33,14.91,4.29,0.68,0.43
838,53.55,0.0,100.0,0.0,0.0,100.0,0.0,0.0,47.24,7.26,6.3,0.48,0.43
839,49.04,0.0,100.0,0.0,0.0,100.0,0.0,0.0,87.32,6.71,8.07,0.53,0.41
840,39.96,0.04,96.0,4.0,0.0,96.0,0.0,0.0,113.64,12.02,6.5,0.54,0.42
841,31.88,0.0,100.0,0.0,0.0,100.0,0.0,0.0,181.77,8.0,5.78,0.68,0.41
842,31.25,0.0,100.0,0.0,0.0,100.0,0.0,0.0,151.22,8.0,6.23,0.69,0.35
843,31.79,0.0,100.0,0.0,0.0,100.0,0.0,0.0,197.03,14.89,3.99,0.68,0.33
844,51.74,0.0,100.0,0.0,0.0,100.0,0.0,0.0,98.13,6.8,6.68,0.47,0.33
845,48.42,0.0,100.0,0.0,0.0,100.0,0.0,0.0,102.86,14.82,4.49,0.55,0.33
846,49.36,0.0,100.0,0.0,0.0,100.0,0.0,0.0,145.45,3.42,9.75,0.5,0.32
847,32.41,0.0,100.0,0.0,0.0,100.0,0.0,0.0,251.95,7.18,5.6,0.68,0.33
848,31.25,0.0,100.0,0.0,0.0,100.0,0.0,0.0,369.36,8.0,5.34,0.69,0.34
849,31.25,0.0,100.0,0.0,0.0,100.0,0.0,0.0,278.87,8.0,5.83,0.69,0.36
850,31.81,0.08,92.0,8.0,0.0,92.0,0.0,0.0,139.22,12.89,4.91,0.57,0.37
851,34.19,0.0,100.0,0.0,0.0,100.0,0.0,0.0,219.45,7.85,5.77,0.66,0.36
852,31.25,0.0,100.0,0.0,0.0,100.0,0.0,0.0,221.42,14.5,4.42,0.69,0.36
853,50.42,0.0,100.0,0.0,0.0,100.0,0.0,0.0,131.99,3.38,9.82,0.48,0.45
854,31.25,0.0,100.0,0.0,0.0,100.0,0.0,0.0,247.02,16.0,3.04,0.69,0.53
855,54.76,0.0,100.0,0.0,0.0,100.0,0.0,0.0,67.68,3.5,10.76,0.46,0.45
856,32.37,0.0,100.0,0.0,0.0,100.0,0.0,0.0,240.2,14.86,4.11,0.68,0.38
857,45.36,0.0,100.0,0.0,0.0,100.0,0.0,0.0,176.92,14.04,4.26,0.5,0.4
858,51.63,0.0,100.0,0.0,0.0,100.0,0.0,0.0,120.3,6.0,7.9,0.49,0.45
859,49.67,0.0,100.0,0.0,0.0,100.0,0.0,0.0,114.88,6.46,7.36,0.5,0.41
860,46.53,0.0,100.0,0.0,0.0,100.0,0.0,0.0,86.68,12.23,5.29,0.51,0.4
861,32.69,0.0,100.0,0.0,0.0,100.0,0.0,0.0,251.93,14.12,3.91,0.68,0.35
862,53.23,0.0,100.0,0.0,0.0,100.0,0.0,0.0,96.7,12.03,6.34,0.48,0.37
863,32.2,0.0,100.0,0.0,0.0,100.0,0.0,0.0,203.27,15.87,2.96,0.68,0.39
864,31.67,0.0,100.0,0.0,0.0,100.0,0.0,0.0,192.91,7.23,6.36,0.68,0.44
865,31.25,0.0,100.0,0.0,0.0,100.0,0.0,0.0,301.99,15.0,4.37,0.69,0.39
866,31.88,0.0,100.0,0.0,0.0,100.0,0.0,0.0,198.23,14.93,3.29,0.68,0.4
867,31.25,0.0,100.0,0.0,0.0,100.0,0.0,0.0,305.13,15.0,3.63,0.69,0.39
868,31.28,0.0,100.0,0.0,0.0,100.0,0.0,0.0,173.96,7.24,6.73,0.69,0.37
869,45.88,0.0,100.0,0.0,0.0,100.0,0.0,0.0,132.68,3.62,9.18,0.53,0.39
870,50.78,0.0,100.0,0.0,0.0,100.0,0.0,0.0,81.99,5.87,7.22,0.49,0.42
871,31.25,0.0,100.0,0.0,0.0,100.0,0.0,0.0,471.8,16.0,3.66,0.69,0.36
872,50.08,0.0,100.0,0.0,0.0,100.0,0.0,0.0,98.17,12.09,6.38,0.52,0.37
873,49.81,0.0,100.0,0.0,0.0,100.0,0.0,0.0,55.88,6.13,8.61,0.5,0.52
874,33.15,0.0,100.0,0.0,0.0,100.0,0.0,0.0,183.14,7.96,5.63,0.68,0.34
875,39.38,0.0,100.0,0.0,0.0,100.0,0.0,0.0,190.9,2.14,11.03,0.59,0.41
876,43.15,0.0,100.0,0.0,0.0,100.0,0.0,0.0,96.23,12.28,6.03,0.54,0.39
877,32.39,0.0,100.0,0.0,0.0,100.0,0.0,0.0,313.43,14.88,4.22,0.68,0.35
878,52.93,0.0,100.0,0.0,0.0,100.0,0.0,0.0,68.93,12.46,5.27,0.48,0.47
879,48.72,0.0,100.0,0.0,0.0,100.0,0.0,0.0,99.43,14.1,5.2,0.53,0.57
880,46.96,0.0,100.0,0.0,0.0,100.0,0.0,0.0,147.63,11.76,5.04,0.5,0.49
881,33.68,0.0,100.0,0.0,0.0,100.0,0.0,0.0,274.6,13.99,4.91,0.67,0.36
882,32.08,0.0,100.0,0.0,0.0,100.0,0.0,0.0,266.77,14.95,3.34,0.68,0.36
883,52.39,0.0,100.0,0.0,0.0,100.0,0.0,0.0,124.01,6.26,6.9,0.48,0.41
884,43.56,0.0,100.0,0.0,0.0,100.0,0.0,0.0,117.07,6.88,6.14,0.56,0.35
885,33.12,0.0,100.0,0.0,0.0,100.0,0.0,0.0,93.74,14.79,3.85,0.67,0.38
886,31.25,0.0,100.0,0.0,0.0,100.0,0.0,0.0,408.77,15.0,3.37,0.69,0.45
887,47.84,0.0,100.0,0.0,0.0,100.0,0.0,0.0,54.79,7.15,6.89,0.51,0.44
888,50.75,0.0,100.0,0.0,0.0,100.0,0.0,0.0,84.3,7.35,5.81,0.5,0.38
889,51.75,0.0,100.0,0.0,0.0,100.0,0.0,0.0,94.76,6.03,6.5,0.5,0.44
890,31.9,0.0,100.0,0.0,0.0,100.0,0.0,0.0,334.36,14.82,3.1,0.68,0.48
891,53.54,0.0,100.0,0.0,0.0,100.0,0.0,0.0,106.49,11.57,7.46,0.47,0.42
892,31.25,0.0,100.0,0.0,0.0,100.0,0.0,0.0,348.93,16.0,3.38,0.69,0.34
893,48.01,0.0,100.0,0.0,0.0,100.0,0.0,0.0,87.17,3.69,9.76,0.52,0.4
894,33.73,0.0,100.0,0.0,0.0,100.0,0.0,0.0,263.62,14.07,4.27,0.68,0.41
895,46.2,0.0,100.0,0.0,0.0,100.0,0.0,0.0,104.67,12.23,4.73,0.47,0.4
896,46.83,0.0,100.0,0.0,0.0,100.0,0.0,0.0,102.84,12.29,6.95,0.52,0.41
897,56.81,0.0,100.0,0.0,0.0,100.0,0.0,0.0,107.35,11.23,7.07,0.47,0.47
898,48.22,0.0,100.0,0.0,0.0,100.0,0.0,0.0,103.35,13.15,5.78,0.53,0.46
899,32.63,0.0,100.0,0.0,0.0,100.0,0.0,0.0,260.83,14.74,4.25,0.67,0.38
900,31.25,0.0,100.0,0.0,0.0,100.0,0.0,0.0,371.51,16.0,3.99,0.69,0.34
901,31.25,0.0,100.0,0.0,0.0,100.0,0.0,0.0,95.31,8.0,5.91,0.69,0.38
902,44.86,0.0,100.0,0.0,0.0,100.0,0.0,0.0,70.56,13.42,5.13,0.55,0.39
903,41.53,0.0,100.0,0.0,0.0,100.0,0.0,0.0,159.12,1.82,10.51,0.55,0.36
904,44.13,0.03,97.0,3.0,0.0,97.0,0.0,0.0,73.21,12.37,5.35,0.53,0.34
905,49.62,0.0,100.0,0.0,0.0,100.0,0.0,0.0,93.91,12.04,5.12,0.5,0.66
906,56.2,0.0,100.0,0.0,0.0,100.0,0.0,0.0,66.8,5.89,7.57,0.41,0.51
907,32.67,0.0,100.0,0.0,0.0,100.0,0.0,0.0,157.28,14.88,3.58,0.68,0.34
908,55.67,0.0,100.0,0.0,0.0,100.0,0.0,0.0,61.75,12.32,4.77,0.44,0.36
909,53.47,0.0,100.0,0.0,0.0,100.0,0.0,0.0,80.69,12.78,4.48,0.49,0.36
910,51.73,0.0,100.0,0.0,0.0,100.0,0.0,0.0,119.64,2.01,11.39,0.46,0.37
911,45.06,0.0,100.0,0.0,0.0,100.0,0.0,0.0,132.25,14.28,3.7,0.53,0.37
912,31.59,0.0,100.0,0.0,0.0,100.0,0.0,0.0,382.85,14.96,3.24,0.68,0.35
913,38.6,0.06,94.0,6.0,0.0,94.0,0.0,0.0,153.82,12.13,5.63,0.54,0.37
914,31.25,0.0,100.0,0.0,0.0,100.0,0.0,0.0,279.65,16.0,2.89,0.69,0.33
915,42.72,0.0,100.0,0.0,0.0,100.0,0.0,0.0,143.94,12.45,5.8,0.54,0.35
916,44.7,0.0,100.0,0.0,0.0,100.0,0.0,0.0,117.91,13.46,5.59,0.56,0.52
917,32.41,0.0,100.0,0.0,0.0,100.0,0.0,0.0,150.09,14.84,4.69,0.67,0.6
918,32.4,0.0,100.0,0.0,0.0,100.0,0.0,0.0,355.63,7.15,6.56,0.67,0.42
919,45.04,0.0,100.0,0.0,0.0,100.0,0.0,0.0,91.21,2.33,10.28,0.53,0.41
920,54.65,0.0,100.0,0.0,0.0,100.0,0.0,0.0,97.09,11.41,7.57,0.46,0.42
921,54.53,0.0,100.0,0.0,0.0,100.0,0.0,0.0,81.86,14.25,4.1,0.48,0.42
922,51.4,0.0,100.0,0.0,0.0,100.0,0.0,0.0,67.96,6.29,7.42,0.48,0.44
923,31.25,0.0,100.0,0.0,0.0,100.0,0.0,0.0,124.26,16.0,3.15,0.69,0.38
924,32.51,0.0,100.0,0.0,0.0,100.0,0.0,0.0,218.58,14.86,4.62,0.68,0.36
925,31.57,0.0,100.0,0.0,0.0,100.0,0.0,0.0,241.33,7.22,7.77,0.68,0.44
926,45.03,0.0,100.0,0.0,0.0,100.0,0.0,0.0,124.82,6.7,6.97,0.53,0.41
927,49.26,0.0,100.0,0.0,0.0,100.0,0.0,0.0,81.68,14.03,4.78,0.52,0.4
928,32.04,0.0,100.0,0.0,0.0,100.0,0.0,0.0,454.78,14.44,5.08,0.68,0.4
929,51.14,0.0,100.0,0.0,0.0,100.0,0.0,0.0,108.9,3.58,9.16,0.51,0.4
930,52.94,0.0,100.0,0.0,0.0,100.0,0.0,0.0,64.29,2.46,9.76,0.5,0.67
931,32.18,0.0,100.0,0.0,0.0,100.0,0.0,0.0,211.67,14.39,5.33,0.68,0.56
932,48.69,0.0,100.0,0.0,0.0,100.0,0.0,0.0,95.67,7.37,7.16,0.53,0.44
933,47.04,0.0,100.0,0.0,0.0,100.0,0.0,0.0,91.79,12.88,5.4,0.57,0.4
934,37.46,0.06,94.0,6.0,0.0,94.0,0.0,0.0,118.02,6.4,6.76,0.55,0.39
935,37.98,0.05,95.0,5.0,0.0,95.0,0.0,0.0,88.42,12.17,5.94,0.55,0.39
936,48.49,0.0,100.0,0.0,0.0,100.0,0.0,0.0,98.52,14.45,5.5,0.54,0.4
937,47.4,0.0,100.0,0.0,0.0,100.0,0.0,0.0,94.64,12.66,5.14,0.54,0.43
938,53.7,0.0,100.0,0.0,0.0,100.0,0.0,0.0,94.67,6.23,8.52,0.48,0.44
939,32.29,0.0,100.0,0.0,0.0,100.0,0.0,0.0,125.09,15.94,3.18,0.68,0.38
940,31.25,0.0,100.0,0.0,0.0,100.0,0.0,0.0,216.52,16.0,3.55,0.69,0.37
941,67.41,0.0,100.0,0.0,0.0,100.0,0.0,0.0,85.21,1.8,10.65,0.29,0.42
942,51.51,0.0,100.0,0.0,0.0,100.0,0.0,0.0,38.27,12.88,4.69,0.5,0.94
943,45.53,0.0,100.0,0.0,0.0,100.0,0.0,0.0,118.61,12.19,5.33,0.52,1.08
944,50.69,0.0,100.0,0.0,0.0,100.0,0.0,0.0,120.76,13.75,4.8,0.48,0.94
945,51.05,0.0,100.0,0.0,0.0,100.0,0.0,0.0,70.84,1.95,9.84,0.5,0.56
946,46.4,0.0,100.0,0.0,0.0,100.0,0.0,0.0,117.46,7.32,6.67,0.55,0.4
947,54.4,0.0,100.0,0.0,0.0,100.0,0.0,0.0,122.11,2.09,10.0,0.47,0.37
948,54.58,0.0,100.0,0.0,0.0,100.0,0.0,0.0,80.65,3.55,8.87,0.49,0.36
949,48.79,0.0,100.0,0.0,0.0,100.0,0.0,0.0,105.43,3.69,11.5,0.53,0.4
950,32.35,0.0,100.0,0.0,0.0,100.0,0.0,0.0,259.95,14.32,4.49,0.67,0.36
951,51.97,0.0,100.0,0.0,0.0,100.0,0.0,0.0,109.31,1.85,8.57,0.49,0.68
952,31.25,0.0,100.0,0.0,0.0,100.0,0.0,0.0,436.86,15.0,3.21,0.69,0.64
953,32.0,0.0,100.0,0.0,0.0,100.0,0.0,0.0,308.26,14.93,4.61,0.68,0.41
954,48.69,0.0,100.0,0.0,0.0,100.0,0.0,0.0,134.35,7.09,6.51,0.5,0.41
955,32.32,0.0,100.0,0.0,0.0,100.0,0.0,0.0,298.75,14.84,3.4,0.68,0.38
956,51.05,0.0,100.0,0.0,0.0,100.0,0.0,0.0,94.23,11.22,5.82,0.47,0.42
957,33.69,0.0,100.0,0.0,0.0,100.0,0.0,0.0,270.8,15.72,3.7,0.67,0.4
958,49.65,0.0,100.0,0.0,0.0,100.0,0.0,0.0,114.83,6.1,6.72,0.49,0.42
959,50.51,0.0,100.0,0.0,0.0,100.0,0.0,0.0,95.62,14.08,3.9,0.5,0.69
960,49.8,0.0,100.0,0.0,0.0,100.0,0.0,0.0,113.83,7.33,7.29,0.52,0.43
961,48.04,0.0,100.0,0.0,0.0,100.0,0.0,0.0,69.06,12.41,4.92,0.49,0.36
962,32.28,0.0,100.0,0.0,0.0,100.0,0.0,0.0,234.2,7.21,7.34,0.68,0.35
963,51.05,0.0,100.0,0.0,0.0,100.0,0.0,0.0,100.64,12.08,6.93,0.5,0.4
964,50.97,0.0,100.0,0.0,0.0,100.0,0.0,0.0,72.02,11.97,6.5,0.51,0.37
965,32.74,0.0,100.0,0.0,0.0,100.0,0.0,0.0,227.17,14.32,4.97,0.68,0.3
966,51.19,0.0,100.0,0.0,0.0,100.0,0.0,0.0,49.94,14.19,4.13,0.49,0.32
967,49.42,0.0,100.0,0.0,0.0,100.0,0.0,0.0,154.47,3.52,8.66,0.48,0.31
968,49.49,0.0,100.0,0.0,0.0,100.0,0.0,0.0,79.84,12.32,5.32,0.52,0.34
969,49.98,0.0,100.0,0.0,0.0,100.0,0.0,0.0,81.29,5.9,6.59,0.48,0.35
970,31.47,0.0,100.0,0.0,0.0,100.0,0.0,0.0,300.95,16.0,3.28,0.68,0.33
971,48.53,0.0,100.0,0.0,0.0,100.0,0.0,0.0,102.03,13.13,3.83,0.52,0.5
972,47.75,0.0,100.0,0.0,0.0,100.0,0.0,0.0,113.46,2.01,9.9,0.5,0.39
973,43.4,0.14,86.0,14.0,0.0,86.0,0.0,0.0,71.33,1.76,12.2,0.3,0.36
974,32.15,0.0,100.0,0.0,0.0,100.0,0.0,0.0,313.27,14.93,4.22,0.68,0.4
975,32.7,0.0,100.0,0.0,0.0,100.0,0.0,0.0,322.15,14.79,3.6,0.67,0.46
976,50.97,0.0,100.0,0.0,0.0,100.0,0.0,0.0,105.74,12.85,4.01,0.49,0.45
977,44.57,0.0,100.0,0.0,0.0,100.0,0.0,0.0,98.12,12.79,5.45,0.55,0.4
978,48.42,0.0,100.0,0.0,0.0,100.0,0.0,0.0,82.15,3.22,9.09,0.49,0.42
979,44.26,0.0,100.0,0.0,0.0,100.0,0.0,0.0,93.31,12.62,6.17,0.53,0.85
980,50.81,0.0,100.0,0.0,0.0,100.0,0.0,0.0,76.43,6.25,7.24,0.52,0.67
981,32.22,0.0,100.0,0.0,0.0,100.0,0.0,0.0,302.74,7.45,5.98,0.68,0.46
982,48.94,0.0,100.0,0.0,0.0,100.0,0.0,0.0,120.01,7.59,6.01,0.5,0.43
983,55.42,0.0,100.0,0.0,0.0,100.0,0.0,0.0,94.39,5.96,8.23,0.46,0.41
984,46.67,0.0,100.0,0.0,0.0,100.0,0.0,0.0,131.98,6.56,8.23,0.52,0.46
985,42.98,0.05,95.0,5.0,0.0,95.0,0.0,0.0,148.63,12.07,6.82,0.5,0.45
986,46.66,0.0,100.0,0.0,0.0,100.0,0.0,0.0,126.17,6.62,5.95,0.54,0.59
987,47.12,0.0,100.0,0.0,0.0,100.0,0.0,0.0,62.02,13.07,3.82,0.52,0.6
988,47.72,0.0,100.0,0.0,0.0,100.0,0.0,0.0,124.97,7.67,5.63,0.52,0.46
989,51.34,0.0,100.0,0.0,0.0,100.0,0.0,0.0,94.53,7.11,6.24,0.5,0.45
990,71.82,0.0,100.0,0.0,0.0,100.0,0.0,0.0,107.22,1.69,10.05,0.25,0.41
991,31.25,0.0,100.0,0.0,0.0,100.0,0.0,0.0,451.1,16.0,2.76,0.69,0.37
992,31.79,0.0,100.0,0.0,0.0,100.0,0.0,0.0,241.17,14.96,3.32,0.68,0.36
993,51.73,0.0,100.0,0.0,0.0,100.0,0.0,0.0,133.92,13.53,3.69,0.53,0.39
994,39.19,0.16,84.0,16.0,0.0,84.0,0.0,0.0,129.78,1.51,10.98,0.33,0.38
995,52.48,0.0,100.0,0.0,0.0,100.0,0.0,0.0,79.37,7.13,5.87,0.51,0.42
996,32.49,0.0,100.0,0.0,0.0,100.0,0.0,0.0,393.48,14.93,4.97,0.68,0.37
997,44.53,0.0,100.0,0.0,0.0,100.0,0.0,0.0,92.98,13.56,5.35,0.56,0.4
998,31.25,0.0,100.0,0.0,0.0,100.0,0.0,0.0,170.93,8.0,5.55,0.69,0.38
999,31.25,0.0,100.0,0.0,0.0,100.0,0.0,0.0,213.97,8.0,5.31,0.69,0.36
1000,50.8,0.0,100.0,0.0,0.0,100.0,0.0,0.0,137.24,14.08,5.45,0.51,0.43
1001,31.25,0.0,100.0,0.0,0.0,100.0,0.0,0.0,275.41,15.0,3.58,0.69,0.38
1002,31.25,0.0,100.0,0.0,0.0,100.0,0.0,0.0,235.76,16.0,3.9,0.69,0.37
1003,47.51,0.0,100.0,0.0,0.0,100.0,0.0,0.0,83.89,3.54,10.0,0.53,0.42
1004,48.86,0.0,100.0,0.0,0.0,100.0,0.0,0.0,136.69,6.57,7.36,0.52,0.39
1005,32.23,0.0,100.0,0.0,0.0,100.0,0.0,0.0,332.39,16.0,2.94,0.68,0.46
1006,52.12,0.0,100.0,0.0,0.0,100.0,0.0,0.0,67.34,15.04,3.37,0.49,0.42
1007,32.22,0.0,100.0,0.0,0.0,100.0,0.0,0.0,232.1,14.94,3.46,0.68,0.35
1008,47.62,0.0,100.0,0.0,0.0,100.0,0.0,0.0,84.44,3.74,9.15,0.55,0.4
1009,32.21,0.0,100.0,0.0,0.0,100.0,0.0,0.0,259.36,14.36,5.11,0.68,0.35
1010,58.82,0.0,100.0,0.0,0.0,100.0,0.0,0.0,83.52,13.55,4.96,0.46,0.42
1011,49.72,0.0,100.0,0.0,0.0,100.0,0.0,0.0,135.04,12.15,5.98,0.51,0.43
1012,31.25,0.0,100.0,0.0,0.0,100.0,0.0,0.0,204.72,16.0,2.95,0.69,0.35
1013,32.38,0.0,100.0,0.0,0.0,100.0,0.0,0.0,222.03,14.86,3.97,0.68,0.39
1014,31.25,0.0,100.0,0.0,0.0,100.0,0.0,0.0,357.43,15.0,4.17,0.69,0.37
1015,50.72,0.0,100.0,0.0,0.0,100.0,0.0,0.0,65.71,12.1,5.6,0.51,0.4
1016,32.04,0.0,100.0,0.0,0.0,100.0,0.0,0.0,275.88,14.74,3.64,0.67,0.41
1017,31.88,0.0,100.0,0.0,0.0,100.0,0.0,0.0,308.47,14.91,4.61,0.68,0.37
1018,31.74,0.0,100.0,0.0,0.0,100.0,0.0,0.0,273.71,3.73,11.16,0.68,0.39
1019,55.78,0.0,100.0,0.0,0.0,100.0,0.0,0.0,98.79,11.31,6.15,0.44,0.4
1020,31.25,0.0,100.0,0.0,0.0,100.0,0.0,0.0,399.21,15.0,3.25,0.69,0.38
1021,49.98,0.0,100.0,0.0,0.0,100.0,0.0,0.0,56.56,12.57,5.18,0.48,0.4
1022,49.08,0.0,100.0,0.0,0.0,100.0,0.0,0.0,92.47,13.03,4.78,0.51,0.42
1023,32.58,0.0,100.0,0.0,0.0,100.0,0.0,0.0,328.12,4.0,9.56,0.68,0.38
1024,46.62,0.0,100.0,0.0,0.0,100.0,0.0,0.0,119.43,3.83,9.43,0.53,0.4
1025,50.51,0.0,100.0,0.0,0.0,100.0,0.0,0.0,148.22,12.51,4.59,0.49,0.77
1026,46.69,0.0,100.0,0.0,0.0,100.0,0.0,0.0,108.84,13.16,4.68,0.53,0.56
1027,31.25,0.0,100.0,0.0,0.0,100.0,0.0,0.0,275.36,15.0,3.31,0.69,0.36
1028,31.25,0.0,100.0,0.0,0.0,100.0,0.0,0.0,212.72,16.0,3.79,0.69,0.37
1029,39.49,0.04,96.0,4.0,0.0,96.0,0.0,0.0,77.53,3.29,10.87,0.55,0.4
1030,53.6,0.0,100.0,0.0,0.0,100.0,0.0,0.0,105.13,13.73,4.34,0.47,0.38
1031,32.17,0.0,100.0,0.0,0.0,100.0,0.0,0.0,390.88,7.43,6.88,0.68,0.37
1032,52.58,0.0,100.0,0.0,0.0,100.0,0.0,0.0,82.55,2.01,10.21,0.47,0.4
1033,47.02,0.0,100.0,0.0,0.0,100.0,0.0,0.0,62.81,11.81,5.64,0.52,0.37
1034,31.25,0.0,100.0,0.0,0.0,100.0,0.0,0.0,84.01,16.0,3.01,0.69,0.33
1035,33.38,0.0,100.0,0.0,0.0,100.0,0.0,0.0,90.67,14.26,5.6,0.67,0.34
1036,32.76,0.0,100.0,0.0,0.0,100.0,0.0,0.0,278.75,7.93,6.48,0.68,0.35
1037,49.14,0.0,100.0,0.0,0.0,100.0,0.0,0.0,113.26,1.92,10.4,0.49,0.38
1038,48.89,0.0,100.0,0.0,0.0,100.0,0.0,0.0,112.11,12.71,5.12,0.51,0.36
1039,50.05,0.0,100.0,0.0,0.0,100.0,0.0,0.0,86.17,12.58,5.23,0.49,0.35
1040,31.9,0.0,100.0,0.0,0.0,100.0,0.0,0.0,427.94,7.21,6.8,0.68,0.33
1041,32.14,0.0,100.0,0.0,0.0,100.0,0.0,0.0,246.21,14.22,5.14,0.69,0.34
1042,50.36,0.0,100.0,0.0,0.0,100.0,0.0,0.0,89.93,12.04,6.03,0.49,0.34
1043,75.13,0.0,100.0,0.0,0.0,100.0,0.0,0.0,80.22,2.43,9.97,0.26,0.37
1044,48.92,0.0,100.0,0.0,0.0,100.0,0.0,0.0,94.27,2.43,9.28,0.49,0.49
1045,31.95,0.0,100.0,0.0,0.0,100.0,0.0,0.0,292.11,14.16,5.2,0.68,0.65
1046,45.67,0.0,100.0,0.0,0.0,100.0,0.0,0.0,116.92,2.23,11.24,0.5,0.39
1047,42.34,0.0,100.0,0.0,0.0,100.0,0.0,0.0,103.24,13.65,4.23,0.56,0.35
1048,46.91,0.0,100.0,0.0,0.0,100.0,0.0,0.0,98.26,12.11,6.65,0.52,0.43
1049,33.8,0.09,91.0,9.0,0.0,91.0,0.0,0.0,146.58,11.98,5.78,0.52,0.4
1050,35.41,0.09,91.0,9.0,0.0,91.0,0.0,0.0,99.39,11.78,4.65,0.5,0.4
1051,50.06,0.0,100.0,0.0,0.0,100.0,0.0,0.0,110.83,6.95,6.48,0.49,0.44
1052,49.18,0.0,100.0,0.0,0.0,100.0,0.0,0.0,124.09,7.03,6.46,0.49,0.41
1053,46.31,0.0,100.0,0.0,0.0,100.0,0.0,0.0,117.01,6.22,6.55,0.53,0.44
1054,32.37,0.0,100.0,0.0,0.0,100.0,0.0,0.0,249.45,14.95,4.88,0.68,0.39
1055,47.8,0.0,100.0,0.0,0.0,100.0,0.0,0.0,83.18,12.21,5.64,0.52,0.41
1056,31.25,0.0,100.0,0.0,0.0,100.0,0.0,0.0,224.37,15.0,2.95,0.69,0.37
1057,44.29,0.0,100.0,0.0,0.0,100.0,0.0,0.0,105.57,14.44,4.27,0.54,0.38
1058,54.35,0.0,100.0,0.0,0.0,100.0,0.0,0.0,106.45,3.22,9.97,0.48,0.42
1059,31.32,0.0,100.0,0.0,0.0,100.0,0.0,0.0,204.56,14.93,3.87,0.68,0.38
1060,31.25,0.0,100.0,0.0,0.0,100.0,0.0,0.0,287.78,16.0,3.14,0.69,0.36
1061,32.0,0.06,94.0,6.0,0.0,94.0,0.0,0.0,206.28,2.14,10.54,0.59,0.38
1062,31.25,0.0,100.0,0.0,0.0,100.0,0.0,0.0,129.36,15.0,2.7,0.69,0.35
1063,48.05,0.0,100.0,0.0,0.0,100.0,0.0,0.0,113.75,12.87,5.66,0.5,0.41
1064,46.53,0.0,100.0,0.0,0.0,100.0,0.0,0.0,106.05,14.71,4.6,0.53,0.43
1065,32.47,0.0,100.0,0.0,0.0,100.0,0.0,0.0,278.82,7.2,7.65,0.68,0.38
1066,32.7,0.0,100.0,0.0,0.0,100.0,0.0,0.0,317.97,15.79,4.47,0.67,0.37
1067,32.24,0.0,100.0,0.0,0.0,100.0,0.0,0.0,256.87,14.91,3.22,0.68,0.36
1068,32.7,0.0,100.0,0.0,0.0,100.0,0.0,0.0,255.67,15.91,4.12,0.68,0.37
1069,32.04,0.0,100.0,0.0,0.0,100.0,0.0,0.0,203.52,16.0,2.32,0.68,0.37
1070,31.25,0.0,100.0,0.0,0.0,100.0,0.0,0.0,421.53,16.0,3.13,0.69,0.66
1071,48.38,0.0,100.0,0.0,0.0,100.0,0.0,0.0,129.26,6.54,7.24,0.51,0.45
1072,46.39,0.0,100.0,0.0,0.0,100.0,0.0,0.0,125.34,6.67,6.61,0.53,0.36
1073,49.63,0.0,100.0,0.0,0.0,100.0,0.0,0.0,101.21,14.62,4.11,0.5,0.37
1074,32.36,0.0,100.0,0.0,0.0,100.0,0.0,0.0,198.55,7.95,6.13,0.68,0.35
1075,32.48,0.0,100.0,0.0,0.0,100.0,0.0,0.0,113.45,14.84,4.09,0.68,0.39
1076,32.06,0.0,100.0,0.0,0.0,100.0,0.0,0.0,264.87,15.85,3.91,0.68,0.38
1077,50.39,0.0,100.0,0.0,0.0,100.0,0.0,0.0,87.61,6.5,8.38,0.47,0.37
1078,31.95,0.0,100.0,0.0,0.0,100.0,0.0,0.0,419.79,15.88,4.24,0.68,0.37
1079,44.78,0.0,100.0,0.0,0.0,100.0,0.0,0.0,125.08,12.06,6.96,0.52,0.37
1080,54.19,0.0,100.0,0.0,0.0,100.0,0.0,0.0,83.22,3.51,10.95,0.47,0.67
1081,46.55,0.0,100.0,0.0,0.0,100.0,0.0,0.0,135.31,6.66,6.92,0.54,0.43
1082,31.73,0.0,100.0,0.0,0.0,100.0,0.0,0.0,229.88,7.97,5.46,0.68,0.38
1083,47.39,0.0,100.0,0.0,0.0,100.0,0.0,0.0,115.73,12.01,4.72,0.5,0.41
1084,31.25,0.0,100.0,0.0,0.0,100.0,0.0,0.0,322.31,8.0,5.97,0.69,0.37
1085,29.98,0.07,93.0,7.0,0.0,93.0,0.0,0.0,187.95,2.07,11.37,0.59,0.36
1086,31.25,0.0,100.0,0.0,0.0,100.0,0.0,0.0,139.24,15.0,2.58,0.69,0.41
1087,43.98,0.0,100.0,0.0,0.0,100.0,0.0,0.0,88.26,13.23,5.65,0.53,0.4
1088,31.42,0.0,100.0,0.0,0.0,100.0,0.0,0.0,273.16,15.96,3.3,0.69,0.38
1089,47.59,0.0,100.0,0.0,0.0,100.0,0.0,0.0,97.25,14.56,4.22,0.49,0.42
1090,51.2,0.0,100.0,0.0,0.0,100.0,0.0,0.0,68.76,14.19,4.32,0.51,0.39
1091,57.37,0.0,100.0,0.0,0.0,100.0,0.0,0.0,88.4,12.56,4.57,0.5,0.45
1092,31.25,0.0,100.0,0.0,0.0,100.0,0.0,0.0,174.95,8.0,6.27,0.69,0.38
1093,51.64,0.0,100.0,0.0,0.0,100.0,0.0,0.0,64.16,14.62,4.01,0.53,0.41
1094,54.72,0.0,100.0,0.0,0.0,100.0,0.0,0.0,127.53,7.12,6.43,0.47,0.41
1095,32.96,0.0,100.0,0.0,0.0,100.0,0.0,0.0,225.35,15.88,4.63,0.68,0.37
1096,46.08,0.0,100.0,0.0,0.0,100.0,0.0,0.0,147.08,6.04,7.11,0.51,0.76
1097,48.66,0.0,100.0,0.0,0.0,100.0,0.0,0.0,71.19,6.67,7.17,0.55,0.52
1098,51.97,0.0,100.0,0.0,0.0,100.0,0.0,0.0,108.2,1.86,8.61,0.5,0.41
1099,32.45,0.0,100.0,0.0,0.0,100.0,0.0,0.0,169.77,15.82,3.69,0.67,0.39
1100,33.82,0.0,100.0,0.0,0.0,100.0,0.0,0.0,215.91,14.7,4.72,0.67,0.37
1101,31.39,0.0,100.0,0.0,0.0,100.0,0.0,0.0,274.43,15.98,2.9,0.69,0.36
1102,32.21,0.0,100.0,0.0,0.0,100.0,0.0,0.0,394.6,16.0,3.16,0.68,0.36
1103,33.43,0.0,100.0,0.0,0.0,100.0,0.0,0.0,167.73,15.74,4.61,0.67,0.32
1104,32.07,0.0,100.0,0.0,0.0,100.0,0.0,0.0,226.86,14.34,4.96,0.68,0.34
1105,46.65,0.0,100.0,0.0,0.0,100.0,0.0,0.0,104.15,3.64,9.97,0.53,0.35
1106,32.41,0.0,100.0,0.0,0.0,100.0,0.0,0.0,364.76,14.91,3.42,0.68,0.32
1107,31.25,0.0,100.0,0.0,0.0,100.0,0.0,0.0,304.23,16.0,3.15,0.69,0.32
1108,47.16,0.0,100.0,0.0,0.0,100.0,0.0,0.0,162.23,14.25,4.57,0.48,0.63
1109,46.73,0.0,100.0,0.0,0.0,100.0,0.0,0.0,85.82,11.83,5.31,0.5,0.5
1110,31.9,0.0,100.0,0.0,0.0,100.0,0.0,0.0,336.04,7.2,5.64,0.68,0.37
1111,32.25,0.0,100.0,0.0,0.0,100.0,0.0,0.0,375.42,7.22,5.62,0.68,0.33
1112,51.27,0.0,100.0,0.0,0.0,100.0,0.0,0.0,66.53,11.88,5.96,0.51,0.34
1113,49.67,0.0,100.0,0.0,0.0,100.0,0.0,0.0,84.05,12.93,5.38,0.5,0.37
1114,45.75,0.0,100.0,0.0,0.0,100.0,0.0,0.0,86.16,14.31,4.45,0.52,0.36
1115,47.62,0.0,100.0,0.0,0.0,100.0,0.0,0.0,115.86,13.84,4.31,0.5,0.38
1116,50.76,0.0,100.0,0.0,0.0,100.0,0.0,0.0,61.13,3.29,10.79,0.46,0.36
1117,32.41,0.0,100.0,0.0,0.0,100.0,0.0,0.0,403.22,15.84,2.76,0.68,0.33
1118,51.44,0.0,100.0,0.0,0.0,100.0,0.0,0.0,97.43,13.66,5.57,0.48,0.4
1119,32.57,0.0,100.0,0.0,0.0,100.0,0.0,0.0,225.27,14.11,4.61,0.68,0.38
1120,47.9,0.0,100.0,0.0,0.0,100.0,0.0,0.0,82.23,6.29,5.84,0.52,0.44
1121,32.43,0.0,100.0,0.0,0.0,100.0,0.0,0.0,201.01,14.31,5.75,0.67,0.55
1122,31.87,0.0,100.0,0.0,0.0,100.0,0.0,0.0,148.39,15.81,3.46,0.67,0.58
1123,31.59,0.0,100.0,0.0,0.0,100.0,0.0,0.0,217.19,14.95,3.85,0.68,0.39
1124,31.65,0.0,100.0,0.0,0.0,100.0,0.0,0.0,175.81,14.43,4.85,0.68,0.37
1125,31.25,0.0,100.0,0.0,0.0,100.0,0.0,0.0,246.11,8.0,5.05,0.69,0.36
1126,58.06,0.0,100.0,0.0,0.0,100.0,0.0,0.0,97.29,11.18,6.43,0.44,0.37
1127,32.22,0.0,100.0,0.0,0.0,100.0,0.0,0.0,144.53,14.93,3.78,0.68,0.35
1128,49.18,0.0,100.0,0.0,0.0,100.0,0.0,0.0,76.58,14.37,4.94,0.53,0.36
1129,46.16,0.0,100.0,0.0,0.0,100.0,0.0,0.0,138.39,6.54,5.75,0.54,0.36
1130,33.1,0.0,100.0,0.0,0.0,100.0,0.0,0.0,102.12,14.84,3.33,0.67,0.33
1131,52.19,0.0,100.0,0.0,0.0,100.0,0.0,0.0,142.07,11.71,6.96,0.48,0.4
1132,52.55,0.0,100.0,0.0,0.0,100.0,0.0,0.0,98.13,12.47,4.82,0.48,0.37
1133,31.98,0.0,100.0,0.0,0.0,100.0,0.0,0.0,257.07,7.96,4.51,0.68,0.34
1134,47.18,0.0,100.0,0.0,0.0,100.0,0.0,0.0,158.06,6.08,7.72,0.52,0.38
1135,32.19,0.0,100.0,0.0,0.0,100.0,0.0,0.0,397.61,7.47,5.05,0.68,0.33
1136,32.38,0.0,100.0,0.0,0.0,100.0,0.0,0.0,236.86,7.2,6.2,0.67,0.37
1137,31.25,0.0,100.0,0.0,0.0,100.0,0.0,0.0,271.43,15.0,3.34,0.69,0.33
1138,45.59,0.0,100.0,0.0,0.0,100.0,0.0,0.0,84.25,13.12,5.55,0.54,0.36
1139,31.25,0.0,100.0,0.0,0.0,100.0,0.0,0.0,171.04,15.0,3.72,0.69,0.33
1140,32.94,0.0,100.0,0.0,0.0,100.0,0.0,0.0,160.55,14.84,3.79,0.68,0.35
1141,32.09,0.0,100.0,0.0,0.0,100.0,0.0,0.0,223.96,14.93,4.13,0.68,0.36
1142,49.02,0.0,100.0,0.0,0.0,100.0,0.0,0.0,113.76,12.03,5.69,0.51,0.49
1143,31.87,0.0,100.0,0.0,0.0,100.0,0.0,0.0,265.3,14.45,5.19,0.68,0.35
1144,31.78,0.0,100.0,0.0,0.0,100.0,0.0,0.0,365.42,7.99,5.28,0.68,0.35
1145,48.6,0.0,100.0,0.0,0.0,100.0,0.0,0.0,90.42,11.22,6.48,0.48,0.37
1146,43.92,0.0,100.0,0.0,0.0,100.0,0.0,0.0,70.23,14.62,3.48,0.54,0.35
1147,33.35,0.0,100.0,0.0,0.0,100.0,0.0,0.0,200.69,7.42,7.57,0.68,0.34
1148,31.94,0.0,100.0,0.0,0.0,100.0,0.0,0.0,261.42,14.92,3.56,0.68,0.39
1149,32.36,0.0,100.0,0.0,0.0,100.0,0.0,0.0,326.18,14.12,4.26,0.68,0.35
1150,47.39,0.0,100.0,0.0,0.0,100.0,0.0,0.0,96.31,12.17,5.66,0.54,0.36
1151,33.56,0.0,100.0,0.0,0.0,100.0,0.0,0.0,224.36,7.87,5.91,0.67,0.34
1152,31.87,0.0,100.0,0.0,0.0,100.0,0.0,0.0,265.67,14.91,4.13,0.68,0.33
1153,52.38,0.0,100.0,0.0,0.0,100.0,0.0,0.0,100.04,6.54,7.32,0.52,0.38
1154,51.15,0.0,100.0,0.0,0.0,100.0,0.0,0.0,70.96,12.13,5.74,0.51,0.39
1155,49.53,0.0,100.0,0.0,0.0,100.0,0.0,0.0,96.29,14.48,4.95,0.53,0.36
1156,72.52,0.0,100.0,0.0,0.0,100.0,0.0,0.0,63.34,1.96,10.29,0.28,0.39
1157,32.23,0.0,100.0,0.0,0.0,100.0,0.0,0.0,279.44,8.0,5.82,0.68,0.33
1158,50.71,0.0,100.0,0.0,0.0,100.0,0.0,0.0,76.73,6.04,6.64,0.48,0.38
1159,33.25,0.0,100.0,0.0,0.0,100.0,0.0,0.0,234.61,7.38,6.02,0.67,0.32
1160,49.22,0.0,100.0,0.0,0.0,100.0,0.0,0.0,105.47,2.15,11.53,0.52,0.38
1161,33.16,0.0,100.0,0.0,0.0,100.0,0.0,0.0,270.31,7.2,6.76,0.67,0.34
1162,47.51,0.0,100.0,0.0,0.0,100.0,0.0,0.0,87.5,12.56,5.67,0.54,0.35
1163,41.58,0.0,100.0,0.0,0.0,100.0,0.0,0.0,82.75,13.75,4.64,0.58,0.36
1164,49.46,0.0,100.0,0.0,0.0,100.0,0.0,0.0,75.65,1.99,10.85,0.5,0.36
1165,52.32,0.0,100.0,0.0,0.0,100.0,0.0,0.0,102.76,6.23,6.95,0.5,0.45
1166,31.76,0.0,100.0,0.0,0.0,100.0,0.0,0.0,205.87,8.0,5.3,0.68,0.34
1167,45.26,0.0,100.0,0.0,0.0,100.0,0.0,0.0,98.08,6.27,7.82,0.53,0.37
1168,45.27,0.0,100.0,0.0,0.0,100.0,0.0,0.0,118.66,6.41,6.37,0.55,0.35
1169,31.77,0.0,100.0,0.0,0.0,100.0,0.0,0.0,333.65,7.21,7.3,0.68,0.34
1170,31.63,0.0,100.0,0.0,0.0,100.0,0.0,0.0,138.13,14.96,3.52,0.68,0.34
1171,50.52,0.0,100.0,0.0,0.0,100.0,0.0,0.0,79.79,7.17,6.98,0.49,0.37
1172,49.83,0.0,100.0,0.0,0.0,100.0,0.0,0.0,89.11,11.56,6.49,0.49,0.38
1173,32.99,0.0,100.0,0.0,0.0,100.0,0.0,0.0,296.81,7.16,5.97,0.67,0.33
1174,46.56,0.0,100.0,0.0,0.0,100.0,0.0,0.0,65.06,12.92,4.33,0.52,0.36
1175,31.25,0.0,100.0,0.0,0.0,100.0,0.0,0.0,261.38,16.0,3.24,0.69,0.32
1176,32.76,0.0,100.0,0.0,0.0,100.0,0.0,0.0,348.15,14.85,4.59,0.68,0.32
1177,50.68,0.0,100.0,0.0,0.0,100.0,0.0,0.0,36.04,3.59,9.79,0.47,0.33
1178,33.47,0.0,100.0,0.0,0.0,100.0,0.0,0.0,266.0,14.24,4.83,0.67,0.32
1179,32.24,0.08,92.0,8.0,0.0,92.0,0.0,0.0,141.32,1.88,10.28,0.56,0.3
1180,31.9,0.0,100.0,0.0,0.0,100.0,0.0,0.0,298.23,7.99,6.13,0.68,0.29
1181,55.1,0.0,100.0,0.0,0.0,100.0,0.0,0.0,91.49,11.29,5.74,0.47,0.33
1182,51.92,0.0,100.0,0.0,0.0,100.0,0.0,0.0,95.14,11.9,6.48,0.48,0.32
1183,31.78,0.0,100.0,0.0,0.0,100.0,0.0,0.0,236.09,7.98,6.77,0.68,0.3
1184,45.58,0.0,100.0,0.0,0.0,100.0,0.0,0.0,154.81,12.9,4.92,0.52,0.35
1185,32.03,0.0,100.0,0.0,0.0,100.0,0.0,0.0,187.41,7.23,6.91,0.68,0.29
1186,52.79,0.0,100.0,0.0,0.0,100.0,0.0,0.0,89.85,13.71,4.56,0.49,0.32
1187,47.29,0.0,100.0,0.0,0.0,100.0,0.0,0.0,168.12,12.8,3.7,0.52,0.32
1188,45.91,0.0,100.0,0.0,0.0,100.0,0.0,0.0,44.94,6.75,7.17,0.56,0.32
1189,31.96,0.0,100.0,0.0,0.0,100.0,0.0,0.0,236.17,15.92,2.85,0.68,0.29
1190,32.04,0.0,100.0,0.0,0.0,100.0,0.0,0.0,146.79,15.82,3.52,0.68,0.29
1191,48.16,0.0,100.0,0.0,0.0,100.0,0.0,0.0,61.14,12.89,4.2,0.48,0.39
1192,31.85,0.0,100.0,0.0,0.0,100.0,0.0,0.0,310.23,7.47,6.31,0.68,0.34
1193,32.38,0.0,100.0,0.0,0.0,100.0,0.0,0.0,99.57,14.04,5.32,0.67,0.3
1194,45.81,0.0,100.0,0.0,0.0,100.0,0.0,0.0,30.34,3.57,11.09,0.55,0.31
1195,51.3,0.0,100.0,0.0,0.0,100.0,0.0,0.0,51.78,6.68,8.96,0.51,0.32
1196,45.99,0.0,100.0,0.0,0.0,100.0,0.0,0.0,83.8,13.52,5.3,0.55,0.34
1197,52.13,0.0,100.0,0.0,0.0,100.0,0.0,0.0,111.3,6.33,7.72,0.54,0.58
1198,43.42,0.0,100.0,0.0,0.0,100.0,0.0,0.0,175.08,3.33,10.56,0.51,0.55
1199,46.25,0.0,100.0,0.0,0.0,100.0,0.0,0.0,79.73,1.91,9.33,0.56,0.71
1200,32.29,0.0,100.0,0.0,0.0,100.0,0.0,0.0,255.43,15.89,3.47,0.68,0.39
1201,43.57,0.0,100.0,0.0,0.0,100.0,0.0,0.0,123.5,1.86,9.63,0.53,0.44
1202,48.7,0.0,100.0,0.0,0.0,100.0,0.0,0.0,95.8,13.76,4.41,0.5,0.4
1203,43.27,0.0,100.0,0.0,0.0,100.0,0.0,0.0,126.44,6.59,8.84,0.54,0.41
1204,49.08,0.0,100.0,0.0,0.0,100.0,0.0,0.0,65.15,12.2,6.58,0.54,0.41
1205,31.25,0.0,100.0,0.0,0.0,100.0,0.0,0.0,238.78,16.0,3.26,0.69,0.37
1206,70.02,0.0,100.0,0.0,0.0,100.0,0.0,0.0,50.84,2.38,9.92,0.33,0.44
1207,48.39,0.01,99.0,1.0,0.0,99.0,0.0,0.0,128.81,12.0,5.8,0.53,0.39
1208,32.54,0.0,100.0,0.0,0.0,100.0,0.0,0.0,281.77,14.86,4.11,0.68,0.37
1209,33.1,0.0,100.0,0.0,0.0,100.0,0.0,0.0,318.05,15.77,3.25,0.67,0.38
1210,53.66,0.14,86.0,14.0,0.0,86.0,0.0,0.0,68.26,1.63,12.14,0.22,0.64
1211,31.25,0.0,100.0,0.0,0.0,100.0,0.0,0.0,291.65,8.0,5.54,0.69,0.42
1212,44.95,0.0,100.0,0.0,0.0,100.0,0.0,0.0,69.71,12.34,5.99,0.54,0.38
1213,49.97,0.0,100.0,0.0,0.0,100.0,0.0,0.0,70.61,13.69,4.32,0.49,0.35
1214,31.62,0.0,100.0,0.0,0.0,100.0,0.0,0.0,318.69,15.91,3.74,0.68,0.34
1215,31.38,0.0,100.0,0.0,0.0,100.0,0.0,0.0,203.62,14.93,4.53,0.68,0.32
1216,51.24,0.0,100.0,0.0,0.0,100.0,0.0,0.0,114.98,2.23,11.46,0.5,0.39
1217,31.25,0.0,100.0,0.0,0.0,100.0,0.0,0.0,157.45,15.0,3.69,0.69,0.5
1218,32.66,0.0,100.0,0.0,0.0,100.0,0.0,0.0,267.92,14.84,3.64,0.68,0.7
1219,52.73,0.0,100.0,0.0,0.0,100.0,0.0,0.0,87.12,11.59,6.1,0.47,0.46
1220,46.34,0.0,100.0,0.0,0.0,100.0,0.0,0.0,127.96,13.36,4.92,0.55,0.44
1221,48.3,0.0,100.0,0.0,0.0,100.0,0.0,0.0,95.6,14.0,4.77,0.5,0.41
1222,31.25,0.0,100.0,0.0,0.0,100.0,0.0,0.0,427.81,14.5,4.61,0.69,0.37
1223,53.94,0.0,100.0,0.0,0.0,100.0,0.0,0.0,90.75,11.71,7.15,0.47,0.42
1224,50.15,0.0,100.0,0.0,0.0,100.0,0.0,0.0,131.73,12.24,5.62,0.52,0.41
1225,32.15,0.0,100.0,0.0,0.0,100.0,0.0,0.0,261.94,14.89,5.27,0.68,0.37
1226,48.64,0.0,100.0,0.0,0.0,100.0,0.0,0.0,69.74,6.08,7.23,0.49,0.41
1227,31.25,0.0,100.0,0.0,0.0,100.0,0.0,0.0,417.09,14.5,4.84,0.69,0.38
1228,32.19,0.0,100.0,0.0,0.0,100.0,0.0,0.0,411.98,14.89,4.81,0.68,0.41
1229,31.25,0.0,100.0,0.0,0.0,100.0,0.0,0.0,292.16,16.0,2.67,0.69,0.57
1230,31.25,0.0,100.0,0.0,0.0,100.0,0.0,0.0,318.37,16.0,3.46,0.69,0.64
1231,78.65,0.04,96.0,4.0,0.0,96.0,0.0,0.0,58.78,1.0,9.66,0.29,0.45
1232,48.03,0.0,100.0,0.0,0.0,100.0,0.0,0.0,92.61,13.26,5.54,0.54,0.46
1233,33.13,0.0,100.0,0.0,0.0,100.0,0.0,0.0,354.09,14.77,3.58,0.67,0.42
1234,43.95,0.0,100.0,0.0,0.0,100.0,0.0,0.0,94.31,15.19,3.38,0.54,0.47
1235,48.62,0.0,100.0,0.0,0.0,100.0,0.0,0.0,71.74,13.33,5.1,0.55,0.47
1236,31.25,0.0,100.0,0.0,0.0,100.0,0.0,0.0,360.82,16.0,2.56,0.69,0.74
1237,48.31,0.0,100.0,0.0,0.0,100.0,0.0,0.0,89.28,12.98,5.4,0.52,0.52
1238,52.94,0.0,100.0,0.0,0.0,100.0,0.0,0.0,98.38,6.07,7.37,0.48,0.43
1239,54.15,0.0,100.0,0.0,0.0,100.0,0.0,0.0,87.76,6.09,6.56,0.48,0.4
1240,50.38,0.0,100.0,0.0,0.0,100.0,0.0,0.0,59.07,7.38,6.2,0.51,0.41
1241,47.46,0.0,100.0,0.0,0.0,100.0,0.0,0.0,117.83,13.05,6.18,0.53,0.4
1242,55.33,0.0,100.0,0.0,0.0,100.0,0.0,0.0,44.75,12.18,4.66,0.46,0.43
1243,51.81,0.0,100.0,0.0,0.0,100.0,0.0,0.0,74.26,6.03,7.06,0.5,0.46
1244,31.25,0.0,100.0,0.0,0.0,100.0,0.0,0.0,365.4,8.0,5.69,0.69,0.4
1245,46.76,0.0,100.0,0.0,0.0,100.0,0.0,0.0,108.37,12.52,5.32,0.54,0.45
1246,31.25,0.0,100.0,0.0,0.0,100.0,0.0,0.0,389.03,15.0,4.83,0.69,0.74
1247,53.53,0.0,100.0,0.0,0.0,100.0,0.0,0.0,104.55,11.5,5.64,0.46,0.41
1248,50.1,0.0,100.0,0.0,0.0,100.0,0.0,0.0,143.78,6.08,8.69,0.49,0.36
1249,51.95,0.08,92.0,8.0,0.0,92.0,0.0,0.0,73.06,1.3,9.54,0.31,0.35
1250,45.99,0.0,100.0,0.0,0.0,100.0,0.0,0.0,111.65,13.49,5.22,0.56,0.35
1251,51.41,0.0,100.0,0.0,0.0,100.0,0.0,0.0,113.21,11.97,5.68,0.49,0.37
1252,32.93,0.0,100.0,0.0,0.0,100.0,0.0,0.0,350.41,15.7,4.17,0.67,0.33
1253,48.44,0.0,100.0,0.0,0.0,100.0,0.0,0.0,110.67,6.38,6.45,0.5,0.38
1254,31.89,0.0,100.0,0.0,0.0,100.0,0.0,0.0,232.23,7.21,7.16,0.68,0.33
1255,53.05,0.0,100.0,0.0,0.0,100.0,0.0,0.0,117.66,11.6,6.3,0.46,0.35
1256,32.07,0.0,100.0,0.0,0.0,100.0,0.0,0.0,261.56,7.2,6.5,0.68,0.34
1257,31.25,0.0,100.0,0.0,0.0,100.0,0.0,0.0,169.63,7.5,6.63,0.69,0.35
1258,31.25,0.0,100.0,0.0,0.0,100.0,0.0,0.0,349.32,14.5,5.27,0.69,0.34
1259,46.88,0.0,100.0,0.0,0.0,100.0,0.0,0.0,55.36,14.62,3.77,0.52,0.37
1260,47.15,0.0,100.0,0.0,0.0,100.0,0.0,0.0,83.43,14.76,4.03,0.54,0.35
1261,67.45,0.0,100.0,0.0,0.0,100.0,0.0,0.0,38.47,2.34,10.52,0.28,0.36
1262,52.88,0.0,100.0,0.0,0.0,100.0,0.0,0.0,101.07,13.75,4.51,0.46,0.4
1263,48.08,0.0,100.0,0.0,0.0,100.0,0.0,0.0,64.94,12.41,5.9,0.54,0.41
1264,48.67,0.0,100.0,0.0,0.0,100.0,0.0,0.0,148.31,7.07,6.38,0.52,0.43
1265,52.6,0.0,100.0,0.0,0.0,100.0,0.0,0.0,62.47,14.25,4.85,0.5,0.41
1266,45.51,0.03,97.0,3.0,0.0,97.0,0.0,0.0,126.94,11.96,5.28,0.49,0.4
1267,55.42,0.0,100.0,0.0,0.0,100.0,0.0,0.0,50.12,11.65,5.6,0.48,0.48
1268,32.27,0.0,100.0,0.0,0.0,100.0,0.0,0.0,352.44,7.2,6.44,0.68,0.45
1269,47.39,0.0,100.0,0.0,0.0,100.0,0.0,0.0,46.6,11.96,6.64,0.52,0.43
1270,31.25,0.0,100.0,0.0,0.0,100.0,0.0,0.0,428.84,15.0,3.63,0.69,0.42
1271,52.48,0.0,100.0,0.0,0.0,100.0,0.0,0.0,119.73,6.18,9.05,0.47,0.86
1272,47.86,0.0,100.0,0.0,0.0,100.0,0.0,0.0,118.05,12.74,5.25,0.5,0.58
1273,32.14,0.0,100.0,0.0,0.0,100.0,0.0,0.0,338.71,14.89,3.77,0.68,0.42
1274,31.76,0.0,100.0,0.0,0.0,100.0,0.0,0.0,218.08,8.0,4.81,0.68,0.4
1275,49.73,0.0,100.0,0.0,0.0,100.0,0.0,0.0,137.7,11.8,6.75,0.49,0.41
1276,31.47,0.0,100.0,0.0,0.0,100.0,0.0,0.0,106.35,15.94,3.27,0.68,0.43
1277,32.27,0.0,100.0,0.0,0.0,100.0,0.0,0.0,317.76,15.86,3.73,0.68,0.4
1278,32.55,0.0,100.0,0.0,0.0,100.0,0.0,0.0,320.95,14.32,5.48,0.68,0.41
1279,31.25,0.0,100.0,0.0,0.0,100.0,0.0,0.0,299.85,15.0,3.42,0.69,0.38
1280,43.08,0.0,100.0,0.0,0.0,100.0,0.0,0.0,140.32,13.61,4.32,0.56,0.42
1281,33.49,0.0,100.0,0.0,0.0,100.0,0.0,0.0,172.02,14.74,4.89,0.67,0.39
1282,48.71,0.0,100.0,0.0,0.0,100.0,0.0,0.0,150.79,12.1,4.71,0.53,0.38
1283,53.59,0.0,100.0,0.0,0.0,100.0,0.0,0.0,139.0,6.12,6.8,0.48,0.41
1284,32.36,0.0,100.0,0.0,0.0,100.0,0.0,0.0,367.91,14.31,4.68,0.67,0.38
1285,32.9,0.0,100.0,0.0,0.0,100.0,0.0,0.0,201.66,14.9,3.95,0.68,0.71
1286,49.36,0.0,100.0,0.0,0.0,100.0,0.0,0.0,69.65,3.11,10.98,0.5,0.43
1287,31.25,0.0,100.0,0.0,0.0,100.0,0.0,0.0,421.51,16.0,2.99,0.69,0.33
1288,48.59,0.04,96.0,4.0,0.0,96.0,0.0,0.0,92.45,11.43,5.27,0.45,0.4
1289,40.99,0.05,95.0,5.0,0.0,95.0,0.0,0.0,116.7,11.93,5.14,0.52,0.35
1290,55.01,0.0,100.0,0.0,0.0,100.0,0.0,0.0,89.62,6.19,7.19,0.45,0.36
1291,72.07,0.02,98.0,2.0,0.0,98.0,0.0,0.0,99.34,1.3,11.57,0.28,0.37
1292,49.66,0.0,100.0,0.0,0.0,100.0,0.0,0.0,58.04,6.35,7.72,0.49,0.36
1293,50.95,0.0,100.0,0.0,0.0,100.0,0.0,0.0,82.09,12.13,5.4,0.5,0.37
1294,58.21,0.0,100.0,0.0,0.0,100.0,0.0,0.0,85.12,12.15,5.61,0.45,0.4
1295,47.19,0.0,100.0,0.0,0.0,100.0,0.0,0.0,117.8,15.19,2.99,0.5,0.37
1296,49.61,0.0,100.0,0.0,0.0,100.0,0.0,0.0,95.57,12.88,5.38,0.5,0.37
1297,42.64,0.0,100.0,0.0,0.0,100.0,0.0,0.0,79.26,13.51,3.36,0.55,0.36
1298,31.25,0.0,100.0,0.0,0.0,100.0,0.0,0.0,277.82,15.0,3.67,0.69,0.34
1299,32.25,0.0,100.0,0.0,0.0,100.0,0.0,0.0,220.34,14.88,4.25,0.68,0.33
1300,51.14,0.0,100.0,0.0,0.0,100.0,0.0,0.0,80.69,14.19,4.46,0.5,0.4
1301,57.24,0.0,100.0,0.0,0.0,100.0,0.0,0.0,57.63,3.36,11.8,0.44,0.36
1302,47.17,0.0,100.0,0.0,0.0,100.0,0.0,0.0,77.2,11.62,7.02,0.51,0.37
1303,41.58,0.17,83.0,17.0,0.0,83.0,0.0,0.0,69.81,2.1,12.14,0.27,0.36
1304,59.11,0.12,88.0,12.0,0.0,88.0,0.0,0.0,46.45,1.91,12.43,0.24,0.36
1305,31.66,0.0,100.0,0.0,0.0,100.0,0.0,0.0,274.51,14.45,4.6,0.68,0.35
1306,48.21,0.0,100.0,0.0,0.0,100.0,0.0,0.0,115.31,3.44,10.95,0.51,0.53
1307,50.56,0.0,100.0,0.0,0.0,100.0,0.0,0.0,105.56,12.41,6.77,0.51,0.37
1308,31.5,0.0,100.0,0.0,0.0,100.0,0.0,0.0,370.84,14.97,3.69,0.68,0.41
1309,47.15,0.0,100.0,0.0,0.0,100.0,0.0,0.0,119.74,6.32,7.6,0.52,0.35
1310,52.83,0.0,100.0,0.0,0.0,100.0,0.0,0.0,91.45,7.19,7.04,0.48,0.36
1311,32.04,0.0,100.0,0.0,0.0,100.0,0.0,0.0,184.99,14.14,5.59,0.68,0.36
1312,31.86,0.0,100.0,0.0,0.0,100.0,0.0,0.0,168.11,14.94,3.43,0.68,0.34
1313,49.31,0.0,100.0,0.0,0.0,100.0,0.0,0.0,89.88,11.44,6.1,0.5,0.37
1314,45.87,0.0,100.0,0.0,0.0,100.0,0.0,0.0,72.78,14.73,3.39,0.54,0.34
1315,47.33,0.0,100.0,0.0,0.0,100.0,0.0,0.0,108.01,13.13,4.91,0.54,0.36
1316,47.85,0.0,100.0,0.0,0.0,100.0,0.0,0.0,59.62,2.44,11.05,0.52,0.32
1317,53.78,0.0,100.0,0.0,0.0,100.0,0.0,0.0,103.31,13.66,4.24,0.48,0.34
1318,46.25,0.0,100.0,0.0,0.0,100.0,0.0,0.0,147.81,6.24,7.67,0.5,0.31
1319,49.75,0.0,100.0,0.0,0.0,100.0,0.0,0.0,72.77,6.34,8.3,0.46,0.34
1320,44.47,0.0,100.0,0.0,0.0,100.0,0.0,0.0,67.14,13.18,5.99,0.54,0.33
1321,45.9,0.0,100.0,0.0,0.0,100.0,0.0,0.0,52.27,13.35,4.83,0.53,0.3
1322,31.25,0.0,100.0,0.0,0.0,100.0,0.0,0.0,390.45,15.0,4.02,0.69,0.31
1323,47.86,0.0,100.0,0.0,0.0,100.0,0.0,0.0,60.45,2.06,10.51,0.54,0.34
1324,51.43,0.0,100.0,0.0,0.0,100.0,0.0,0.0,70.98,6.31,6.75,0.49,0.32
1325,42.46,0.0,100.0,0.0,0.0,100.0,0.0,0.0,115.72,13.01,5.31,0.57,0.31
1326,31.25,0.0,100.0,0.0,0.0,100.0,0.0,0.0,449.61,16.0,2.53,0.69,0.29
1327,46.56,0.0,100.0,0.0,0.0,100.0,0.0,0.0,80.91,12.62,6.35,0.55,0.31
1328,32.64,0.0,100.0,0.0,0.0,100.0,0.0,0.0,359.87,7.96,5.72,0.68,0.29
1329,31.74,0.0,100.0,0.0,0.0,100.0,0.0,0.0,105.02,7.96,4.96,0.68,0.29
1330,44.55,0.0,100.0,0.0,0.0,100.0,0.0,0.0,127.94,7.35,6.6,0.53,0.34
1331,51.22,0.0,100.0,0.0,0.0,100.0,0.0,0.0,138.31,3.83,10.33,0.49,0.32
1332,71.25,0.0,100.0,0.0,0.0,100.0,0.0,0.0,92.0,2.11,10.36,0.27,0.32
1333,43.01,0.0,100.0,0.0,0.0,100.0,0.0,0.0,177.13,6.82,7.49,0.56,0.32
1334,54.3,0.0,100.0,0.0,0.0,100.0,0.0,0.0,131.09,12.45,5.7,0.46,0.32
1335,46.75,0.0,100.0,0.0,0.0,100.0,0.0,0.0,100.24,13.16,5.12,0.54,0.34
1336,49.64,0.0,100.0,0.0,0.0,100.0,0.0,0.0,103.37,7.11,6.37,0.51,0.36
1337,53.79,0.0,100.0,0.0,0.0,100.0,0.0,0.0,143.36,3.28,9.91,0.49,0.38
1338,43.77,0.0,100.0,0.0,0.0,100.0,0.0,0.0,136.42,2.18,11.24,0.56,0.35
1339,33.13,0.07,93.0,7.0,0.0,93.0,0.0,0.0,148.51,6.31,7.13,0.53,0.37
1340,31.71,0.0,100.0,0.0,0.0,100.0,0.0,0.0,313.53,15.95,2.58,0.68,0.34
1341,47.46,0.0,100.0,0.0,0.0,100.0,0.0,0.0,113.12,6.39,7.15,0.54,0.36
1342,48.45,0.0,100.0,0.0,0.0,100.0,0.0,0.0,86.72,11.42,5.07,0.49,0.4
1343,32.15,0.0,100.0,0.0,0.0,100.0,0.0,0.0,352.23,7.21,5.88,0.68,0.35
1344,32.35,0.0,100.0,0.0,0.0,100.0,0.0,0.0,188.53,14.88,4.79,0.68,0.33
1345,44.01,0.0,100.0,0.0,0.0,100.0,0.0,0.0,126.3,7.3,6.56,0.54,0.35
1346,32.26,0.0,100.0,0.0,0.0,100.0,0.0,0.0,279.59,14.89,4.17,0.68,0.35
1347,31.98,0.0,100.0,0.0,0.0,100.0,0.0,0.0,148.36,14.07,5.01,0.67,0.32
1348,31.84,0.0,100.0,0.0,0.0,100.0,0.0,0.0,146.57,15.95,2.97,0.68,0.36
1349,43.97,0.0,100.0,0.0,0.0,100.0,0.0,0.0,91.29,7.37,5.98,0.56,0.36
1350,45.82,0.0,100.0,0.0,0.0,100.0,0.0,0.0,102.13,3.39,10.63,0.52,0.38
1351,31.25,0.0,100.0,0.0,0.0,100.0,0.0,0.0,222.62,15.0,3.42,0.69,0.33
1352,48.1,0.0,100.0,0.0,0.0,100.0,0.0,0.0,112.72,6.46,7.17,0.54,0.36
1353,31.25,0.0,100.0,0.0,0.0,100.0,0.0,0.0,288.03,16.0,3.05,0.69,0.34
1354,51.59,0.0,100.0,0.0,0.0,100.0,0.0,0.0,75.46,7.1,7.11,0.49,0.37
1355,46.61,0.0,100.0,0.0,0.0,100.0,0.0,0.0,79.3,6.74,6.88,0.53,0.37
1356,52.31,0.0,100.0,0.0,0.0,100.0,0.0,0.0,94.57,11.37,6.2,0.49,0.35
1357,32.35,0.0,100.0,0.0,0.0,100.0,0.0,0.0,317.88,14.94,3.17,0.68,0.35
1358,31.25,0.0,100.0,0.0,0.0,100.0,0.0,0.0,424.19,8.0,6.05,0.69,0.34
1359,32.7,0.0,100.0,0.0,0.0,100.0,0.0,0.0,140.81,14.89,2.81,0.68,0.36
1360,45.57,0.0,100.0,0.0,0.0,100.0,0.0,0.0,72.57,13.37,6.2,0.55,0.39
1361,32.1,0.0,100.0,0.0,0.0,100.0,0.0,0.0,232.14,7.22,5.75,0.68,0.34
1362,31.76,0.0,100.0,0.0,0.0,100.0,0.0,0.0,182.25,14.93,3.79,0.68,0.36
1363,31.25,0.0,100.0,0.0,0.0,100.0,0.0,0.0,160.15,16.0,2.61,0.69,0.34
1364,31.25,0.0,100.0,0.0,0.0,100.0,0.0,0.0,371.02,16.0,3.39,0.69,0.34
1365,31.54,0.0,100.0,0.0,0.0,100.0,0.0,0.0,118.63,7.48,7.23,0.68,0.33
1366,31.89,0.0,100.0,0.0,0.0,100.0,0.0,0.0,213.05,14.88,5.13,0.68,0.39
1367,33.17,0.0,100.0,0.0,0.0,100.0,0.0,0.0,164.56,14.81,4.4,0.67,0.34
1368,31.25,0.0,100.0,0.0,0.0,100.0,0.0,0.0,175.59,16.0,2.57,0.69,0.33
1369,49.39,0.0,100.0,0.0,0.0,100.0,0.0,0.0,90.93,3.74,10.19,0.52,0.38
1370,47.72,0.0,100.0,0.0,0.0,100.0,0.0,0.0,80.08,14.68,4.15,0.54,0.35
1371,31.76,0.0,100.0,0.0,0.0,100.0,0.0,0.0,328.64,16.0,3.01,0.68,0.34
1372,50.99,0.0,100.0,0.0,0.0,100.0,0.0,0.0,75.62,12.49,4.76,0.48,0.39
1373,69.31,0.04,96.0,4.0,0.0,96.0,0.0,0.0,88.7,1.91,9.53,0.21,0.38
1374,31.75,0.0,100.0,0.0,0.0,100.0,0.0,0.0,239.09,14.91,3.63,0.68,0.34
1375,46.95,0.0,100.0,0.0,0.0,100.0,0.0,0.0,131.94,11.74,4.83,0.49,0.36
1376,55.54,0.0,100.0,0.0,0.0,100.0,0.0,0.0,102.72,13.47,4.63,0.47,0.37
1377,45.87,0.0,100.0,0.0,0.0,100.0,0.0,0.0,92.61,13.34,5.47,0.55,0.34
1378,48.87,0.0,100.0,0.0,0.0,100.0,0.0,0.0,76.98,2.08,11.04,0.52,0.38
1379,50.49,0.0,100.0,0.0,0.0,100.0,0.0,0.0,70.05,11.6,5.98,0.52,0.38
1380,31.25,0.0,100.0,0.0,0.0,100.0,0.0,0.0,321.95,15.0,4.3,0.69,0.33
1381,52.67,0.0,100.0,0.0,0.0,100.0,0.0,0.0,107.36,5.99,6.51,0.45,0.37
1382,43.98,0.0,100.0,0.0,0.0,100.0,0.0,0.0,155.27,11.93,6.93,0.52,0.35
1383,31.25,0.0,100.0,0.0,0.0,100.0,0.0,0.0,269.61,15.0,3.4,0.69,0.33
1384,31.74,0.0,100.0,0.0,0.0,100.0,0.0,0.0,286.53,14.94,4.07,0.68,0.36
1385,31.25,0.0,100.0,0.0,0.0,100.0,0.0,0.0,275.83,15.0,4.85,0.69,0.34
1386,31.93,0.0,100.0,0.0,0.0,100.0,0.0,0.0,310.69,7.46,6.06,0.68,0.34
1387,31.25,0.0,100.0,0.0,0.0,100.0,0.0,0.0,372.18,16.0,3.81,0.69,0.34
1388,49.1,0.0,100.0,0.0,0.0,100.0,0.0,0.0,92.95,12.57,4.65,0.49,0.37
1389,31.25,0.0,100.0,0.0,0.0,100.0,0.0,0.0,258.01,15.0,4.63,0.69,0.32
1390,31.25,0.0,100.0,0.0,0.0,100.0,0.0,0.0,277.47,16.0,2.76,0.69,0.37
1391,32.76,0.0,100.0,0.0,0.0,100.0,0.0,0.0,157.28,14.81,3.88,0.67,0.34
1392,31.25,0.0,100.0,0.0,0.0,100.0,0.0,0.0,297.81,15.0,3.21,0.69,0.34
1393,49.49,0.0,100.0,0.0,0.0,100.0,0.0,0.0,46.57,14.27,3.89,0.48,0.35
1394,42.96,0.0,100.0,0.0,0.0,100.0,0.0,0.0,161.0,6.45,7.2,0.56,0.36
1395,50.39,0.0,100.0,0.0,0.0,100.0,0.0,0.0,107.12,12.96,4.22,0.49,0.38
1396,50.89,0.0,100.0,0.0,0.0,100.0,0.0,0.0,73.88,11.75,5.61,0.52,0.37
1397,38.02,0.04,96.0,4.0,0.0,96.0,0.0,0.0,116.23,12.66,4.48,0.57,0.36
1398,74.36,0.0,100.0,0.0,0.0,100.0,0.0,0.0,50.79,2.25,10.52,0.28,0.35
1399,48.37,0.0,100.0,0.0,0.0,100.0,0.0,0.0,111.4,14.45,3.54,0.51,0.32
1400,50.53,0.0,100.0,0.0,0.0,100.0,0.0,0.0,82.94,2.21,10.34,0.51,0.31
1401,55.0,0.0,100.0,0.0,0.0,100.0,0.0,0.0,99.98,11.3,7.57,0.45,0.32
1402,32.84,0.0,100.0,0.0,0.0,100.0,0.0,0.0,214.12,7.41,7.16,0.67,0.31
1403,31.25,0.0,100.0,0.0,0.0,100.0,0.0,0.0,395.7,15.0,2.96,0.69,0.29
1404,49.99,0.0,100.0,0.0,0.0,100.0,0.0,0.0,111.9,6.04,6.33,0.49,0.3
1405,31.25,0.0,100.0,0.0,0.0,100.0,0.0,0.0,373.86,8.0,4.97,0.69,0.3
1406,46.07,0.0,100.0,0.0,0.0,100.0,0.0,0.0,92.3,13.07,5.36,0.54,0.32
1407,32.3,0.0,100.0,0.0,0.0,100.0,0.0,0.0,383.32,14.36,4.17,0.68,0.29
1408,47.19,0.0,100.0,0.0,0.0,100.0,0.0,0.0,118.59,13.05,6.02,0.52,0.38
1409,31.25,0.0,100.0,0.0,0.0,100.0,0.0,0.0,235.0,7.5,6.63,0.69,0.34
1410,31.25,0.0,100.0,0.0,0.0,100.0,0.0,0.0,199.98,16.0,3.36,0.69,0.29
1411,32.47,0.0,100.0,0.0,0.0,100.0,0.0,0.0,265.51,3.72,11.81,0.67,0.3
1412,47.6,0.0,100.0,0.0,0.0,100.0,0.0,0.0,101.7,12.12,6.66,0.5,0.36
1413,45.37,0.0,100.0,0.0,0.0,100.0,0.0,0.0,86.58,6.59,6.59,0.55,0.31
1414,49.91,0.0,100.0,0.0,0.0,100.0,0.0,0.0,119.56,7.67,5.58,0.52,0.32
1415,31.58,0.0,100.0,0.0,0.0,100.0,0.0,0.0,115.1,15.95,3.79,0.68,0.31
1416,32.38,0.0,100.0,0.0,0.0,100.0,0.0,0.0,188.23,14.91,4.03,0.68,0.32
1417,48.42,0.0,100.0,0.0,0.0,100.0,0.0,0.0,100.84,13.7,3.87,0.55,0.33
1418,47.72,0.0,100.0,0.0,0.0,100.0,0.0,0.0,86.83,2.27,10.04,0.54,0.38
1419,55.13,0.0,100.0,0.0,0.0,100.0,0.0,0.0,92.42,11.37,7.23,0.48,0.37
1420,54.52,0.0,100.0,0.0,0.0,100.0,0.0,0.0,101.16,6.22,8.9,0.45,0.36
1421,32.36,0.0,100.0,0.0,0.0,100.0,0.0,0.0,384.52,15.82,2.62,0.68,0.35
1422,31.25,0.0,100.0,0.0,0.0,100.0,0.0,0.0,319.11,15.0,3.5,0.69,0.36
1423,52.87,0.0,100.0,0.0,0.0,100.0,0.0,0.0,123.81,1.77,10.8,0.45,0.37
1424,31.25,0.0,100.0,0.0,0.0,100.0,0.0,0.0,142.92,15.0,3.6,0.69,0.34
1425,31.25,0.0,100.0,0.0,0.0,100.0,0.0,0.0,255.41,15.0,4.21,0.69,0.35
1426,46.6,0.0,100.0,0.0,0.0,100.0,0.0,0.0,120.77,7.25,6.35,0.51,0.35
1427,31.25,0.0,100.0,0.0,0.0,100.0,0.0,0.0,288.53,16.0,2.76,0.69,0.35
1428,49.61,0.0,100.0,0.0,0.0,100.0,0.0,0.0,113.11,12.67,4.71,0.49,0.39
1429,31.25,0.0,100.0,0.0,0.0,100.0,0.0,0.0,211.24,16.0,2.86,0.69,0.31
1430,46.92,0.0,100.0,0.0,0.0,100.0,0.0,0.0,129.78,6.54,8.61,0.52,0.38
1431,31.51,0.0,100.0,0.0,0.0,100.0,0.0,0.0,371.71,15.98,2.83,0.69,0.35
1432,31.62,0.0,100.0,0.0,0.0,100.0,0.0,0.0,119.59,15.88,3.61,0.68,0.36
1433,45.89,0.0,100.0,0.0,0.0,100.0,0.0,0.0,68.57,13.08,4.58,0.48,0.41
1434,55.32,0.0,100.0,0.0,0.0,100.0,0.0,0.0,75.56,11.46,6.92,0.46,0.37
1435,31.7,0.0,100.0,0.0,0.0,100.0,0.0,0.0,172.06,14.95,3.84,0.68,0.35
1436,31.25,0.0,100.0,0.0,0.0,100.0,0.0,0.0,289.47,7.5,7.52,0.69,0.31
1437,32.82,0.0,100.0,0.0,0.0,100.0,0.0,0.0,274.66,14.82,4.79,0.67,0.34
1438,47.55,0.0,100.0,0.0,0.0,100.0,0.0,0.0,148.93,12.34,6.81,0.52,0.37
1439,46.43,0.0,100.0,0.0,0.0,100.0,0.0,0.0,89.54,6.34,6.98,0.53,0.4
1440,31.25,0.0,100.0,0.0,0.0,100.0,0.0,0.0,137.94,15.0,3.31,0.69,0.36
1441,31.25,0.0,100.0,0.0,0.0,100.0,0.0,0.0,347.54,16.0,2.61,0.69,0.32
1442,31.25,0.0,100.0,0.0,0.0,100.0,0.0,0.0,316.11,16.0,2.59,0.69,0.32
1443,31.25,0.0,100.0,0.0,0.0,100.0,0.0,0.0,240.87,16.0,2.45,0.69,0.33
1444,49.6,0.0,100.0,0.0,0.0,100.0,0.0,0.0,59.89,14.12,4.56,0.52,0.38
1445,32.97,0.0,100.0,0.0,0.0,100.0,0.0,0.0,275.74,14.29,5.26,0.67,0.36
1446,54.15,0.0,100.0,0.0,0.0,100.0,0.0,0.0,94.04,6.79,5.97,0.48,0.38
1447,45.48,0.0,100.0,0.0,0.0,100.0,0.0,0.0,115.3,7.38,6.15,0.54,0.36
1448,31.61,0.0,100.0,0.0,0.0,100.0,0.0,0.0,120.46,8.0,6.13,0.68,0.33
1449,31.74,0.0,100.0,0.0,0.0,100.0,0.0,0.0,200.52,15.88,2.93,0.68,0.34
1450,31.25,0.0,100.0,0.0,0.0,100.0,0.0,0.0,95.91,16.0,2.93,0.69,0.33
1451,46.49,0.0,100.0,0.0,0.0,100.0,0.0,0.0,112.6,6.42,5.87,0.51,0.4
1452,33.42,0.0,100.0,0.0,0.0,100.0,0.0,0.0,286.07,14.27,5.47,0.67,0.35
1453,31.25,0.0,100.0,0.0,0.0,100.0,0.0,0.0,381.58,15.0,4.36,0.69,0.33
1454,34.37,0.0,100.0,0.0,0.0,100.0,0.0,0.0,306.08,7.16,7.66,0.66,0.34
1455,31.57,0.0,100.0,0.0,0.0,100.0,0.0,0.0,325.34,14.96,3.97,0.68,0.35
1456,76.79,0.13,87.0,13.0,0.0,87.0,0.0,0.0,93.33,1.0,11.93,0.3,0.38
1457,52.6,0.0,100.0,0.0,0.0,100.0,0.0,0.0,126.38,5.91,7.94,0.47,0.38
1458,31.25,0.0,100.0,0.0,0.0,100.0,0.0,0.0,286.09,7.5,6.54,0.69,0.33
1459,47.21,0.0,100.0,0.0,0.0,100.0,0.0,0.0,112.96,12.95,3.96,0.52,0.36
1460,32.32,0.0,100.0,0.0,0.0,100.0,0.0,0.0,261.46,15.92,3.67,0.68,0.35
1461,33.2,0.0,100.0,0.0,0.0,100.0,0.0,0.0,168.52,14.92,3.9,0.68,0.36
1462,46.95,0.0,100.0,0.0,0.0,100.0,0.0,0.0,43.27,13.54,4.73,0.55,0.45
1463,33.02,0.0,100.0,0.0,0.0,100.0,0.0,0.0,202.46,15.74,3.42,0.67,0.42
1464,52.27,0.0,100.0,0.0,0.0,100.0,0.0,0.0,39.4,11.78,5.25,0.49,0.35
1465,32.46,0.0,100.0,0.0,0.0,100.0,0.0,0.0,384.15,7.96,5.21,0.68,0.34
1466,47.6,0.0,100.0,0.0,0.0,100.0,0.0,0.0,94.88,11.84,6.17,0.51,0.36
1467,46.91,0.0,100.0,0.0,0.0,100.0,0.0,0.0,55.79,12.96,4.07,0.49,0.36
1468,81.56,0.07,93.0,7.0,0.0,93.0,0.0,0.0,84.76,1.23,11.81,0.26,0.37
1469,45.44,0.0,100.0,0.0,0.0,100.0,0.0,0.0,83.66,3.74,10.73,0.55,0.38
1470,37.15,0.07,93.0,7.0,0.0,93.0,0.0,0.0,96.13,6.4,7.58,0.55,0.36
1471,50.35,0.0,100.0,0.0,0.0,100.0,0.0,0.0,93.23,12.51,4.99,0.49,0.36
1472,40.78,0.0,100.0,0.0,0.0,100.0,0.0,0.0,216.05,2.5,10.19,0.57,0.35
1473,31.25,0.0,100.0,0.0,0.0,100.0,0.0,0.0,229.76,15.0,4.27,0.69,0.32
1474,44.95,0.0,100.0,0.0,0.0,100.0,0.0,0.0,117.49,13.32,3.7,0.53,0.36
1475,32.58,0.0,100.0,0.0,0.0,100.0,0.0,0.0,138.22,7.17,6.69,0.68,0.37
1476,54.97,0.0,100.0,0.0,0.0,100.0,0.0,0.0,67.25,6.27,6.65,0.48,0.36
1477,31.41,0.0,100.0,0.0,0.0,100.0,0.0,0.0,302.46,14.45,5.52,0.68,0.34
1478,32.11,0.0,100.0,0.0,0.0,100.0,0.0,0.0,285.81,7.96,5.22,0.68,0.31
1479,31.84,0.0,100.0,0.0,0.0,100.0,0.0,0.0,224.38,8.0,4.8,0.68,0.3
1480,32.26,0.0,100.0,0.0,0.0,100.0,0.0,0.0,354.21,16.0,3.1,0.68,0.3
1481,49.96,0.0,100.0,0.0,0.0,100.0,0.0,0.0,132.21,6.62,7.33,0.49,0.37
1482,31.25,0.0,100.0,0.0,0.0,100.0,0.0,0.0,314.65,15.0,3.75,0.69,0.3
1483,32.22,0.0,100.0,0.0,0.0,100.0,0.0,0.0,361.69,7.46,7.35,0.68,0.3
1484,52.01,0.0,100.0,0.0,0.0,100.0,0.0,0.0,83.14,5.97,6.81,0.47,0.32
1485,46.13,0.0,100.0,0.0,0.0,100.0,0.0,0.0,70.18,14.27,4.53,0.51,0.33
1486,45.43,0.0,100.0,0.0,0.0,100.0,0.0,0.0,95.42,13.42,3.81,0.55,0.31
1487,47.41,0.0,100.0,0.0,0.0,100.0,0.0,0.0,99.81,3.46,10.11,0.52,0.33
1488,32.77,0.0,100.0,0.0,0.0,100.0,0.0,0.0,181.56,15.89,3.05,0.67,0.31
1489,31.25,0.0,100.0,0.0,0.0,100.0,0.0,0.0,260.71,15.0,2.71,0.69,0.29
1490,54.54,0.0,100.0,0.0,0.0,100.0,0.0,0.0,87.71,6.22,7.82,0.46,0.31
1491,32.1,0.0,100.0,0.0,0.0,100.0,0.0,0.0,318.17,7.46,6.73,0.68,0.3
1492,31.25,0.0,100.0,0.0,0.0,100.0,0.0,0.0,294.85,15.0,3.33,0.69,0.28
1493,47.7,0.0,100.0,0.0,0.0,100.0,0.0,0.0,86.23,14.85,3.44,0.53,0.32
1494,48.1,0.0,100.0,0.0,0.0,100.0,0.0,0.0,90.91,12.53,7.2,0.55,0.33
1495,57.58,0.06,94.0,6.0,0.0,94.0,0.0,0.0,64.66,2.03,9.78,0.32,0.31
1496,47.9,0.0,100.0,0.0,0.0,100.0,0.0,0.0,84.29,6.33,7.15,0.54,0.31
1497,51.4,0.0,100.0,0.0,0.0,100.0,0.0,0.0,106.17,12.03,5.5,0.52,0.32
1498,32.33,0.0,100.0,0.0,0.0,100.0,0.0,0.0,204.68,14.11,5.04,0.68,0.33
1499,31.87,0.0,100.0,0.0,0.0,100.0,0.0,0.0,312.98,7.46,6.8,0.68,0.39
1500,37.31,0.07,93.0,7.0,0.0,93.0,0.0,0.0,103.1,3.25,9.3,0.54,0.45
1501,31.25,0.0,100.0,0.0,0.0,100.0,0.0,0.0,205.37,15.0,3.59,0.69,0.34
1502,49.52,0.05,95.0,5.0,0.0,95.0,0.0,0.0,165.88,1.71,9.95,0.5,0.37
1503,34.54,0.0,100.0,0.0,0.0,100.0,0.0,0.0,131.46,14.69,4.26,0.67,0.34
1504,31.55,0.0,100.0,0.0,0.0,100.0,0.0,0.0,359.67,3.75,11.07,0.68,0.34
1505,31.25,0.0,100.0,0.0,0.0,100.0,0.0,0.0,79.98,15.0,4.17,0.69,0.35
1506,31.67,0.0,100.0,0.0,0.0,100.0,0.0,0.0,218.47,7.22,6.81,0.68,0.36
1507,31.93,0.0,100.0,0.0,0.0,100.0,0.0,0.0,229.71,7.46,7.86,0.68,0.39
1508,44.64,0.0,100.0,0.0,0.0,100.0,0.0,0.0,150.08,13.13,4.61,0.54,0.36
1509,49.03,0.0,100.0,0.0,0.0,100.0,0.0,0.0,124.1,11.58,7.52,0.48,0.36
1510,31.51,0.0,100.0,0.0,0.0,100.0,0.0,0.0,297.33,14.21,4.88,0.68,0.35
1511,48.93,0.0,100.0,0.0,0.0,100.0,0.0,0.0,88.48,14.29,3.69,0.5,0.35
1512,32.16,0.0,100.0,0.0,0.0,100.0,0.0,0.0,211.09,3.73,11.07,0.68,0.38
1513,44.55,0.0,100.0,0.0,0.0,100.0,0.0,0.0,61.71,13.22,5.66,0.54,0.37
1514,44.49,0.0,100.0,0.0,0.0,100.0,0.0,0.0,80.07,13.56,5.27,0.57,0.35
1515,33.58,0.0,100.0,0.0,0.0,100.0,0.0,0.0,312.75,14.76,4.94,0.67,0.36
1516,33.91,0.0,100.0,0.0,0.0,100.0,0.0,0.0,131.13,15.7,3.78,0.66,0.34
1517,32.68,0.0,100.0,0.0,0.0,100.0,0.0,0.0,277.63,14.88,3.63,0.67,0.34
1518,38.81,0.07,93.0,7.0,0.0,93.0,0.0,0.0,123.27,6.19,6.71,0.53,0.38
1519,46.5,0.0,100.0,0.0,0.0,100.0,0.0,0.0,29.32,7.37,6.6,0.53,0.37
1520,31.25,0.0,100.0,0.0,0.0,100.0,0.0,0.0,79.91,16.0,2.64,0.69,0.33
1521,50.47,0.0,100.0,0.0,0.0,100.0,0.0,0.0,88.71,11.75,7.22,0.48,0.36
1522,42.36,0.05,95.0,5.0,0.0,95.0,0.0,0.0,115.14,3.16,12.35,0.51,0.36
1523,51.89,0.11,89.0,11.0,0.0,89.0,0.0,0.0,84.12,2.16,12.29,0.24,0.35
1524,52.44,0.0,100.0,0.0,0.0,100.0,0.0,0.0,61.03,12.8,5.44,0.51,0.4
1525,45.34,0.0,100.0,0.0,0.0,100.0,0.0,0.0,225.24,2.11,10.82,0.54,0.33
1526,45.14,0.0,100.0,0.0,0.0,100.0,0.0,0.0,42.27,13.39,4.66,0.56,0.36
1527,41.67,0.06,94.0,6.0,0.0,94.0,0.0,0.0,85.85,11.67,5.81,0.51,0.36
1528,49.7,0.0,100.0,0.0,0.0,100.0,0.0,0.0,65.36,6.42,6.61,0.51,0.35
1529,45.01,0.03,97.0,3.0,0.0,97.0,0.0,0.0,127.04,5.89,7.52,0.49,0.36
1530,32.22,0.0,100.0,0.0,0.0,100.0,0.0,0.0,376.64,14.89,4.79,0.68,0.37
1531,32.35,0.0,100.0,0.0,0.0,100.0,0.0,0.0,113.71,14.01,4.99,0.67,0.38
1532,29.61,0.09,91.0,9.0,0.0,91.0,0.0,0.0,106.9,12.81,6.03,0.58,0.33
1533,32.34,0.0,100.0,0.0,0.0,100.0,0.0,0.0,268.32,7.17,7.45,0.68,0.36
1534,31.61,0.0,100.0,0.0,0.0,100.0,0.0,0.0,317.8,14.43,5.39,0.68,0.35
1535,31.25,0.0,100.0,0.0,0.0,100.0,0.0,0.0,327.1,15.0,3.3,0.69,0.35
1536,52.31,0.0,100.0,0.0,0.0,100.0,0.0,0.0,98.17,3.32,9.95,0.5,0.39
1537,47.07,0.0,100.0,0.0,0.0,100.0,0.0,0.0,143.19,13.05,5.4,0.53,0.36
1538,31.25,0.0,100.0,0.0,0.0,100.0,0.0,0.0,369.19,15.0,3.43,0.69,0.36
1539,32.43,0.0,100.0,0.0,0.0,100.0,0.0,0.0,199.16,14.93,4.38,0.68,0.33
1540,46.59,0.0,100.0,0.0,0.0,100.0,0.0,0.0,104.72,6.64,8.08,0.52,0.36
1541,53.51,0.0,100.0,0.0,0.0,100.0,0.0,0.0,48.91,7.38,7.3,0.51,0.36
1542,33.66,0.07,93.0,7.0,0.0,93.0,0.0,0.0,206.21,1.99,11.62,0.56,0.36
1543,32.02,0.0,100.0,0.0,0.0,100.0,0.0,0.0,376.89,7.21,5.99,0.68,0.33
1544,32.09,0.0,100.0,0.0,0.0,100.0,0.0,0.0,339.29,8.0,6.46,0.67,0.48
1545,32.95,0.0,100.0,0.0,0.0,100.0,0.0,0.0,322.26,7.41,6.72,0.67,0.36
1546,31.92,0.0,100.0,0.0,0.0,100.0,0.0,0.0,209.92,14.91,3.88,0.68,0.34
1547,31.69,0.0,100.0,0.0,0.0,100.0,0.0,0.0,229.93,14.93,3.43,0.68,0.38
1548,32.64,0.0,100.0,0.0,0.0,100.0,0.0,0.0,240.54,14.77,4.75,0.67,0.34
1549,46.48,0.0,100.0,0.0,0.0,100.0,0.0,0.0,62.54,7.45,6.61,0.53,0.36
1550,31.25,0.0,100.0,0.0,0.0,100.0,0.0,0.0,288.75,7.5,5.62,0.69,0.38
1551,41.07,0.0,100.0,0.0,0.0,100.0,0.0,0.0,164.57,2.42,10.67,0.59,0.38
1552,41.29,0.0,100.0,0.0,0.0,100.0,0.0,0.0,172.66,2.38,11.21,0.59,0.36
1553,55.36,0.0,100.0,0.0,0.0,100.0,0.0,0.0,79.31,6.18,8.86,0.47,0.46
1554,31.87,0.0,100.0,0.0,0.0,100.0,0.0,0.0,119.77,7.93,6.31,0.68,0.59
1555,51.47,0.0,100.0,0.0,0.0,100.0,0.0,0.0,68.79,6.58,7.86,0.5,0.73
1556,49.24,0.0,100.0,0.0,0.0,100.0,0.0,0.0,94.57,5.83,8.04,0.48,0.39
1557,48.71,0.0,100.0,0.0,0.0,100.0,0.0,0.0,102.83,13.04,4.8,0.52,0.39
1558,51.4,0.0,100.0,0.0,0.0,100.0,0.0,0.0,105.88,12.23,4.26,0.47,0.37
1559,47.46,0.0,100.0,0.0,0.0,100.0,0.0,0.0,120.24,14.02,4.97,0.49,0.35
1560,53.15,0.0,100.0,0.0,0.0,100.0,0.0,0.0,119.41,12.58,4.91,0.49,0.36
1561,45.02,0.0,100.0,0.0,0.0,100.0,0.0,0.0,139.73,12.2,6.12,0.52,0.37
1562,32.85,0.11,89.0,11.0,0.0,89.0,0.0,0.0,60.61,12.15,5.57,0.52,0.35
1563,32.53,0.0,100.0,0.0,0.0,100.0,0.0,0.0,289.33,15.81,3.68,0.67,0.35
1564,31.51,0.0,100.0,0.0,0.0,100.0,0.0,0.0,438.5,14.93,3.93,0.68,0.33
1565,31.96,0.0,100.0,0.0,0.0,100.0,0.0,0.0,344.54,7.47,6.74,0.68,0.38
1566,56.21,0.0,100.0,0.0,0.0,100.0,0.0,0.0,49.35,12.29,5.4,0.48,0.52
1567,42.94,0.0,100.0,0.0,0.0,100.0,0.0,0.0,191.69,2.5,11.95,0.57,0.31
1568,51.16,0.0,100.0,0.0,0.0,100.0,0.0,0.0,75.36,11.63,5.85,0.48,0.34
1569,47.95,0.0,100.0,0.0,0.0,100.0,0.0,0.0,91.53,7.59,6.27,0.5,0.36
1570,31.25,0.0,100.0,0.0,0.0,100.0,0.0,0.0,460.94,15.0,2.92,0.69,0.29
1571,45.21,0.0,100.0,0.0,0.0,100.0,0.0,0.0,90.43,6.53,7.69,0.55,0.33
1572,67.63,0.06,94.0,6.0,0.0,94.0,0.0,0.0,71.56,1.47,9.71,0.3,0.33
1573,45.07,0.0,100.0,0.0,0.0,100.0,0.0,0.0,96.77,12.06,5.41,0.53,0.33
1574,73.96,0.0,100.0,0.0,0.0,100.0,0.0,0.0,53.2,1.78,10.58,0.29,0.39
1575,39.15,0.0,100.0,0.0,0.0,100.0,0.0,0.0,126.13,7.45,5.29,0.58,0.36
1576,54.19,0.0,100.0,0.0,0.0,100.0,0.0,0.0,89.27,6.14,7.81,0.44,0.37
1577,53.97,0.0,100.0,0.0,0.0,100.0,0.0,0.0,41.95,12.52,5.04,0.48,0.36
1578,45.49,0.0,100.0,0.0,0.0,100.0,0.0,0.0,199.05,6.47,8.01,0.5,0.36
1579,31.25,0.0,100.0,0.0,0.0,100.0,0.0,0.0,207.68,16.0,2.66,0.69,0.33
1580,51.46,0.0,100.0,0.0,0.0,100.0,0.0,0.0,108.44,12.17,5.0,0.47,0.42
1581,31.25,0.0,100.0,0.0,0.0,100.0,0.0,0.0,372.07,8.0,5.17,0.69,0.33
1582,32.42,0.0,100.0,0.0,0.0,100.0,0.0,0.0,162.44,7.19,7.21,0.67,0.37
1583,52.05,0.0,100.0,0.0,0.0,100.0,0.0,0.0,92.33,6.46,6.71,0.5,0.36
1584,52.62,0.0,100.0,0.0,0.0,100.0,0.0,0.0,115.17,2.02,10.14,0.49,0.42
1585,42.08,0.0,100.0,0.0,0.0,100.0,0.0,0.0,154.88,13.73,5.21,0.57,0.42
1586,49.93,0.0,100.0,0.0,0.0,100.0,0.0,0.0,100.54,14.55,5.03,0.52,0.42
1587,50.55,0.0,100.0,0.0,0.0,100.0,0.0,0.0,81.48,6.43,8.07,0.48,0.4
1588,31.25,0.0,100.0,0.0,0.0,100.0,0.0,0.0,214.15,15.0,3.11,0.69,0.33
1589,53.19,0.0,100.0,0.0,0.0,100.0,0.0,0.0,83.86,11.33,6.3,0.47,0.4
1590,31.25,0.0,100.0,0.0,0.0,100.0,0.0,0.0,133.4,16.0,3.51,0.69,0.33
1591,52.94,0.0,100.0,0.0,0.0,100.0,0.0,0.0,53.54,6.34,8.0,0.49,0.38
1592,43.25,0.0,100.0,0.0,0.0,100.0,0.0,0.0,129.12,3.49,9.27,0.56,0.38
1593,45.82,0.0,100.0,0.0,0.0,100.0,0.0,0.0,119.69,6.29,8.12,0.54,0.35
1594,48.74,0.0,100.0,0.0,0.0,100.0,0.0,0.0,98.56,7.02,6.2,0.51,0.37
1595,31.25,0.0,100.0,0.0,0.0,100.0,0.0,0.0,294.65,15.0,4.37,0.69,0.33
1596,60.16,0.0,100.0,0.0,0.0,100.0,0.0,0.0,37.18,5.66,8.42,0.42,0.39
1597,31.65,0.0,100.0,0.0,0.0,100.0,0.0,0.0,219.09,7.96,5.22,0.68,0.38
1598,40.92,0.22,78.0,22.0,0.0,78.0,0.0,0.0,61.13,2.31,11.72,0.21,0.34
1599,32.92,0.0,100.0,0.0,0.0,100.0,0.0,0.0,186.51,14.86,3.44,0.68,0.35
1600,31.61,0.0,100.0,0.0,0.0,100.0,0.0,0.0,151.3,8.0,5.31,0.68,0.32
1601,42.04,0.0,100.0,0.0,0.0,100.0,0.0,0.0,160.74,13.48,5.0,0.55,0.41
1602,31.94,0.0,100.0,0.0,0.0,100.0,0.0,0.0,238.21,7.49,5.23,0.69,0.35
1603,31.25,0.0,100.0,0.0,0.0,100.0,0.0,0.0,439.76,15.0,4.44,0.69,0.37
1604,52.18,0.0,100.0,0.0,0.0,100.0,0.0,0.0,89.89,7.13,5.95,0.52,0.36
1605,32.16,0.0,100.0,0.0,0.0,100.0,0.0,0.0,166.29,8.0,6.2,0.68,0.32
1606,49.0,0.0,100.0,0.0,0.0,100.0,0.0,0.0,165.29,6.37,6.95,0.5,0.36
1607,44.96,0.0,100.0,0.0,0.0,100.0,0.0,0.0,95.23,1.99,11.01,0.53,0.4
1608,50.75,0.0,100.0,0.0,0.0,100.0,0.0,0.0,62.17,7.23,6.03,0.54,0.4
1609,51.11,0.0,100.0,0.0,0.0,100.0,0.0,0.0,66.62,3.42,10.67,0.5,0.5
1610,44.75,0.0,100.0,0.0,0.0,100.0,0.0,0.0,90.6,6.47,6.8,0.52,0.4
1611,32.21,0.0,100.0,0.0,0.0,100.0,0.0,0.0,281.03,14.91,3.72,0.68,0.32
1612,31.9,0.0,100.0,0.0,0.0,100.0,0.0,0.0,217.79,14.88,4.74,0.68,0.34
1613,44.07,0.0,100.0,0.0,0.0,100.0,0.0,0.0,101.69,14.73,4.54,0.57,0.36
1614,50.19,0.0,100.0,0.0,0.0,100.0,0.0,0.0,63.41,11.96,5.32,0.53,0.37
1615,31.25,0.0,100.0,0.0,0.0,100.0,0.0,0.0,216.63,14.5,4.71,0.69,0.34
1616,33.41,0.0,100.0,0.0,0.0,100.0,0.0,0.0,230.96,13.97,5.33,0.67,0.34
1617,50.29,0.0,100.0,0.0,0.0,100.0,0.0,0.0,69.27,12.29,5.47,0.51,0.38
1618,31.25,0.0,100.0,0.0,0.0,100.0,0.0,0.0,403.81,14.5,4.39,0.69,0.36
1619,31.25,0.0,100.0,0.0,0.0,100.0,0.0,0.0,196.22,7.5,6.11,0.69,0.33
1620,31.25,0.0,100.0,0.0,0.0,100.0,0.0,0.0,295.64,16.0,3.01,0.69,0.36
1621,33.18,0.0,100.0,0.0,0.0,100.0,0.0,0.0,348.01,14.04,4.34,0.67,0.34
1622,31.25,0.0,100.0,0.0,0.0,100.0,0.0,0.0,354.75,16.0,2.55,0.69,0.32
1623,47.49,0.0,100.0,0.0,0.0,100.0,0.0,0.0,66.67,12.73,5.09,0.5,0.37
1624,65.76,0.09,91.0,9.0,0.0,91.0,0.0,0.0,71.59,2.07,9.67,0.21,0.36
1625,31.67,0.0,100.0,0.0,0.0,100.0,0.0,0.0,203.39,14.16,6.15,0.68,0.34
1626,33.65,0.0,100.0,0.0,0.0,100.0,0.0,0.0,284.2,7.14,6.36,0.67,0.37
1627,31.25,0.0,100.0,0.0,0.0,100.0,0.0,0.0,267.58,16.0,3.72,0.69,0.38
1628,32.83,0.0,100.0,0.0,0.0,100.0,0.0,0.0,281.06,7.39,6.69,0.67,0.35
1629,47.77,0.0,100.0,0.0,0.0,100.0,0.0,0.0,117.94,12.62,7.5,0.53,0.38
1630,32.17,0.0,100.0,0.0,0.0,100.0,0.0,0.0,96.36,15.91,3.45,0.68,0.37
1631,54.72,0.0,100.0,0.0,0.0,100.0,0.0,0.0,84.22,2.49,10.36,0.43,0.4
1632,31.59,0.0,100.0,0.0,0.0,100.0,0.0,0.0,267.25,14.44,4.57,0.68,0.36
1633,49.54,0.0,100.0,0.0,0.0,100.0,0.0,0.0,79.75,1.94,11.9,0.52,0.32
1634,32.02,0.0,100.0,0.0,0.0,100.0,0.0,0.0,136.67,14.43,5.16,0.68,0.29
1635,50.54,0.0,100.0,0.0,0.0,100.0,0.0,0.0,99.16,13.28,4.11,0.5,0.32
1636,41.04,0.0,100.0,0.0,0.0,100.0,0.0,0.0,105.66,15.25,4.07,0.56,0.34
1637,32.82,0.0,100.0,0.0,0.0,100.0,0.0,0.0,175.23,7.18,5.94,0.67,0.31
1638,31.25,0.0,100.0,0.0,0.0,100.0,0.0,0.0,336.33,15.0,4.59,0.69,0.3
1639,55.89,0.0,100.0,0.0,0.0,100.0,0.0,0.0,78.63,11.22,6.56,0.46,0.35
1640,43.51,0.0,100.0,0.0,0.0,100.0,0.0,0.0,119.31,14.79,3.58,0.55,0.4
1641,53.37,0.0,100.0,0.0,0.0,100.0,0.0,0.0,83.38,12.43,5.37,0.49,0.39
1642,32.87,0.0,100.0,0.0,0.0,100.0,0.0,0.0,135.47,13.94,5.09,0.66,0.39
1643,48.96,0.0,100.0,0.0,0.0,100.0,0.0,0.0,117.04,12.43,6.62,0.53,0.41
1644,32.25,0.0,100.0,0.0,0.0,100.0,0.0,0.0,241.22,7.96,5.27,0.68,0.6
1645,47.22,0.0,100.0,0.0,0.0,100.0,0.0,0.0,98.12,11.72,6.28,0.48,0.78
1646,31.25,0.0,100.0,0.0,0.0,100.0,0.0,0.0,296.2,15.0,3.16,0.69,0.41
1647,31.25,0.0,100.0,0.0,0.0,100.0,0.0,0.0,383.84,15.0,3.45,0.69,0.33
1648,49.21,0.0,100.0,0.0,0.0,100.0,0.0,0.0,111.1,14.11,4.12,0.51,0.39
1649,49.9,0.0,100.0,0.0,0.0,100.0,0.0,0.0,78.88,11.64,6.99,0.48,0.42
1650,31.36,0.0,100.0,0.0,0.0,100.0,0.0,0.0,315.44,14.95,3.37,0.68,0.41
1651,44.15,0.0,100.0,0.0,0.0,100.0,0.0,0.0,141.69,13.3,3.7,0.55,0.42
1652,32.01,0.0,100.0,0.0,0.0,100.0,0.0,0.0,361.11,7.46,7.5,0.68,0.41
1653,49.83,0.0,100.0,0.0,0.0,100.0,0.0,0.0,91.5,12.84,5.47,0.52,0.51
1654,46.55,0.0,100.0,0.0,0.0,100.0,0.0,0.0,88.18,3.85,9.63,0.54,0.61
1655,52.57,0.0,100.0,0.0,0.0,100.0,0.0,0.0,94.66,12.86,4.26,0.49,0.54
1656,64.98,0.0,100.0,0.0,0.0,100.0,0.0,0.0,54.55,1.49,11.13,0.28,0.78
1657,43.57,0.05,95.0,5.0,0.0,95.0,0.0,0.0,99.23,5.96,7.84,0.49,0.5
1658,31.25,0.0,100.0,0.0,0.0,100.0,0.0,0.0,204.4,15.0,2.88,0.69,0.39
1659,44.05,0.0,100.0,0.0,0.0,100.0,0.0,0.0,92.39,12.37,5.05,0.56,0.34
1660,52.38,0.0,100.0,0.0,0.0,100.0,0.0,0.0,61.68,6.0,7.47,0.49,0.41
1661,47.6,0.0,100.0,0.0,0.0,100.0,0.0,0.0,80.43,6.42,7.35,0.5,0.44
1662,66.93,0.0,100.0,0.0,0.0,100.0,0.0,0.0,89.59,2.34,9.09,0.33,0.41
1663,47.76,0.0,100.0,0.0,0.0,100.0,0.0,0.0,99.15,12.59,5.26,0.49,0.38
1664,46.38,0.0,100.0,0.0,0.0,100.0,0.0,0.0,56.18,3.56,9.22,0.56,0.48
1665,45.96,0.0,100.0,0.0,0.0,100.0,0.0,0.0,114.75,6.22,8.33,0.53,0.76
1666,31.25,0.0,100.0,0.0,0.0,100.0,0.0,0.0,216.17,16.0,3.0,0.69,0.44
1667,32.72,0.0,100.0,0.0,0.0,100.0,0.0,0.0,107.05,7.44,6.88,0.68,0.39
1668,33.41,0.0,100.0,0.0,0.0,100.0,0.0,0.0,245.72,7.87,5.89,0.67,0.39
1669,31.25,0.0,100.0,0.0,0.0,100.0,0.0,0.0,122.75,16.0,2.7,0.69,0.38
1670,31.49,0.0,100.0,0.0,0.0,100.0,0.0,0.0,245.96,15.93,3.33,0.68,0.38
1671,46.74,0.0,100.0,0.0,0.0,100.0,0.0,0.0,125.14,14.21,4.54,0.53,0.43
1672,47.72,0.0,100.0,0.0,0.0,100.0,0.0,0.0,103.65,2.15,10.81,0.52,0.41
1673,48.34,0.0,100.0,0.0,0.0,100.0,0.0,0.0,141.45,11.88,5.95,0.5,0.39
1674,52.27,0.0,100.0,0.0,0.0,100.0,0.0,0.0,137.5,11.53,6.86,0.44,0.42
1675,65.5,0.06,94.0,6.0,0.0,94.0,0.0,0.0,80.14,2.86,10.74,0.24,0.39
1676,44.13,0.0,100.0,0.0,0.0,100.0,0.0,0.0,134.35,13.25,5.05,0.54,0.44
1677,48.85,0.0,100.0,0.0,0.0,100.0,0.0,0.0,127.06,7.32,5.94,0.52,0.42
1678,31.23,0.06,94.0,6.0,0.0,94.0,0.0,0.0,233.84,2.12,11.13,0.61,0.75
1679,52.9,0.0,100.0,0.0,0.0,100.0,0.0,0.0,60.98,11.46,7.0,0.5,1.09
1680,54.96,0.0,100.0,0.0,0.0,100.0,0.0,0.0,44.58,12.8,6.41,0.49,0.61
1681,32.25,0.0,100.0,0.0,0.0,100.0,0.0,0.0,116.43,15.93,3.57,0.68,0.42
1682,42.55,0.0,100.0,0.0,0.0,100.0,0.0,0.0,111.12,6.36,7.98,0.54,0.39
1683,31.25,0.0,100.0,0.0,0.0,100.0,0.0,0.0,441.8,15.0,4.1,0.69,0.36
1684,49.01,0.0,100.0,0.0,0.0,100.0,0.0,0.0,110.39,12.93,4.7,0.52,0.39
1685,43.19,0.0,100.0,0.0,0.0,100.0,0.0,0.0,147.61,2.47,9.22,0.58,0.36
1686,45.25,0.0,100.0,0.0,0.0,100.0,0.0,0.0,149.21,6.62,7.76,0.53,0.35
1687,36.02,0.09,91.0,9.0,0.0,91.0,0.0,0.0,71.4,3.27,12.36,0.51,0.35
1688,49.79,0.0,100.0,0.0,0.0,100.0,0.0,0.0,98.82,3.37,9.36,0.47,0.41
1689,49.42,0.0,100.0,0.0,0.0,100.0,0.0,0.0,105.7,12.68,5.03,0.5,0.54
1690,31.25,0.0,100.0,0.0,0.0,100.0,0.0,0.0,212.91,16.0,3.32,0.69,0.52
1691,47.31,0.0,100.0,0.0,0.0,100.0,0.0,0.0,68.36,6.25,6.49,0.52,0.43
1692,31.25,0.0,100.0,0.0,0.0,100.0,0.0,0.0,219.56,7.5,6.44,0.69,0.37
1693,31.25,0.0,100.0,0.0,0.0,100.0,0.0,0.0,226.85,15.0,4.29,0.69,0.39
1694,31.94,0.0,100.0,0.0,0.0,100.0,0.0,0.0,314.91,14.93,4.24,0.68,0.37
1695,51.53,0.0,100.0,0.0,0.0,100.0,0.0,0.0,124.63,12.62,5.11,0.49,0.41
1696,31.25,0.0,100.0,0.0,0.0,100.0,0.0,0.0,421.01,15.0,4.18,0.69,0.42
1697,45.84,0.0,100.0,0.0,0.0,100.0,0.0,0.0,111.79,13.29,4.74,0.55,0.39
1698,45.51,0.0,100.0,0.0,0.0,100.0,0.0,0.0,116.96,6.19,7.16,0.54,0.47
1699,48.79,0.0,100.0,0.0,0.0,100.0,0.0,0.0,100.26,6.49,7.96,0.51,0.62
1700,31.25,0.0,100.0,0.0,0.0,100.0,0.0,0.0,199.04,15.0,3.92,0.69,0.33
1701,45.58,0.0,100.0,0.0,0.0,100.0,0.0,0.0,84.12,2.04,8.82,0.54,0.34
1702,48.32,0.0,100.0,0.0,0.0,100.0,0.0,0.0,116.14,12.27,5.92,0.52,0.42
1703,32.26,0.0,100.0,0.0,0.0,100.0,0.0,0.0,235.72,7.4,6.24,0.67,0.37
1704,54.6,0.12,88.0,12.0,0.0,88.0,0.0,0.0,39.9,2.51,11.7,0.24,0.39
1705,31.43,0.0,100.0,0.0,0.0,100.0,0.0,0.0,301.78,14.43,5.8,0.68,0.39
1706,51.17,0.0,100.0,0.0,0.0,100.0,0.0,0.0,78.98,6.25,6.92,0.47,0.5
1707,47.77,0.0,100.0,0.0,0.0,100.0,0.0,0.0,105.62,5.99,7.22,0.47,0.75
1708,47.57,0.0,100.0,0.0,0.0,100.0,0.0,0.0,119.49,14.2,4.86,0.53,0.56
1709,48.21,0.0,100.0,0.0,0.0,100.0,0.0,0.0,80.54,6.43,7.76,0.51,0.37
1710,46.7,0.0,100.0,0.0,0.0,100.0,0.0,0.0,125.86,6.5,6.93,0.5,0.36
1711,47.82,0.0,100.0,0.0,0.0,100.0,0.0,0.0,102.93,1.89,10.47,0.52,0.39
1712,31.25,0.0,100.0,0.0,0.0,100.0,0.0,0.0,444.99,7.5,6.43,0.69,0.35
1713,32.28,0.0,100.0,0.0,0.0,100.0,0.0,0.0,184.43,14.09,5.26,0.68,0.38
1714,49.7,0.0,100.0,0.0,0.0,100.0,0.0,0.0,105.12,5.74,6.81,0.45,0.46
1715,31.59,0.0,100.0,0.0,0.0,100.0,0.0,0.0,140.85,7.96,5.32,0.68,0.35
1716,50.15,0.0,100.0,0.0,0.0,100.0,0.0,0.0,83.38,6.59,8.03,0.53,0.4
1717,49.04,0.0,100.0,0.0,0.0,100.0,0.0,0.0,104.66,14.28,4.16,0.52,0.39
1718,26.26,0.13,87.0,13.0,0.0,87.0,0.0,0.0,92.18,6.2,6.55,0.54,0.39
1719,45.82,0.0,100.0,0.0,0.0,100.0,0.0,0.0,96.98,13.37,5.21,0.55,0.42
1720,31.68,0.0,100.0,0.0,0.0,100.0,0.0,0.0,199.78,7.24,7.3,0.68,0.39
1721,55.6,0.0,100.0,0.0,0.0,100.0,0.0,0.0,85.32,13.29,5.01,0.46,0.41
1722,40.12,0.04,96.0,4.0,0.0,96.0,0.0,0.0,143.85,6.15,7.81,0.53,0.39
1723,32.18,0.0,100.0,0.0,0.0,100.0,0.0,0.0,255.74,15.89,3.4,0.68,0.39
1724,66.66,0.0,100.0,0.0,0.0,100.0,0.0,0.0,61.42,1.69,10.46,0.34,0.75
1725,52.71,0.0,100.0,0.0,0.0,100.0,0.0,0.0,108.5,7.02,7.1,0.5,0.64
1726,31.56,0.0,100.0,0.0,0.0,100.0,0.0,0.0,230.14,14.89,3.93,0.68,0.44
1727,47.97,0.0,100.0,0.0,0.0,100.0,0.0,0.0,96.94,3.51,11.94,0.52,0.75
1728,50.43,0.0,100.0,0.0,0.0,100.0,0.0,0.0,81.11,14.26,4.41,0.5,0.46
1729,31.25,0.0,100.0,0.0,0.0,100.0,0.0,0.0,174.65,15.0,3.74,0.69,0.47
1730,31.25,0.0,100.0,0.0,0.0,100.0,0.0,0.0,178.8,8.0,5.08,0.69,0.37
1731,31.25,0.0,100.0,0.0,0.0,100.0,0.0,0.0,304.59,8.0,6.94,0.69,0.37
1732,41.61,0.0,100.0,0.0,0.0,100.0,0.0,0.0,116.06,13.3,4.87,0.55,0.41
1733,31.25,0.0,100.0,0.0,0.0,100.0,0.0,0.0,362.46,16.0,2.52,0.69,0.36
1734,52.84,0.0,100.0,0.0,0.0,100.0,0.0,0.0,113.96,6.46,7.78,0.49,0.45
1735,47.75,0.0,100.0,0.0,0.0,100.0,0.0,0.0,89.41,6.19,6.89,0.51,0.42
1736,44.26,0.0,100.0,0.0,0.0,100.0,0.0,0.0,134.24,12.3,6.64,0.54,0.4
1737,31.73,0.0,100.0,0.0,0.0,100.0,0.0,0.0,208.13,14.41,5.22,0.68,0.4
1738,31.85,0.0,100.0,0.0,0.0,100.0,0.0,0.0,431.94,7.47,7.09,0.68,0.38
1739,46.44,0.0,100.0,0.0,0.0,100.0,0.0,0.0,60.09,12.66,5.39,0.55,0.45
1740,32.69,0.0,100.0,0.0,0.0,100.0,0.0,0.0,318.45,7.96,5.13,0.68,0.39
1741,52.02,0.0,100.0,0.0,0.0,100.0,0.0,0.0,78.58,13.92,4.21,0.51,0.4
1742,32.12,0.0,100.0,0.0,0.0,100.0,0.0,0.0,161.98,14.38,4.71,0.68,0.39
1743,46.24,0.0,100.0,0.0,0.0,100.0,0.0,0.0,92.56,3.84,11.48,0.52,0.42
1744,48.93,0.0,100.0,0.0,0.0,100.0,0.0,0.0,132.74,3.31,9.89,0.52,0.42
1745,46.54,0.0,100.0,0.0,0.0,100.0,0.0,0.0,62.0,6.47,6.84,0.52,0.44
1746,44.83,0.0,100.0,0.0,0.0,100.0,0.0,0.0,126.39,7.25,4.45,0.52,0.42
1747,31.79,0.0,100.0,0.0,0.0,100.0,0.0,0.0,330.66,14.93,3.96,0.68,0.4
1748,49.35,0.0,100.0,0.0,0.0,100.0,0.0,0.0,84.07,6.25,6.98,0.49,0.41
1749,40.21,0.05,95.0,5.0,0.0,95.0,0.0,0.0,115.71,5.96,7.95,0.5,0.4
1750,31.25,0.0,100.0,0.0,0.0,100.0,0.0,0.0,385.01,16.0,2.83,0.69,0.42
1751,32.7,0.0,100.0,0.0,0.0,100.0,0.0,0.0,259.77,14.09,5.79,0.67,0.39
1752,56.1,0.0,100.0,0.0,0.0,100.0,0.0,0.0,52.27,5.93,7.78,0.49,0.42
1753,51.89,0.0,100.0,0.0,0.0,100.0,0.0,0.0,93.3,3.34,9.97,0.49,0.42
1754,31.77,0.0,100.0,0.0,0.0,100.0,0.0,0.0,175.83,14.93,4.34,0.68,0.37
1755,46.52,0.0,100.0,0.0,0.0,100.0,0.0,0.0,56.35,6.61,6.58,0.53,0.46
1756,32.33,0.0,100.0,0.0,0.0,100.0,0.0,0.0,155.44,14.34,4.47,0.68,0.39
1757,31.25,0.0,100.0,0.0,0.0,100.0,0.0,0.0,196.63,15.0,4.12,0.69,0.38
1758,46.78,0.0,100.0,0.0,0.0,100.0,0.0,0.0,69.31,12.63,6.45,0.55,0.41
1759,31.25,0.0,100.0,0.0,0.0,100.0,0.0,0.0,160.15,16.0,3.59,0.69,0.37
1760,31.54,0.0,100.0,0.0,0.0,100.0,0.0,0.0,283.94,15.95,2.99,0.68,0.51
1761,29.88,0.1,90.0,10.0,0.0,90.0,0.0,0.0,130.8,6.42,6.93,0.56,0.41
1762,50.86,0.0,100.0,0.0,0.0,100.0,0.0,0.0,102.68,11.79,6.38,0.49,0.47
1763,35.73,0.06,94.0,6.0,0.0,94.0,0.0,0.0,98.32,12.05,5.92,0.54,0.36
1764,32.63,0.0,100.0,0.0,0.0,100.0,0.0,0.0,301.72,14.86,2.71,0.68,0.35
1765,49.07,0.0,100.0,0.0,0.0,100.0,0.0,0.0,119.0,12.21,7.31,0.55,0.37
1766,33.2,0.0,100.0,0.0,0.0,100.0,0.0,0.0,119.67,14.02,5.66,0.67,0.36
1767,52.25,0.0,100.0,0.0,0.0,100.0,0.0,0.0,120.59,3.3,10.75,0.48,0.35
1768,32.47,0.0,100.0,0.0,0.0,100.0,0.0,0.0,272.16,7.89,5.33,0.67,0.32
1769,32.36,0.0,100.0,0.0,0.0,100.0,0.0,0.0,257.89,8.0,5.01,0.67,0.34
1770,45.63,0.0,100.0,0.0,0.0,100.0,0.0,0.0,69.97,6.71,9.02,0.53,0.36
1771,32.34,0.0,100.0,0.0,0.0,100.0,0.0,0.0,257.15,7.92,7.18,0.68,0.33
1772,31.25,0.0,100.0,0.0,0.0,100.0,0.0,0.0,287.9,15.0,3.37,0.69,0.35
1773,31.25,0.0,100.0,0.0,0.0,100.0,0.0,0.0,339.29,15.0,4.7,0.69,0.33
1774,51.16,0.0,100.0,0.0,0.0,100.0,0.0,0.0,86.71,12.6,5.76,0.49,0.34
1775,31.25,0.0,100.0,0.0,0.0,100.0,0.0,0.0,315.3,16.0,2.29,0.69,0.41
1776,31.69,0.0,100.0,0.0,0.0,100.0,0.0,0.0,252.02,14.91,4.14,0.68,0.76
1777,31.25,0.0,100.0,0.0,0.0,100.0,0.0,0.0,157.65,8.0,5.49,0.69,0.59
1778,31.25,0.0,100.0,0.0,0.0,100.0,0.0,0.0,255.83,15.0,3.88,0.69,0.5
1779,46.05,0.0,100.0,0.0,0.0,100.0,0.0,0.0,78.91,14.3,5.24,0.53,0.49
1780,52.77,0.0,100.0,0.0,0.0,100.0,0.0,0.0,75.37,13.58,4.63,0.49,0.46
1781,31.25,0.0,100.0,0.0,0.0,100.0,0.0,0.0,459.31,16.0,2.41,0.69,0.48
1782,54.98,0.0,100.0,0.0,0.0,100.0,0.0,0.0,61.47,11.94,5.48,0.47,0.55
1783,53.96,0.0,100.0,0.0,0.0,100.0,0.0,0.0,51.13,6.94,6.39,0.46,0.49
1784,50.11,0.0,100.0,0.0,0.0,100.0,0.0,0.0,139.56,12.62,6.02,0.5,0.48
1785,71.82,0.0,100.0,0.0,0.0,100.0,0.0,0.0,104.87,2.2,10.69,0.23,0.54
1786,32.07,0.0,100.0,0.0,0.0,100.0,0.0,0.0,260.68,7.95,5.79,0.67,0.46
1787,31.63,0.0,100.0,0.0,0.0,100.0,0.0,0.0,311.68,7.98,6.56,0.68,0.45
1788,31.25,0.0,100.0,0.0,0.0,100.0,0.0,0.0,459.21,16.0,2.99,0.69,0.34
1789,51.83,0.0,100.0,0.0,0.0,100.0,0.0,0.0,68.82,12.4,6.36,0.49,0.39
1790,54.9,0.0,100.0,0.0,0.0,100.0,0.0,0.0,102.29,14.38,4.1,0.49,0.56
1791,32.19,0.0,100.0,0.0,0.0,100.0,0.0,0.0,236.41,7.96,7.06,0.68,0.68
1792,32.16,0.0,100.0,0.0,0.0,100.0,0.0,0.0,124.23,7.21,7.49,0.68,0.44
1793,32.52,0.0,100.0,0.0,0.0,100.0,0.0,0.0,406.92,14.39,5.69,0.68,0.43
1794,33.38,0.0,100.0,0.0,0.0,100.0,0.0,0.0,76.58,7.13,6.97,0.67,0.41
1795,31.25,0.0,100.0,0.0,0.0,100.0,0.0,0.0,315.92,15.0,4.09,0.69,0.37
1796,32.9,0.0,100.0,0.0,0.0,100.0,0.0,0.0,313.73,7.14,6.74,0.67,0.41
1797,46.91,0.0,100.0,0.0,0.0,100.0,0.0,0.0,109.8,6.82,6.61,0.56,0.4
1798,49.84,0.0,100.0,0.0,0.0,100.0,0.0,0.0,51.93,12.97,4.53,0.51,0.48
1799,49.67,0.0,100.0,0.0,0.0,100.0,0.0,0.0,109.01,1.94,9.73,0.47,0.55
1800,31.25,0.0,100.0,0.0,0.0,100.0,0.0,0.0,180.67,15.0,3.56,0.69,0.32
1801,52.52,0.0,100.0,0.0,0.0,100.0,0.0,0.0,66.46,12.78,5.2,0.48,0.42
1802,50.95,0.0,100.0,0.0,0.0,100.0,0.0,0.0,94.65,12.84,5.55,0.5,0.48
1803,48.01,0.0,100.0,0.0,0.0,100.0,0.0,0.0,135.31,12.93,5.64,0.5,0.45
1804,49.57,0.0,100.0,0.0,0.0,100.0,0.0,0.0,84.41,11.9,5.27,0.51,0.45
1805,31.58,0.0,100.0,0.0,0.0,100.0,0.0,0.0,314.1,16.0,3.24,0.68,0.44
1806,31.25,0.0,100.0,0.0,0.0,100.0,0.0,0.0,195.53,16.0,4.27,0.69,0.76
1807,45.21,0.05,95.0,5.0,0.0,95.0,0.0,0.0,114.58,11.64,6.97,0.46,0.77
1808,50.77,0.0,100.0,0.0,0.0,100.0,0.0,0.0,121.46,14.59,3.25,0.49,0.48
1809,45.08,0.0,100.0,0.0,0.0,100.0,0.0,0.0,66.13,6.4,7.67,0.56,0.4
1810,32.05,0.0,100.0,0.0,0.0,100.0,0.0,0.0,230.09,15.89,3.36,0.68,0.38
1811,48.07,0.0,100.0,0.0,0.0,100.0,0.0,0.0,72.97,6.64,5.99,0.52,0.41
1812,31.25,0.0,100.0,0.0,0.0,100.0,0.0,0.0,393.57,15.0,3.12,0.69,0.37
1813,73.77,0.06,94.0,6.0,0.0,94.0,0.0,0.0,37.42,1.28,10.7,0.31,0.45
1814,46.11,0.0,100.0,0.0,0.0,100.0,0.0,0.0,107.19,7.1,6.22,0.52,0.41
1815,50.53,0.0,100.0,0.0,0.0,100.0,0.0,0.0,90.04,11.96,5.63,0.49,0.41
1816,46.44,0.0,100.0,0.0,0.0,100.0,0.0,0.0,77.01,11.56,6.25,0.51,0.42
1817,31.25,0.0,100.0,0.0,0.0,100.0,0.0,0.0,304.21,16.0,3.96,0.69,0.37
1818,49.43,0.0,100.0,0.0,0.0,100.0,0.0,0.0,111.55,1.95,10.27,0.49,0.47
1819,44.69,0.0,100.0,0.0,0.0,100.0,0.0,0.0,101.03,7.26,5.87,0.54,0.53
1820,68.29,0.0,100.0,0.0,0.0,100.0,0.0,0.0,49.91,2.04,10.49,0.3,0.88
1821,46.69,0.0,100.0,0.0,0.0,100.0,0.0,0.0,166.16,14.11,4.09,0.51,0.69
1822,51.01,0.0,100.0,0.0,0.0,100.0,0.0,0.0,59.08,12.65,4.39,0.49,0.61
1823,47.27,0.0,100.0,0.0,0.0,100.0,0.0,0.0,77.8,13.12,5.46,0.53,0.52
1824,49.2,0.0,100.0,0.0,0.0,100.0,0.0,0.0,155.28,11.78,6.14,0.51,0.37
1825,53.0,0.0,100.0,0.0,0.0,100.0,0.0,0.0,85.7,2.29,10.78,0.49,0.56
1826,42.54,0.0,100.0,0.0,0.0,100.0,0.0,0.0,52.82,6.55,7.54,0.57,0.41
1827,31.52,0.0,100.0,0.0,0.0,100.0,0.0,0.0,281.63,15.93,2.95,0.68,0.34
1828,51.43,0.0,100.0,0.0,0.0,100.0,0.0,0.0,79.96,11.28,5.39,0.49,0.36
1829,55.23,0.0,100.0,0.0,0.0,100.0,0.0,0.0,107.76,10.97,6.23,0.45,0.36
1830,50.94,0.0,100.0,0.0,0.0,100.0,0.0,0.0,96.63,13.79,5.01,0.48,0.36
1831,31.55,0.0,100.0,0.0,0.0,100.0,0.0,0.0,308.01,14.97,4.97,0.69,0.35
1832,32.14,0.0,100.0,0.0,0.0,100.0,0.0,0.0,91.09,15.96,4.04,0.68,0.37
1833,48.66,0.0,100.0,0.0,0.0,100.0,0.0,0.0,128.69,6.35,7.0,0.5,0.75
1834,31.7,0.0,100.0,0.0,0.0,100.0,0.0,0.0,295.03,14.14,5.77,0.68,0.35
1835,33.4,0.0,100.0,0.0,0.0,100.0,0.0,0.0,231.0,14.76,5.26,0.67,0.39
1836,32.23,0.0,100.0,0.0,0.0,100.0,0.0,0.0,99.08,14.86,3.05,0.68,0.44
1837,31.99,0.0,100.0,0.0,0.0,100.0,0.0,0.0,189.53,3.98,10.46,0.68,0.37
1838,44.74,0.0,100.0,0.0,0.0,100.0,0.0,0.0,92.73,3.42,11.87,0.53,0.44
1839,31.84,0.0,100.0,0.0,0.0,100.0,0.0,0.0,304.61,16.0,2.8,0.68,0.43
1840,31.25,0.0,100.0,0.0,0.0,100.0,0.0,0.0,228.42,15.0,4.26,0.69,0.74
1841,51.17,0.0,100.0,0.0,0.0,100.0,0.0,0.0,84.53,5.85,7.71,0.47,0.48
1842,45.43,0.0,100.0,0.0,0.0,100.0,0.0,0.0,74.75,3.56,10.55,0.56,0.41
1843,52.03,0.0,100.0,0.0,0.0,100.0,0.0,0.0,89.52,3.26,11.78,0.48,0.42
1844,46.1,0.0,100.0,0.0,0.0,100.0,0.0,0.0,84.46,6.18,7.86,0.53,0.39
1845,50.91,0.0,100.0,0.0,0.0,100.0,0.0,0.0,96.36,6.27,6.96,0.52,0.42
1846,48.98,0.0,100.0,0.0,0.0,100.0,0.0,0.0,111.98,14.55,4.61,0.52,0.44
1847,40.09,0.07,93.0,7.0,0.0,93.0,0.0,0.0,71.19,6.19,7.56,0.53,0.37
1848,55.15,0.0,100.0,0.0,0.0,100.0,0.0,0.0,62.85,12.8,5.23,0.49,0.42
1849,33.54,0.0,100.0,0.0,0.0,100.0,0.0,0.0,166.02,7.11,7.43,0.66,0.39
1850,31.25,0.0,100.0,0.0,0.0,100.0,0.0,0.0,440.53,16.0,2.72,0.69,0.64
1851,47.84,0.0,100.0,0.0,0.0,100.0,0.0,0.0,109.08,6.18,8.25,0.53,0.49
1852,31.76,0.0,100.0,0.0,0.0,100.0,0.0,0.0,124.21,7.21,8.55,0.68,0.8
1853,31.25,0.0,100.0,0.0,0.0,100.0,0.0,0.0,240.3,8.0,5.96,0.69,0.39
1854,46.05,0.0,100.0,0.0,0.0,100.0,0.0,0.0,142.65,13.01,4.58,0.53,0.41
1855,51.99,0.0,100.0,0.0,0.0,100.0,0.0,0.0,123.6,6.46,6.93,0.49,0.43
1856,43.25,0.0,100.0,0.0,0.0,100.0,0.0,0.0,104.39,7.3,5.5,0.53,0.41
1857,50.01,0.0,100.0,0.0,0.0,100.0,0.0,0.0,55.2,11.76,6.74,0.49,0.41
1858,55.21,0.0,100.0,0.0,0.0,100.0,0.0,0.0,77.01,12.15,4.82,0.45,0.39
1859,44.27,0.0,100.0,0.0,0.0,100.0,0.0,0.0,124.23,13.15,5.59,0.53,0.42
1860,56.99,0.0,100.0,0.0,0.0,100.0,0.0,0.0,81.49,5.82,7.21,0.45,0.44
1861,52.08,0.0,100.0,0.0,0.0,100.0,0.0,0.0,58.71,11.34,5.55,0.49,0.43
1862,32.51,0.0,100.0,0.0,0.0,100.0,0.0,0.0,119.47,14.04,4.69,0.67,0.75
1863,48.95,0.0,100.0,0.0,0.0,100.0,0.0,0.0,108.83,13.95,4.55,0.52,0.55
1864,45.83,0.0,100.0,0.0,0.0,100.0,0.0,0.0,53.42,13.24,4.79,0.54,0.46
1865,41.29,0.07,93.0,7.0,0.0,93.0,0.0,0.0,69.02,5.94,7.36,0.47,0.43
1866,31.43,0.0,100.0,0.0,0.0,100.0,0.0,0.0,290.07,7.98,5.65,0.68,0.38
1867,31.25,0.0,100.0,0.0,0.0,100.0,0.0,0.0,285.77,16.0,4.45,0.69,0.37
1868,34.03,0.0,100.0,0.0,0.0,100.0,0.0,0.0,258.52,7.41,8.22,0.67,0.4
1869,46.92,0.0,100.0,0.0,0.0,100.0,0.0,0.0,101.87,1.99,10.56,0.51,0.43
1870,48.51,0.0,100.0,0.0,0.0,100.0,0.0,0.0,96.19,6.32,7.3,0.5,0.42
1871,41.39,0.0,100.0,0.0,0.0,100.0,0.0,0.0,136.64,6.57,7.35,0.57,0.4
1872,47.49,0.0,100.0,0.0,0.0,100.0,0.0,0.0,105.85,7.46,6.01,0.53,0.39
1873,50.8,0.0,100.0,0.0,0.0,100.0,0.0,0.0,63.64,6.5,5.99,0.52,0.4
1874,50.96,0.0,100.0,0.0,0.0,100.0,0.0,0.0,90.41,14.39,3.73,0.49,0.41
1875,31.25,0.0,100.0,0.0,0.0,100.0,0.0,0.0,261.68,14.5,4.8,0.69,0.39
1876,49.21,0.0,100.0,0.0,0.0,100.0,0.0,0.0,151.23,11.82,6.44,0.51,0.41
1877,53.2,0.0,100.0,0.0,0.0,100.0,0.0,0.0,145.26,6.28,7.03,0.51,0.4
1878,52.65,0.0,100.0,0.0,0.0,100.0,0.0,0.0,101.37,11.66,6.91,0.49,0.84
1879,50.61,0.0,100.0,0.0,0.0,100.0,0.0,0.0,42.06,11.55,6.44,0.5,0.63
1880,57.23,0.09,91.0,9.0,0.0,91.0,0.0,0.0,65.56,2.42,12.23,0.24,0.45
1881,35.66,0.09,91.0,9.0,0.0,91.0,0.0,0.0,113.75,6.05,7.55,0.5,0.39
1882,45.93,0.0,100.0,0.0,0.0,100.0,0.0,0.0,55.34,6.68,5.6,0.55,0.39
1883,74.72,0.0,100.0,0.0,0.0,100.0,0.0,0.0,55.19,2.02,10.36,0.24,0.41
1884,51.68,0.0,100.0,0.0,0.0,100.0,0.0,0.0,67.8,12.3,5.45,0.52,0.45
1885,32.14,0.0,100.0,0.0,0.0,100.0,0.0,0.0,303.11,7.96,5.56,0.68,0.37
1886,49.41,0.0,100.0,0.0,0.0,100.0,0.0,0.0,87.56,6.35,5.99,0.51,0.4
1887,32.36,0.0,100.0,0.0,0.0,100.0,0.0,0.0,332.43,3.72,10.67,0.67,0.36
1888,32.91,0.0,100.0,0.0,0.0,100.0,0.0,0.0,72.73,15.89,3.36,0.67,0.34
1889,52.37,0.0,100.0,0.0,0.0,100.0,0.0,0.0,112.65,13.62,4.2,0.47,0.35
1890,32.83,0.0,100.0,0.0,0.0,100.0,0.0,0.0,285.38,14.76,4.07,0.67,0.37
1891,47.92,0.0,100.0,0.0,0.0,100.0,0.0,0.0,79.92,6.46,7.67,0.52,0.36
1892,51.64,0.0,100.0,0.0,0.0,100.0,0.0,0.0,106.07,13.73,4.38,0.49,0.37
1893,45.19,0.0,100.0,0.0,0.0,100.0,0.0,0.0,179.46,2.01,9.44,0.5,0.36
1894,48.89,0.0,100.0,0.0,0.0,100.0,0.0,0.0,71.39,6.08,7.34,0.51,0.36
1895,32.19,0.0,100.0,0.0,0.0,100.0,0.0,0.0,308.91,7.2,6.44,0.68,0.4
1896,31.25,0.0,100.0,0.0,0.0,100.0,0.0,0.0,313.2,16.0,3.8,0.69,0.71
1897,49.02,0.0,100.0,0.0,0.0,100.0,0.0,0.0,67.9,12.78,5.57,0.5,0.95
1898,31.25,0.0,100.0,0.0,0.0,100.0,0.0,0.0,338.76,14.5,4.39,0.69,0.5
1899,44.67,0.0,100.0,0.0,0.0,100.0,0.0,0.0,157.81,12.56,5.96,0.52,0.44
1900,49.2,0.0,100.0,0.0,0.0,100.0,0.0,0.0,93.78,2.34,10.45,0.52,0.41
1901,31.44,0.0,100.0,0.0,0.0,100.0,0.0,0.0,387.96,14.16,4.33,0.68,0.35
1902,31.25,0.0,100.0,0.0,0.0,100.0,0.0,0.0,369.97,14.5,5.04,0.69,0.35
1903,43.04,0.0,100.0,0.0,0.0,100.0,0.0,0.0,93.33,13.44,4.59,0.55,0.37
1904,53.18,0.0,100.0,0.0,0.0,100.0,0.0,0.0,105.46,11.36,5.33,0.48,0.39
1905,54.03,0.0,100.0,0.0,0.0,100.0,0.0,0.0,92.6,3.26,9.54,0.48,0.39
1906,32.11,0.0,100.0,0.0,0.0,100.0,0.0,0.0,422.73,14.89,3.82,0.68,0.34
1907,51.89,0.0,100.0,0.0,0.0,100.0,0.0,0.0,124.69,12.38,6.0,0.52,0.4
1908,31.43,0.0,100.0,0.0,0.0,100.0,0.0,0.0,221.71,3.74,11.59,0.68,0.35
1909,31.25,0.0,100.0,0.0,0.0,100.0,0.0,0.0,362.36,15.0,3.76,0.69,0.35
1910,50.0,0.0,100.0,0.0,0.0,100.0,0.0,0.0,106.36,13.02,5.34,0.52,0.37
1911,32.24,0.0,100.0,0.0,0.0,100.0,0.0,0.0,318.98,14.39,4.73,0.68,0.36
1912,31.7,0.0,100.0,0.0,0.0,100.0,0.0,0.0,302.09,14.46,5.25,0.69,0.35
1913,42.34,0.0,100.0,0.0,0.0,100.0,0.0,0.0,224.44,2.0,9.58,0.53,0.35
1914,62.77,0.0,100.0,0.0,0.0,100.0,0.0,0.0,125.17,1.81,9.91,0.39,0.37
1915,52.11,0.0,100.0,0.0,0.0,100.0,0.0,0.0,77.89,6.01,7.12,0.48,0.47
1916,31.78,0.0,100.0,0.0,0.0,100.0,0.0,0.0,174.79,7.97,6.17,0.68,0.48
1917,31.25,0.0,100.0,0.0,0.0,100.0,0.0,0.0,143.9,8.0,6.48,0.69,0.35
1918,55.69,0.0,100.0,0.0,0.0,100.0,0.0,0.0,126.24,11.22,6.92,0.44,0.4
1919,53.97,0.0,100.0,0.0,0.0,100.0,0.0,0.0,61.57,6.92,7.15,0.47,0.37
1920,44.9,0.0,100.0,0.0,0.0,100.0,0.0,0.0,69.87,12.9,6.16,0.52,0.39
1921,31.25,0.0,100.0,0.0,0.0,100.0,0.0,0.0,298.44,15.0,3.7,0.69,0.33
1922,72.12,0.0,100.0,0.0,0.0,100.0,0.0,0.0,69.78,1.76,10.65,0.3,0.41
1923,54.86,0.0,100.0,0.0,0.0,100.0,0.0,0.0,100.02,11.63,6.85,0.47,0.37
1924,43.98,0.0,100.0,0.0,0.0,100.0,0.0,0.0,127.77,13.42,4.97,0.55,0.36
1925,43.97,0.0,100.0,0.0,0.0,100.0,0.0,0.0,95.5,13.27,4.22,0.55,0.37
1926,39.39,0.06,94.0,6.0,0.0,94.0,0.0,0.0,127.72,11.83,5.37,0.51,0.36
1927,45.55,0.0,100.0,0.0,0.0,100.0,0.0,0.0,124.65,12.99,4.57,0.53,0.4
1928,56.12,0.0,100.0,0.0,0.0,100.0,0.0,0.0,78.62,6.09,8.0,0.45,0.36
1929,47.8,0.0,100.0,0.0,0.0,100.0,0.0,0.0,55.46,13.15,5.03,0.52,0.37
1930,31.31,0.0,100.0,0.0,0.0,100.0,0.0,0.0,317.83,14.23,6.21,0.69,0.33
1931,52.56,0.0,100.0,0.0,0.0,100.0,0.0,0.0,81.04,5.95,7.32,0.47,0.38
1932,53.4,0.0,100.0,0.0,0.0,100.0,0.0,0.0,68.28,6.94,5.74,0.48,0.37
1933,31.72,0.0,100.0,0.0,0.0,100.0,0.0,0.0,339.31,14.95,3.46,0.68,0.37
1934,32.38,0.0,100.0,0.0,0.0,100.0,0.0,0.0,329.55,15.93,2.59,0.68,0.35
1935,51.08,0.0,100.0,0.0,0.0,100.0,0.0,0.0,84.74,11.48,5.3,0.46,0.37
1936,47.29,0.0,100.0,0.0,0.0,100.0,0.0,0.0,76.4,11.52,5.75,0.51,0.38
1937,31.25,0.0,100.0,0.0,0.0,100.0,0.0,0.0,256.76,15.0,4.11,0.69,0.35
1938,51.07,0.0,100.0,0.0,0.0,100.0,0.0,0.0,54.02,13.69,4.28,0.49,0.37
1939,31.77,0.0,100.0,0.0,0.0,100.0,0.0,0.0,174.58,15.85,2.75,0.68,0.37
1940,31.68,0.0,100.0,0.0,0.0,100.0,0.0,0.0,360.08,14.93,3.94,0.68,0.34
1941,48.92,0.0,100.0,0.0,0.0,100.0,0.0,0.0,141.7,13.83,4.33,0.5,0.38
1942,39.67,0.0,100.0,0.0,0.0,100.0,0.0,0.0,154.03,2.4,8.44,0.6,0.33
1943,31.98,0.0,100.0,0.0,0.0,100.0,0.0,0.0,373.55,14.95,3.32,0.68,0.34
1944,31.85,0.0,100.0,0.0,0.0,100.0,0.0,0.0,180.26,14.14,4.59,0.68,0.36
1945,72.51,0.0,100.0,0.0,0.0,100.0,0.0,0.0,75.57,1.56,10.83,0.26,0.42
1946,31.25,0.0,100.0,0.0,0.0,100.0,0.0,0.0,293.78,16.0,2.29,0.69,0.36
1947,52.93,0.0,100.0,0.0,0.0,100.0,0.0,0.0,95.75,5.98,7.92,0.48,0.41
1948,32.08,0.0,100.0,0.0,0.0,100.0,0.0,0.0,427.87,7.97,6.3,0.68,0.36
1949,45.96,0.0,100.0,0.0,0.0,100.0,0.0,0.0,86.13,14.48,3.55,0.53,0.37
1950,57.48,0.0,100.0,0.0,0.0,100.0,0.0,0.0,93.12,5.8,7.93,0.46,0.4
1951,48.53,0.0,100.0,0.0,0.0,100.0,0.0,0.0,95.15,1.88,12.83,0.52,0.39
1952,47.74,0.0,100.0,0.0,0.0,100.0,0.0,0.0,112.19,11.68,6.48,0.51,0.36
1953,33.82,0.1,90.0,10.0,0.0,90.0,0.0,0.0,144.03,3.34,10.04,0.48,0.37
1954,31.25,0.0,100.0,0.0,0.0,100.0,0.0,0.0,229.44,15.0,3.35,0.69,0.43
1955,31.25,0.0,100.0,0.0,0.0,100.0,0.0,0.0,223.46,7.5,5.33,0.69,0.7
1956,32.48,0.0,100.0,0.0,0.0,100.0,0.0,0.0,227.37,14.79,4.61,0.67,0.42
1957,31.25,0.0,100.0,0.0,0.0,100.0,0.0,0.0,261.37,16.0,3.4,0.69,0.34
1958,52.68,0.0,100.0,0.0,0.0,100.0,0.0,0.0,66.93,11.26,5.68,0.48,0.38
1959,32.81,0.0,100.0,0.0,0.0,100.0,0.0,0.0,342.23,7.96,5.49,0.68,0.34
1960,50.34,0.0,100.0,0.0,0.0,100.0,0.0,0.0,41.13,13.28,4.04,0.54,0.36
1961,51.52,0.0,100.0,0.0,0.0,100.0,0.0,0.0,133.37,3.62,9.5,0.47,0.38
1962,42.4,0.0,100.0,0.0,0.0,100.0,0.0,0.0,171.71,2.58,10.51,0.54,0.35
1963,45.24,0.0,100.0,0.0,0.0,100.0,0.0,0.0,48.48,7.48,5.67,0.57,0.35
1964,31.96,0.0,100.0,0.0,0.0,100.0,0.0,0.0,323.2,14.93,4.56,0.68,0.34
1965,50.42,0.0,100.0,0.0,0.0,100.0,0.0,0.0,92.58,12.24,5.56,0.53,0.34
1966,48.74,0.0,100.0,0.0,0.0,100.0,0.0,0.0,43.34,12.04,4.95,0.51,0.35
1967,46.89,0.0,100.0,0.0,0.0,100.0,0.0,0.0,80.1,11.96,6.65,0.53,0.38
1968,48.32,0.0,100.0,0.0,0.0,100.0,0.0,0.0,94.03,14.65,3.44,0.54,0.36
1969,32.3,0.0,100.0,0.0,0.0,100.0,0.0,0.0,192.24,15.91,3.78,0.68,0.33
1970,45.04,0.0,100.0,0.0,0.0,100.0,0.0,0.0,77.56,1.96,9.16,0.56,0.35
1971,31.41,0.0,100.0,0.0,0.0,100.0,0.0,0.0,226.41,14.97,4.52,0.68,0.34
1972,51.16,0.0,100.0,0.0,0.0,100.0,0.0,0.0,90.97,6.34,7.88,0.49,0.51
1973,53.08,0.15,85.0,15.0,0.0,85.0,0.0,0.0,72.88,2.6,11.44,0.2,0.61
1974,32.36,0.0,100.0,0.0,0.0,100.0,0.0,0.0,154.36,15.89,4.01,0.68,0.39
1975,50.37,0.0,100.0,0.0,0.0,100.0,0.0,0.0,117.96,12.52,4.46,0.48,0.42
1976,32.18,0.0,100.0,0.0,0.0,100.0,0.0,0.0,320.14,14.85,4.91,0.68,0.35
1977,31.25,0.0,100.0,0.0,0.0,100.0,0.0,0.0,192.07,15.0,3.57,0.69,0.33
1978,50.62,0.0,100.0,0.0,0.0,100.0,0.0,0.0,104.65,6.2,6.93,0.49,0.36
1979,49.22,0.0,100.0,0.0,0.0,100.0,0.0,0.0,94.21,13.52,4.23,0.47,0.4
1980,47.74,0.0,100.0,0.0,0.0,100.0,0.0,0.0,79.2,13.08,4.84,0.53,0.37
1981,52.69,0.0,100.0,0.0,0.0,100.0,0.0,0.0,99.97,6.25,7.29,0.49,0.36
1982,52.37,0.0,100.0,0.0,0.0,100.0,0.0,0.0,120.58,11.5,6.4,0.48,0.38
1983,32.1,0.0,100.0,0.0,0.0,100.0,0.0,0.0,336.93,4.0,10.69,0.68,0.34
1984,51.45,0.0,100.0,0.0,0.0,100.0,0.0,0.0,76.18,12.74,5.35,0.5,0.4
1985,33.34,0.0,100.0,0.0,0.0,100.0,0.0,0.0,367.02,14.29,5.0,0.67,0.34
1986,31.68,0.0,100.0,0.0,0.0,100.0,0.0,0.0,258.67,14.95,3.71,0.68,0.35
1987,47.3,0.0,100.0,0.0,0.0,100.0,0.0,0.0,83.57,12.91,5.85,0.5,0.36
1988,50.58,0.0,100.0,0.0,0.0,100.0,0.0,0.0,113.04,11.58,6.79,0.48,0.37
1989,31.39,0.0,100.0,0.0,0.0,100.0,0.0,0.0,266.83,14.95,3.82,0.68,0.37
1990,45.06,0.0,100.0,0.0,0.0,100.0,0.0,0.0,115.53,12.41,5.43,0.54,0.38
1991,44.87,0.0,100.0,0.0,0.0,100.0,0.0,0.0,84.13,2.1,10.12,0.55,0.36
1992,47.44,0.0,100.0,0.0,0.0,100.0,0.0,0.0,58.2,13.21,5.22,0.54,0.39
1993,31.76,0.0,100.0,0.0,0.0,100.0,0.0,0.0,281.51,7.45,6.43,0.68,0.4
1994,52.28,0.0,100.0,0.0,0.0,100.0,0.0,0.0,105.28,6.36,7.94,0.49,0.46
1995,32.15,0.0,100.0,0.0,0.0,100.0,0.0,0.0,255.09,7.22,5.93,0.68,0.37
1996,77.27,0.0,100.0,0.0,0.0,100.0,0.0,0.0,61.57,2.33,11.14,0.21,0.46
1997,50.78,0.11,89.0,11.0,0.0,89.0,0.0,0.0,150.99,1.76,8.28,0.55,0.36
1998,32.47,0.0,100.0,0.0,0.0,100.0,0.0,0.0,304.17,14.84,3.95,0.68,0.34
1999,48.29,0.0,100.0,0.0,0.0,100.0,0.0,0.0,73.7,12.62,4.92,0.49,0.37
2000,31.25,0.0,100.0,0.0,0.0,100.0,0.0,0.0,286.9,15.0,4.36,0.69,0.31
