1,54.61,0.0,100.0,0.0,0.0,100.0,0.0,0.0,66.0,7.01,5.88,0.44,0.42
2,78.82,0.03,97.0,3.0,0.0,97.0,0.0,0.0,69.81,2.32,8.57,0.22,0.38
3,29.17,0.0,100.0,0.0,0.0,100.0,0.0,0.0,269.05,16.0,2.77,0.71,0.35
4,70.48,0.0,100.0,0.0,0.0,100.0,0.0,0.0,49.73,1.66,8.14,0.28,0.39
5,47.14,0.0,100.0,0.0,0.0,100.0,0.0,0.0,83.87,13.73,3.27,0.53,0.36
6,59.14,0.0,100.0,0.0,0.0,100.0,0.0,0.0,39.41,12.13,4.12,0.42,0.39
7,53.53,0.0,100.0,0.0,0.0,100.0,0.0,0.0,58.37,10.64,5.47,0.44,0.39
8,35.63,0.0,100.0,0.0,0.0,100.0,0.0,0.0,132.31,14.2,3.98,0.64,0.37
9,46.37,0.09,91.0,9.0,0.0,91.0,0.0,0.0,53.44,5.39,6.89,0.41,0.37
10,66.4,0.0,100.0,0.0,0.0,100.0,0.0,0.0,85.21,5.81,6.88,0.32,0.37
11,68.21,0.0,100.0,0.0,0.0,100.0,0.0,0.0,38.69,6.29,5.73,0.34,0.41
12,35.34,0.0,100.0,0.0,0.0,100.0,0.0,0.0,200.78,15.51,2.2,0.65,0.38
13,44.63,0.0,100.0,0.0,0.0,100.0,0.0,0.0,77.8,13.9,4.04,0.55,0.4
14,63.42,0.0,100.0,0.0,0.0,100.0,0.0,0.0,63.57,13.35,3.98,0.39,0.38
15,55.19,0.05,95.0,5.0,0.0,95.0,0.0,0.0,79.09,9.93,5.51,0.38,0.36
16,29.17,0.0,100.0,0.0,0.0,100.0,0.0,0.0,192.9,16.0,2.17,0.71,0.34
17,35.77,0.0,100.0,0.0,0.0,100.0,0.0,0.0,107.15,14.61,3.46,0.65,0.36
18,62.58,0.0,100.0,0.0,0.0,100.0,0.0,0.0,54.83,10.88,6.42,0.41,0.44
19,48.44,0.0,100.0,0.0,0.0,100.0,0.0,0.0,31.48,6.88,6.05,0.52,0.37
20,57.79,0.0,100.0,0.0,0.0,100.0,0.0,0.0,47.84,11.11,5.43,0.39,0.41
21,43.87,0.0,100.0,0.0,0.0,100.0,0.0,0.0,92.93,7.45,5.49,0.57,0.38
22,46.6,0.06,94.0,6.0,0.0,94.0,0.0,0.0,62.89,10.4,4.82,0.43,0.38
23,56.61,0.0,100.0,0.0,0.0,100.0,0.0,0.0,43.92,6.93,5.8,0.44,0.41
24,66.53,0.0,100.0,0.0,0.0,100.0,0.0,0.0,66.69,11.81,4.87,0.3,0.38
25,43.15,0.0,100.0,0.0,0.0,100.0,0.0,0.0,90.22,14.48,3.85,0.55,0.35
26,62.43,0.0,100.0,0.0,0.0,100.0,0.0,0.0,41.08,10.44,6.47,0.4,0.39
27,59.53,0.0,100.0,0.0,0.0,100.0,0.0,0.0,66.6,13.89,3.92,0.41,0.38
28,71.82,0.0,100.0,0.0,0.0,100.0,0.0,0.0,57.55,5.68,6.91,0.3,0.39
29,44.16,0.0,100.0,0.0,0.0,100.0,0.0,0.0,109.74,13.87,4.15,0.56,0.41
30,47.4,0.05,95.0,5.0,0.0,95.0,0.0,0.0,67.27,10.72,6.46,0.44,0.37
31,68.06,0.0,100.0,0.0,0.0,100.0,0.0,0.0,31.77,3.54,8.7,0.35,0.37
32,75.56,0.0,100.0,0.0,0.0,100.0,0.0,0.0,52.53,1.32,8.46,0.25,0.36
33,67.94,0.0,100.0,0.0,0.0,100.0,0.0,0.0,40.87,2.52,8.31,0.34,0.34
34,66.46,0.02,98.0,2.0,0.0,98.0,0.0,0.0,44.49,5.06,7.12,0.33,0.34
35,79.99,0.0,100.0,0.0,0.0,100.0,0.0,0.0,41.41,2.69,8.83,0.19,0.38
36,58.5,0.0,100.0,0.0,0.0,100.0,0.0,0.0,48.29,6.95,5.93,0.41,0.33
37,38.79,0.0,100.0,0.0,0.0,100.0,0.0,0.0,52.38,13.38,4.27,0.59,0.32
38,63.91,0.0,100.0,0.0,0.0,100.0,0.0,0.0,39.57,10.81,6.02,0.36,0.34
39,42.27,0.0,100.0,0.0,0.0,100.0,0.0,0.0,78.55,13.79,3.85,0.57,0.31
40,35.33,0.0,100.0,0.0,0.0,100.0,0.0,0.0,288.67,16.0,2.78,0.65,0.31
41,61.62,0.0,100.0,0.0,0.0,100.0,0.0,0.0,58.08,11.51,4.68,0.41,0.36
42,45.9,0.11,89.0,11.0,0.0,89.0,0.0,0.0,56.89,5.01,7.57,0.37,0.33
43,35.35,0.0,100.0,0.0,0.0,100.0,0.0,0.0,244.56,15.54,2.93,0.65,0.33
44,64.56,0.0,100.0,0.0,0.0,100.0,0.0,0.0,57.56,13.11,4.66,0.37,0.33
45,45.39,0.0,100.0,0.0,0.0,100.0,0.0,0.0,67.26,13.61,3.94,0.55,0.35
46,59.15,0.0,100.0,0.0,0.0,100.0,0.0,0.0,62.58,5.82,6.32,0.41,0.34
47,53.44,0.07,93.0,7.0,0.0,93.0,0.0,0.0,45.87,5.16,6.95,0.35,0.34
48,57.59,0.0,100.0,0.0,0.0,100.0,0.0,0.0,63.59,10.84,5.6,0.42,0.34
49,41.47,0.0,100.0,0.0,0.0,100.0,0.0,0.0,112.82,13.95,3.73,0.58,0.33
50,55.9,0.0,100.0,0.0,0.0,100.0,0.0,0.0,58.69,10.73,6.19,0.42,0.37
51,34.77,0.0,100.0,0.0,0.0,100.0,0.0,0.0,92.48,7.42,6.22,0.65,0.38
52,58.56,0.0,100.0,0.0,0.0,100.0,0.0,0.0,49.59,13.83,3.43,0.41,0.37
53,65.26,0.0,100.0,0.0,0.0,100.0,0.0,0.0,70.88,10.86,5.77,0.32,0.41
54,65.4,0.0,100.0,0.0,0.0,100.0,0.0,0.0,69.3,10.74,5.31,0.34,0.39
55,42.98,0.0,100.0,0.0,0.0,100.0,0.0,0.0,93.07,7.01,7.29,0.57,0.43
56,62.71,0.0,100.0,0.0,0.0,100.0,0.0,0.0,32.4,11.24,4.94,0.4,0.49
57,29.17,0.0,100.0,0.0,0.0,100.0,0.0,0.0,314.24,15.33,2.82,0.71,0.43
58,61.99,0.0,100.0,0.0,0.0,100.0,0.0,0.0,77.26,9.81,6.65,0.36,0.51
59,36.27,0.0,100.0,0.0,0.0,100.0,0.0,0.0,208.2,14.5,3.67,0.64,0.49
60,71.55,0.07,93.0,7.0,0.0,93.0,0.0,0.0,78.62,2.63,9.04,0.28,0.65
61,61.27,0.0,100.0,0.0,0.0,100.0,0.0,0.0,46.85,6.76,6.58,0.4,0.5
62,68.31,0.0,100.0,0.0,0.0,100.0,0.0,0.0,48.55,9.8,6.94,0.36,0.61
63,40.57,0.0,100.0,0.0,0.0,100.0,0.0,0.0,117.01,14.87,3.03,0.57,0.74
64,62.56,0.0,100.0,0.0,0.0,100.0,0.0,0.0,33.89,10.09,6.69,0.36,0.76
65,59.28,0.0,100.0,0.0,0.0,100.0,0.0,0.0,44.87,12.09,4.52,0.42,0.84
66,68.16,0.0,100.0,0.0,0.0,100.0,0.0,0.0,59.1,2.04,8.91,0.29,1.63
67,70.82,0.0,100.0,0.0,0.0,100.0,0.0,0.0,60.47,8.97,6.24,0.3,0.56
68,63.64,0.0,100.0,0.0,0.0,100.0,0.0,0.0,52.32,11.18,5.76,0.38,0.49
69,66.8,0.0,100.0,0.0,0.0,100.0,0.0,0.0,44.97,9.42,5.63,0.36,0.52
70,57.55,0.0,100.0,0.0,0.0,100.0,0.0,0.0,48.98,13.54,4.19,0.43,0.63
71,44.3,0.0,100.0,0.0,0.0,100.0,0.0,0.0,85.43,14.72,3.6,0.56,0.49
72,57.28,0.0,100.0,0.0,0.0,100.0,0.0,0.0,48.68,10.37,5.45,0.41,0.44
73,68.42,0.0,100.0,0.0,0.0,100.0,0.0,0.0,35.71,2.13,8.98,0.3,0.45
74,68.48,0.0,100.0,0.0,0.0,100.0,0.0,0.0,48.77,10.86,5.46,0.35,0.42
75,55.16,0.0,100.0,0.0,0.0,100.0,0.0,0.0,48.5,11.89,4.1,0.45,0.43
76,29.17,0.0,100.0,0.0,0.0,100.0,0.0,0.0,215.53,16.0,2.49,0.71,0.42
77,52.62,0.07,93.0,7.0,0.0,93.0,0.0,0.0,39.62,9.95,5.28,0.38,0.42
78,45.02,0.0,100.0,0.0,0.0,100.0,0.0,0.0,57.0,15.39,3.32,0.55,0.43
79,45.57,0.0,100.0,0.0,0.0,100.0,0.0,0.0,42.03,13.18,5.22,0.55,0.4
80,53.03,0.0,100.0,0.0,0.0,100.0,0.0,0.0,42.11,13.95,3.31,0.45,0.44
81,68.42,0.0,100.0,0.0,0.0,100.0,0.0,0.0,50.58,1.76,8.21,0.35,0.46
82,57.51,0.0,100.0,0.0,0.0,100.0,0.0,0.0,31.44,12.18,3.77,0.43,0.43
83,54.57,0.0,100.0,0.0,0.0,100.0,0.0,0.0,68.28,13.24,4.45,0.42,0.48
84,53.42,0.03,97.0,3.0,0.0,97.0,0.0,0.0,54.88,10.15,5.14,0.41,0.49
85,59.37,0.0,100.0,0.0,0.0,100.0,0.0,0.0,47.35,10.33,5.58,0.41,0.52
86,61.94,0.0,100.0,0.0,0.0,100.0,0.0,0.0,55.91,6.89,6.51,0.37,0.5
87,51.53,0.07,93.0,7.0,0.0,93.0,0.0,0.0,56.71,10.4,5.89,0.4,0.46
88,75.44,0.0,100.0,0.0,0.0,100.0,0.0,0.0,38.1,1.57,9.42,0.21,0.44
89,74.93,0.0,100.0,0.0,0.0,100.0,0.0,0.0,23.7,2.29,8.14,0.29,0.46
90,63.41,0.0,100.0,0.0,0.0,100.0,0.0,0.0,47.11,10.03,6.44,0.39,0.47
91,54.76,0.0,100.0,0.0,0.0,100.0,0.0,0.0,65.78,5.87,7.13,0.46,0.45
92,44.6,0.0,100.0,0.0,0.0,100.0,0.0,0.0,96.01,7.44,4.93,0.55,0.41
93,58.86,0.0,100.0,0.0,0.0,100.0,0.0,0.0,71.88,13.54,3.69,0.42,0.4
94,61.69,0.0,100.0,0.0,0.0,100.0,0.0,0.0,41.31,5.59,6.93,0.38,0.49
95,59.66,0.0,100.0,0.0,0.0,100.0,0.0,0.0,46.96,5.43,6.81,0.38,0.42
96,59.39,0.0,100.0,0.0,0.0,100.0,0.0,0.0,61.57,10.47,5.97,0.38,0.42
97,68.73,0.0,100.0,0.0,0.0,100.0,0.0,0.0,62.28,5.08,9.11,0.31,0.42
98,61.74,0.0,100.0,0.0,0.0,100.0,0.0,0.0,46.05,12.04,3.64,0.4,0.77
99,54.01,0.0,100.0,0.0,0.0,100.0,0.0,0.0,63.53,11.9,5.21,0.43,0.83
100,54.32,0.0,100.0,0.0,0.0,100.0,0.0,0.0,66.86,13.88,3.67,0.45,0.49
101,71.26,0.0,100.0,0.0,0.0,100.0,0.0,0.0,31.56,2.54,8.56,0.27,0.39
102,37.96,0.12,88.0,12.0,0.0,88.0,0.0,0.0,57.81,5.5,6.52,0.44,0.36
103,65.21,0.0,100.0,0.0,0.0,100.0,0.0,0.0,33.59,6.5,5.77,0.38,0.39
104,68.03,0.0,100.0,0.0,0.0,100.0,0.0,0.0,47.34,10.72,5.53,0.33,0.37
105,39.87,0.0,100.0,0.0,0.0,100.0,0.0,0.0,52.49,14.97,3.51,0.58,0.32
106,65.47,0.0,100.0,0.0,0.0,100.0,0.0,0.0,44.32,9.76,5.46,0.34,0.34
107,58.33,0.0,100.0,0.0,0.0,100.0,0.0,0.0,50.82,11.46,4.87,0.42,0.32
108,53.63,0.0,100.0,0.0,0.0,100.0,0.0,0.0,55.76,12.38,4.76,0.47,0.34
109,45.52,0.0,100.0,0.0,0.0,100.0,0.0,0.0,65.35,6.97,6.77,0.54,0.41
110,53.89,0.0,100.0,0.0,0.0,100.0,0.0,0.0,40.3,11.16,5.85,0.43,0.42
111,55.95,0.0,100.0,0.0,0.0,100.0,0.0,0.0,66.23,13.92,3.56,0.42,0.42
112,44.71,0.0,100.0,0.0,0.0,100.0,0.0,0.0,58.12,13.21,4.5,0.55,0.4
113,55.0,0.0,100.0,0.0,0.0,100.0,0.0,0.0,25.3,7.22,5.6,0.46,0.38
114,69.09,0.0,100.0,0.0,0.0,100.0,0.0,0.0,59.9,1.49,7.49,0.22,0.39
115,34.83,0.0,100.0,0.0,0.0,100.0,0.0,0.0,253.51,15.55,2.48,0.65,0.37
116,59.03,0.0,100.0,0.0,0.0,100.0,0.0,0.0,50.99,13.4,4.39,0.4,0.41
117,63.81,0.0,100.0,0.0,0.0,100.0,0.0,0.0,53.23,3.05,9.06,0.38,0.41
118,70.57,0.0,100.0,0.0,0.0,100.0,0.0,0.0,41.39,1.41,8.89,0.31,0.4
119,46.56,0.0,100.0,0.0,0.0,100.0,0.0,0.0,52.82,13.5,3.83,0.54,0.37
120,46.3,0.0,100.0,0.0,0.0,100.0,0.0,0.0,107.59,13.89,3.52,0.55,0.37
121,36.38,0.0,100.0,0.0,0.0,100.0,0.0,0.0,87.92,14.51,4.11,0.64,0.39
122,45.59,0.0,100.0,0.0,0.0,100.0,0.0,0.0,116.22,13.68,3.82,0.52,0.37
123,46.38,0.1,90.0,10.0,0.0,90.0,0.0,0.0,67.57,11.1,4.88,0.38,0.36
124,63.48,0.0,100.0,0.0,0.0,100.0,0.0,0.0,45.68,6.53,6.26,0.38,0.38
125,63.14,0.0,100.0,0.0,0.0,100.0,0.0,0.0,38.79,10.91,4.93,0.37,0.41
126,72.65,0.0,100.0,0.0,0.0,100.0,0.0,0.0,74.32,11.93,4.15,0.31,0.43
127,35.4,0.0,100.0,0.0,0.0,100.0,0.0,0.0,65.54,7.75,5.74,0.65,0.36
128,55.97,0.08,92.0,8.0,0.0,92.0,0.0,0.0,42.84,5.1,7.07,0.34,0.38
129,35.54,0.0,100.0,0.0,0.0,100.0,0.0,0.0,204.51,15.24,3.05,0.65,0.44
130,44.99,0.0,100.0,0.0,0.0,100.0,0.0,0.0,83.6,12.94,5.31,0.55,0.39
131,64.88,0.0,100.0,0.0,0.0,100.0,0.0,0.0,14.78,5.77,7.34,0.32,0.39
132,40.88,0.0,100.0,0.0,0.0,100.0,0.0,0.0,106.58,13.42,4.2,0.59,0.4
133,60.58,0.0,100.0,0.0,0.0,100.0,0.0,0.0,35.59,5.69,7.72,0.39,0.4
134,42.55,0.0,100.0,0.0,0.0,100.0,0.0,0.0,47.31,14.9,2.65,0.57,0.36
135,45.21,0.0,100.0,0.0,0.0,100.0,0.0,0.0,53.48,13.55,4.47,0.55,0.38
136,61.26,0.0,100.0,0.0,0.0,100.0,0.0,0.0,60.07,11.22,4.59,0.4,0.4
137,77.69,0.0,100.0,0.0,0.0,100.0,0.0,0.0,50.43,2.88,9.74,0.25,0.41
138,44.29,0.0,100.0,0.0,0.0,100.0,0.0,0.0,54.78,13.3,3.94,0.57,0.48
139,42.49,0.0,100.0,0.0,0.0,100.0,0.0,0.0,88.29,14.44,4.34,0.57,0.44
140,42.99,0.0,100.0,0.0,0.0,100.0,0.0,0.0,42.55,12.93,5.4,0.56,0.49
141,42.8,0.0,100.0,0.0,0.0,100.0,0.0,0.0,36.67,13.69,4.25,0.57,0.41
142,36.28,0.0,100.0,0.0,0.0,100.0,0.0,0.0,142.88,15.45,3.52,0.64,0.68
143,43.94,0.0,100.0,0.0,0.0,100.0,0.0,0.0,59.18,7.24,5.98,0.56,0.6
144,45.59,0.0,100.0,0.0,0.0,100.0,0.0,0.0,62.98,6.75,6.98,0.56,0.44
145,45.03,0.0,100.0,0.0,0.0,100.0,0.0,0.0,70.35,7.3,5.89,0.55,0.42
146,36.06,0.0,100.0,0.0,0.0,100.0,0.0,0.0,225.93,14.83,3.86,0.65,0.45
147,63.16,0.0,100.0,0.0,0.0,100.0,0.0,0.0,68.49,2.95,8.52,0.34,0.48
148,76.64,0.0,100.0,0.0,0.0,100.0,0.0,0.0,35.39,3.06,9.39,0.25,0.45
149,65.07,0.0,100.0,0.0,0.0,100.0,0.0,0.0,43.38,2.14,8.8,0.35,0.8
150,29.17,0.0,100.0,0.0,0.0,100.0,0.0,0.0,464.4,16.0,2.31,0.71,0.58
151,67.67,0.07,93.0,7.0,0.0,93.0,0.0,0.0,51.76,1.67,9.18,0.34,0.51
152,42.85,0.0,100.0,0.0,0.0,100.0,0.0,0.0,66.72,14.66,4.29,0.57,0.51
153,50.21,0.08,92.0,8.0,0.0,92.0,0.0,0.0,43.0,9.85,6.75,0.37,0.42
154,70.15,0.0,100.0,0.0,0.0,100.0,0.0,0.0,46.98,10.77,4.97,0.31,0.54
155,42.43,0.0,100.0,0.0,0.0,100.0,0.0,0.0,56.92,14.77,2.64,0.57,0.45
156,35.95,0.0,100.0,0.0,0.0,100.0,0.0,0.0,145.6,14.19,4.33,0.64,0.43
157,35.35,0.0,100.0,0.0,0.0,100.0,0.0,0.0,153.25,15.27,3.63,0.65,0.45
158,67.47,0.0,100.0,0.0,0.0,100.0,0.0,0.0,40.17,10.57,5.42,0.32,0.51
159,60.72,0.0,100.0,0.0,0.0,100.0,0.0,0.0,26.03,11.02,5.4,0.38,0.51
160,47.7,0.0,100.0,0.0,0.0,100.0,0.0,0.0,96.43,6.88,7.24,0.53,0.42
161,69.25,0.0,100.0,0.0,0.0,100.0,0.0,0.0,47.85,11.83,5.53,0.29,0.64
162,62.39,0.0,100.0,0.0,0.0,100.0,0.0,0.0,43.87,10.94,5.83,0.38,0.87
163,41.96,0.08,92.0,8.0,0.0,92.0,0.0,0.0,43.76,12.32,4.34,0.48,0.61
164,72.5,0.0,100.0,0.0,0.0,100.0,0.0,0.0,55.7,9.97,5.79,0.31,0.89
165,50.61,0.05,95.0,5.0,0.0,95.0,0.0,0.0,50.63,10.47,5.13,0.42,0.65
166,65.13,0.0,100.0,0.0,0.0,100.0,0.0,0.0,59.37,10.66,5.47,0.35,0.49
167,58.0,0.0,100.0,0.0,0.0,100.0,0.0,0.0,64.22,13.29,4.74,0.41,0.36
168,51.57,0.0,100.0,0.0,0.0,100.0,0.0,0.0,66.14,12.26,4.59,0.46,0.37
169,29.17,0.0,100.0,0.0,0.0,100.0,0.0,0.0,425.48,15.33,2.65,0.71,0.42
170,63.01,0.0,100.0,0.0,0.0,100.0,0.0,0.0,44.75,6.48,6.05,0.38,0.42
171,29.17,0.0,100.0,0.0,0.0,100.0,0.0,0.0,235.14,16.0,2.81,0.71,0.39
172,61.65,0.0,100.0,0.0,0.0,100.0,0.0,0.0,42.42,3.03,9.86,0.38,0.46
173,35.62,0.0,100.0,0.0,0.0,100.0,0.0,0.0,139.59,14.54,3.55,0.64,0.4
174,66.78,0.0,100.0,0.0,0.0,100.0,0.0,0.0,39.87,9.76,6.51,0.36,0.43
175,70.69,0.0,100.0,0.0,0.0,100.0,0.0,0.0,57.32,11.37,4.58,0.32,0.46
176,61.17,0.0,100.0,0.0,0.0,100.0,0.0,0.0,44.48,11.24,4.18,0.41,0.49
177,35.33,0.0,100.0,0.0,0.0,100.0,0.0,0.0,271.0,14.24,4.34,0.65,0.43
178,62.67,0.0,100.0,0.0,0.0,100.0,0.0,0.0,47.76,12.85,4.09,0.4,0.43
179,60.19,0.0,100.0,0.0,0.0,100.0,0.0,0.0,41.66,6.57,5.85,0.38,0.42
180,62.27,0.0,100.0,0.0,0.0,100.0,0.0,0.0,34.49,14.1,3.27,0.37,0.62
181,46.91,0.0,100.0,0.0,0.0,100.0,0.0,0.0,73.67,13.42,4.07,0.55,0.74
182,36.03,0.0,100.0,0.0,0.0,100.0,0.0,0.0,262.59,7.74,6.5,0.64,0.45
183,64.5,0.0,100.0,0.0,0.0,100.0,0.0,0.0,46.16,11.61,4.94,0.36,0.49
184,49.79,0.0,100.0,0.0,0.0,100.0,0.0,0.0,37.96,14.07,3.97,0.49,0.5
185,53.23,0.05,95.0,5.0,0.0,95.0,0.0,0.0,41.22,10.72,5.78,0.42,0.44
186,44.77,0.0,100.0,0.0,0.0,100.0,0.0,0.0,53.52,7.32,6.23,0.54,0.46
187,34.35,0.11,89.0,11.0,0.0,89.0,0.0,0.0,65.27,12.13,4.04,0.46,0.44
188,40.57,0.0,100.0,0.0,0.0,100.0,0.0,0.0,36.49,7.44,5.5,0.57,0.43
189,58.6,0.0,100.0,0.0,0.0,100.0,0.0,0.0,67.54,5.93,7.42,0.42,0.45
190,46.6,0.0,100.0,0.0,0.0,100.0,0.0,0.0,128.77,13.1,4.3,0.5,0.46
191,69.26,0.0,100.0,0.0,0.0,100.0,0.0,0.0,34.03,3.1,9.48,0.26,0.61
192,49.71,0.0,100.0,0.0,0.0,100.0,0.0,0.0,33.88,12.75,4.71,0.52,0.51
193,44.92,0.0,100.0,0.0,0.0,100.0,0.0,0.0,73.33,13.07,5.3,0.56,0.49
194,57.43,0.0,100.0,0.0,0.0,100.0,0.0,0.0,54.11,2.05,9.0,0.42,0.67
195,70.96,0.0,100.0,0.0,0.0,100.0,0.0,0.0,49.28,2.84,9.38,0.28,0.4
196,66.75,0.0,100.0,0.0,0.0,100.0,0.0,0.0,54.88,3.56,9.19,0.34,0.4
197,35.4,0.0,100.0,0.0,0.0,100.0,0.0,0.0,260.6,14.85,3.21,0.65,0.35
198,68.0,0.0,100.0,0.0,0.0,100.0,0.0,0.0,42.01,3.48,9.24,0.29,0.41
199,67.03,0.0,100.0,0.0,0.0,100.0,0.0,0.0,47.39,5.04,6.41,0.31,0.38
200,53.1,0.0,100.0,0.0,0.0,100.0,0.0,0.0,54.77,12.44,4.76,0.47,0.46
201,59.22,0.0,100.0,0.0,0.0,100.0,0.0,0.0,36.21,6.74,6.23,0.4,0.46
202,43.69,0.0,100.0,0.0,0.0,100.0,0.0,0.0,77.22,13.68,3.79,0.57,0.4
203,72.43,0.0,100.0,0.0,0.0,100.0,0.0,0.0,57.88,2.44,7.35,0.27,0.44
204,49.92,0.0,100.0,0.0,0.0,100.0,0.0,0.0,52.61,13.57,3.67,0.51,0.38
205,64.14,0.0,100.0,0.0,0.0,100.0,0.0,0.0,63.99,5.68,7.68,0.38,0.44
206,61.32,0.0,100.0,0.0,0.0,100.0,0.0,0.0,40.17,5.79,7.61,0.38,0.4
207,42.47,0.0,100.0,0.0,0.0,100.0,0.0,0.0,81.66,12.98,5.48,0.57,0.41
208,64.72,0.0,100.0,0.0,0.0,100.0,0.0,0.0,44.72,11.18,5.83,0.36,0.37
209,58.5,0.0,100.0,0.0,0.0,100.0,0.0,0.0,52.34,10.54,5.22,0.4,0.39
210,34.48,0.0,100.0,0.0,0.0,100.0,0.0,0.0,157.67,15.55,3.15,0.65,0.38
211,62.85,0.0,100.0,0.0,0.0,100.0,0.0,0.0,65.93,5.6,7.07,0.39,0.38
212,46.44,0.0,100.0,0.0,0.0,100.0,0.0,0.0,48.92,13.54,4.17,0.52,0.37
213,58.33,0.0,100.0,0.0,0.0,100.0,0.0,0.0,54.42,14.05,3.73,0.41,0.37
214,36.13,0.0,100.0,0.0,0.0,100.0,0.0,0.0,172.68,14.21,4.44,0.64,0.41
215,56.89,0.0,100.0,0.0,0.0,100.0,0.0,0.0,26.01,11.06,5.57,0.41,0.37
216,44.36,0.0,100.0,0.0,0.0,100.0,0.0,0.0,54.44,7.42,6.1,0.58,0.44
217,69.58,0.0,100.0,0.0,0.0,100.0,0.0,0.0,65.3,2.76,8.99,0.27,0.39
218,56.34,0.0,100.0,0.0,0.0,100.0,0.0,0.0,64.22,5.5,7.37,0.43,0.36
219,35.85,0.0,100.0,0.0,0.0,100.0,0.0,0.0,240.96,14.19,4.88,0.64,0.33
220,36.36,0.0,100.0,0.0,0.0,100.0,0.0,0.0,105.32,14.79,3.07,0.64,0.32
221,67.91,0.0,100.0,0.0,0.0,100.0,0.0,0.0,46.85,3.05,8.74,0.32,0.37
222,43.45,0.0,100.0,0.0,0.0,100.0,0.0,0.0,51.24,13.27,4.63,0.56,0.38
223,63.37,0.0,100.0,0.0,0.0,100.0,0.0,0.0,39.06,13.05,4.92,0.36,0.34
224,64.11,0.0,100.0,0.0,0.0,100.0,0.0,0.0,31.81,6.01,6.64,0.37,0.34
225,59.62,0.0,100.0,0.0,0.0,100.0,0.0,0.0,59.63,11.09,5.03,0.4,0.34
226,49.77,0.0,100.0,0.0,0.0,100.0,0.0,0.0,100.69,12.31,4.51,0.5,0.37
227,51.75,0.0,100.0,0.0,0.0,100.0,0.0,0.0,45.93,12.36,5.94,0.49,0.38
228,47.97,0.0,100.0,0.0,0.0,100.0,0.0,0.0,87.72,6.55,6.63,0.51,0.38
229,44.33,0.0,100.0,0.0,0.0,100.0,0.0,0.0,58.47,6.63,6.97,0.55,0.37
230,40.58,0.0,100.0,0.0,0.0,100.0,0.0,0.0,48.33,14.74,3.59,0.59,0.44
231,44.61,0.0,100.0,0.0,0.0,100.0,0.0,0.0,96.72,7.25,5.75,0.53,0.39
232,35.16,0.0,100.0,0.0,0.0,100.0,0.0,0.0,164.17,15.5,2.66,0.65,0.38
233,67.89,0.0,100.0,0.0,0.0,100.0,0.0,0.0,64.19,9.41,6.6,0.32,0.42
234,59.3,0.0,100.0,0.0,0.0,100.0,0.0,0.0,58.1,11.41,5.22,0.41,0.38
235,55.64,0.0,100.0,0.0,0.0,100.0,0.0,0.0,25.64,7.59,5.43,0.46,0.38
236,51.47,0.08,92.0,8.0,0.0,92.0,0.0,0.0,57.1,10.46,6.3,0.38,0.37
237,45.17,0.06,94.0,6.0,0.0,94.0,0.0,0.0,55.47,6.97,6.36,0.45,0.34
238,76.38,0.0,100.0,0.0,0.0,100.0,0.0,0.0,55.05,2.08,7.9,0.22,0.36
239,48.46,0.07,93.0,7.0,0.0,93.0,0.0,0.0,54.65,13.16,4.63,0.41,0.35
240,68.6,0.0,100.0,0.0,0.0,100.0,0.0,0.0,25.99,1.39,10.22,0.3,0.39
241,63.87,0.0,100.0,0.0,0.0,100.0,0.0,0.0,47.68,10.86,5.91,0.35,0.41
242,36.34,0.0,100.0,0.0,0.0,100.0,0.0,0.0,128.0,15.46,3.07,0.64,0.41
243,61.29,0.0,100.0,0.0,0.0,100.0,0.0,0.0,39.82,11.92,4.8,0.39,0.43
244,58.8,0.0,100.0,0.0,0.0,100.0,0.0,0.0,59.06,10.95,5.72,0.42,0.46
245,44.43,0.0,100.0,0.0,0.0,100.0,0.0,0.0,63.02,13.33,4.3,0.55,0.43
246,53.45,0.0,100.0,0.0,0.0,100.0,0.0,0.0,37.43,12.05,4.63,0.46,0.44
247,60.72,0.0,100.0,0.0,0.0,100.0,0.0,0.0,53.85,11.11,5.1,0.4,0.51
248,41.32,0.0,100.0,0.0,0.0,100.0,0.0,0.0,58.41,7.51,6.36,0.58,0.42
249,65.13,0.0,100.0,0.0,0.0,100.0,0.0,0.0,58.19,9.62,6.27,0.34,0.41
250,44.5,0.0,100.0,0.0,0.0,100.0,0.0,0.0,72.64,7.32,6.49,0.54,0.4
251,47.9,0.0,100.0,0.0,0.0,100.0,0.0,0.0,99.19,6.77,6.63,0.53,0.41
252,44.03,0.0,100.0,0.0,0.0,100.0,0.0,0.0,88.69,15.5,3.23,0.56,0.38
253,69.55,0.0,100.0,0.0,0.0,100.0,0.0,0.0,54.2,4.91,7.72,0.29,0.42
254,62.33,0.0,100.0,0.0,0.0,100.0,0.0,0.0,54.84,9.58,6.57,0.38,0.45
255,55.8,0.04,96.0,4.0,0.0,96.0,0.0,0.0,66.2,5.1,7.43,0.37,0.37
256,35.27,0.0,100.0,0.0,0.0,100.0,0.0,0.0,150.93,14.57,4.36,0.65,0.38
257,59.95,0.0,100.0,0.0,0.0,100.0,0.0,0.0,36.82,2.2,8.64,0.38,0.39
258,49.46,0.0,100.0,0.0,0.0,100.0,0.0,0.0,71.45,13.07,4.18,0.52,0.37
259,63.42,0.0,100.0,0.0,0.0,100.0,0.0,0.0,64.22,12.62,3.83,0.36,0.44
260,66.74,0.0,100.0,0.0,0.0,100.0,0.0,0.0,59.94,9.77,6.85,0.33,0.39
261,44.37,0.0,100.0,0.0,0.0,100.0,0.0,0.0,71.2,13.33,4.59,0.54,0.36
262,47.4,0.07,93.0,7.0,0.0,93.0,0.0,0.0,58.89,10.32,4.91,0.41,0.39
263,43.2,0.0,100.0,0.0,0.0,100.0,0.0,0.0,102.48,13.71,3.94,0.57,0.4
264,45.54,0.0,100.0,0.0,0.0,100.0,0.0,0.0,49.53,7.35,6.11,0.54,0.41
265,44.88,0.0,100.0,0.0,0.0,100.0,0.0,0.0,38.07,13.26,4.82,0.55,0.39
266,67.81,0.0,100.0,0.0,0.0,100.0,0.0,0.0,64.79,9.78,6.82,0.32,0.46
267,37.56,0.1,90.0,10.0,0.0,90.0,0.0,0.0,65.5,10.75,5.7,0.45,0.36
268,60.4,0.0,100.0,0.0,0.0,100.0,0.0,0.0,47.06,5.38,6.84,0.41,0.39
269,62.75,0.0,100.0,0.0,0.0,100.0,0.0,0.0,58.91,13.08,4.03,0.35,0.41
270,41.55,0.0,100.0,0.0,0.0,100.0,0.0,0.0,60.94,15.46,3.1,0.57,0.41
271,35.43,0.0,100.0,0.0,0.0,100.0,0.0,0.0,192.75,8.0,5.22,0.64,0.37
272,61.1,0.0,100.0,0.0,0.0,100.0,0.0,0.0,60.05,10.1,5.88,0.38,0.42
273,35.81,0.0,100.0,0.0,0.0,100.0,0.0,0.0,202.39,14.53,3.95,0.64,0.37
274,51.21,0.0,100.0,0.0,0.0,100.0,0.0,0.0,46.36,5.73,6.61,0.47,0.38
275,69.41,0.0,100.0,0.0,0.0,100.0,0.0,0.0,76.79,10.39,5.2,0.31,0.43
276,79.99,0.28,72.0,28.0,0.0,72.0,0.0,0.0,86.78,2.1,7.02,0.31,0.34
277,64.31,0.0,100.0,0.0,0.0,100.0,0.0,0.0,45.24,14.44,3.71,0.36,0.39
278,62.43,0.0,100.0,0.0,0.0,100.0,0.0,0.0,56.03,11.3,4.81,0.39,0.4
279,58.07,0.0,100.0,0.0,0.0,100.0,0.0,0.0,62.55,6.8,6.73,0.4,0.39
280,64.13,0.0,100.0,0.0,0.0,100.0,0.0,0.0,72.31,10.87,5.4,0.35,0.4
281,46.45,0.0,100.0,0.0,0.0,100.0,0.0,0.0,42.81,14.79,3.61,0.55,0.36
282,44.56,0.0,100.0,0.0,0.0,100.0,0.0,0.0,79.86,6.74,6.3,0.57,0.4
283,41.34,0.0,100.0,0.0,0.0,100.0,0.0,0.0,121.47,13.81,3.52,0.58,0.4
284,58.92,0.0,100.0,0.0,0.0,100.0,0.0,0.0,41.33,6.87,5.98,0.4,0.37
285,41.88,0.0,100.0,0.0,0.0,100.0,0.0,0.0,78.38,14.01,3.24,0.57,0.37
286,54.76,0.0,100.0,0.0,0.0,100.0,0.0,0.0,51.22,6.99,6.48,0.43,0.41
287,35.56,0.0,100.0,0.0,0.0,100.0,0.0,0.0,246.32,14.85,2.8,0.65,0.36
288,52.0,0.0,100.0,0.0,0.0,100.0,0.0,0.0,53.13,12.32,4.58,0.47,0.39
289,46.05,0.0,100.0,0.0,0.0,100.0,0.0,0.0,44.19,14.14,4.13,0.55,0.37
290,59.66,0.0,100.0,0.0,0.0,100.0,0.0,0.0,52.29,3.46,8.99,0.4,0.4
291,60.89,0.0,100.0,0.0,0.0,100.0,0.0,0.0,48.03,6.75,5.62,0.4,0.37
292,70.58,0.0,100.0,0.0,0.0,100.0,0.0,0.0,72.95,10.06,7.17,0.32,0.37
293,44.31,0.0,100.0,0.0,0.0,100.0,0.0,0.0,48.78,6.79,6.6,0.57,0.33
294,59.15,0.0,100.0,0.0,0.0,100.0,0.0,0.0,40.44,5.78,7.33,0.41,0.35
295,62.16,0.0,100.0,0.0,0.0,100.0,0.0,0.0,40.58,11.96,4.09,0.39,0.35
296,62.6,0.0,100.0,0.0,0.0,100.0,0.0,0.0,54.86,11.32,4.33,0.39,0.47
297,58.57,0.0,100.0,0.0,0.0,100.0,0.0,0.0,43.39,11.62,4.07,0.42,0.75
298,74.03,0.0,100.0,0.0,0.0,100.0,0.0,0.0,52.48,2.09,9.81,0.26,0.53
299,46.95,0.0,100.0,0.0,0.0,100.0,0.0,0.0,87.73,14.01,4.21,0.53,0.47
300,53.63,0.0,100.0,0.0,0.0,100.0,0.0,0.0,69.73,5.91,6.11,0.46,0.36
301,44.35,0.07,93.0,7.0,0.0,93.0,0.0,0.0,71.91,10.53,5.76,0.44,0.36
302,57.75,0.0,100.0,0.0,0.0,100.0,0.0,0.0,55.36,5.75,7.43,0.41,0.4
303,35.24,0.0,100.0,0.0,0.0,100.0,0.0,0.0,252.14,15.48,3.23,0.64,0.34
304,60.56,0.0,100.0,0.0,0.0,100.0,0.0,0.0,50.97,2.27,9.17,0.37,0.38
305,65.63,0.0,100.0,0.0,0.0,100.0,0.0,0.0,34.5,13.03,4.34,0.36,0.38
306,66.25,0.05,95.0,5.0,0.0,95.0,0.0,0.0,55.93,2.52,9.03,0.34,0.42
307,34.98,0.0,100.0,0.0,0.0,100.0,0.0,0.0,245.0,8.0,5.12,0.65,0.39
308,58.03,0.0,100.0,0.0,0.0,100.0,0.0,0.0,63.77,5.6,6.79,0.4,0.92
309,64.28,0.04,96.0,4.0,0.0,96.0,0.0,0.0,52.41,2.77,9.23,0.38,0.62
310,42.69,0.0,100.0,0.0,0.0,100.0,0.0,0.0,80.86,13.08,4.81,0.55,0.46
311,44.07,0.0,100.0,0.0,0.0,100.0,0.0,0.0,94.16,13.89,4.66,0.57,0.43
312,42.48,0.0,100.0,0.0,0.0,100.0,0.0,0.0,97.11,13.23,4.82,0.56,0.48
313,35.62,0.0,100.0,0.0,0.0,100.0,0.0,0.0,233.05,15.51,2.98,0.65,0.42
314,49.21,0.0,100.0,0.0,0.0,100.0,0.0,0.0,28.79,13.59,4.25,0.52,0.42
315,56.95,0.0,100.0,0.0,0.0,100.0,0.0,0.0,41.09,5.91,7.27,0.41,0.42
316,48.23,0.0,100.0,0.0,0.0,100.0,0.0,0.0,99.15,12.75,5.14,0.51,0.45
317,45.56,0.0,100.0,0.0,0.0,100.0,0.0,0.0,76.47,13.0,4.59,0.54,0.44
318,70.58,0.0,100.0,0.0,0.0,100.0,0.0,0.0,29.58,12.58,4.91,0.34,0.41
319,47.92,0.0,100.0,0.0,0.0,100.0,0.0,0.0,72.24,7.59,5.62,0.53,0.42
320,36.18,0.0,100.0,0.0,0.0,100.0,0.0,0.0,167.9,7.39,6.64,0.64,0.4
321,75.24,0.06,94.0,6.0,0.0,94.0,0.0,0.0,71.79,2.67,8.1,0.26,0.41
322,45.5,0.0,100.0,0.0,0.0,100.0,0.0,0.0,67.03,14.78,3.18,0.55,0.55
323,60.47,0.0,100.0,0.0,0.0,100.0,0.0,0.0,51.98,10.36,5.96,0.4,0.92
324,60.57,0.0,100.0,0.0,0.0,100.0,0.0,0.0,59.23,5.96,6.85,0.4,0.51
325,45.52,0.0,100.0,0.0,0.0,100.0,0.0,0.0,71.91,13.5,3.35,0.56,0.42
326,29.17,0.0,100.0,0.0,0.0,100.0,0.0,0.0,334.8,15.33,2.74,0.71,0.43
327,45.66,0.0,100.0,0.0,0.0,100.0,0.0,0.0,45.58,13.11,5.51,0.56,0.42
328,55.02,0.0,100.0,0.0,0.0,100.0,0.0,0.0,62.06,5.47,7.75,0.43,0.46
329,72.29,0.0,100.0,0.0,0.0,100.0,0.0,0.0,33.45,3.02,9.82,0.25,0.47
330,63.38,0.0,100.0,0.0,0.0,100.0,0.0,0.0,44.03,5.81,6.93,0.4,0.45
331,64.03,0.0,100.0,0.0,0.0,100.0,0.0,0.0,43.37,3.07,9.34,0.36,0.46
332,45.1,0.0,100.0,0.0,0.0,100.0,0.0,0.0,94.29,12.92,4.55,0.54,0.43
333,69.15,0.0,100.0,0.0,0.0,100.0,0.0,0.0,49.24,6.18,6.08,0.32,0.42
334,56.94,0.0,100.0,0.0,0.0,100.0,0.0,0.0,47.07,11.6,5.1,0.43,0.44
335,42.9,0.0,100.0,0.0,0.0,100.0,0.0,0.0,64.46,13.45,4.44,0.57,0.41
336,70.56,0.0,100.0,0.0,0.0,100.0,0.0,0.0,40.64,2.49,9.04,0.3,0.45
337,64.96,0.0,100.0,0.0,0.0,100.0,0.0,0.0,38.9,5.77,7.06,0.32,0.51
338,60.09,0.0,100.0,0.0,0.0,100.0,0.0,0.0,45.2,13.14,3.98,0.4,0.78
339,56.06,0.0,100.0,0.0,0.0,100.0,0.0,0.0,87.84,5.97,7.58,0.44,0.62
340,68.16,0.0,100.0,0.0,0.0,100.0,0.0,0.0,37.55,10.8,5.42,0.32,0.45
341,71.34,0.0,100.0,0.0,0.0,100.0,0.0,0.0,45.98,9.26,6.64,0.27,0.47
342,40.43,0.0,100.0,0.0,0.0,100.0,0.0,0.0,61.75,7.46,5.18,0.59,0.45
343,29.17,0.0,100.0,0.0,0.0,100.0,0.0,0.0,254.74,16.0,2.49,0.71,0.38
344,35.06,0.0,100.0,0.0,0.0,100.0,0.0,0.0,215.17,14.56,3.59,0.64,0.43
345,52.45,0.0,100.0,0.0,0.0,100.0,0.0,0.0,44.69,12.06,4.45,0.46,0.45
346,35.67,0.0,100.0,0.0,0.0,100.0,0.0,0.0,262.42,14.55,3.91,0.64,0.44
347,48.6,0.0,100.0,0.0,0.0,100.0,0.0,0.0,72.27,13.34,3.82,0.53,0.63
348,51.49,0.0,100.0,0.0,0.0,100.0,0.0,0.0,26.33,13.68,3.45,0.52,0.8
349,44.81,0.0,100.0,0.0,0.0,100.0,0.0,0.0,85.34,14.5,4.23,0.55,0.46
350,58.75,0.0,100.0,0.0,0.0,100.0,0.0,0.0,58.5,13.68,3.63,0.42,0.43
351,63.42,0.0,100.0,0.0,0.0,100.0,0.0,0.0,71.76,13.32,3.56,0.35,0.4
352,35.14,0.0,100.0,0.0,0.0,100.0,0.0,0.0,256.92,14.81,3.62,0.64,0.33
353,29.17,0.0,100.0,0.0,0.0,100.0,0.0,0.0,459.89,15.33,2.65,0.71,0.3
354,35.96,0.0,100.0,0.0,0.0,100.0,0.0,0.0,263.51,7.74,5.4,0.64,0.35
355,61.67,0.0,100.0,0.0,0.0,100.0,0.0,0.0,54.7,10.31,5.43,0.4,0.33
356,44.63,0.0,100.0,0.0,0.0,100.0,0.0,0.0,36.03,14.69,3.61,0.56,0.32
357,34.91,0.0,100.0,0.0,0.0,100.0,0.0,0.0,247.85,15.53,3.15,0.65,0.35
358,66.88,0.0,100.0,0.0,0.0,100.0,0.0,0.0,48.66,3.08,7.81,0.37,0.33
359,80.28,0.0,100.0,0.0,0.0,100.0,0.0,0.0,37.54,3.21,10.01,0.21,0.32
360,72.12,0.0,100.0,0.0,0.0,100.0,0.0,0.0,49.9,2.46,8.97,0.27,0.39
361,64.66,0.0,100.0,0.0,0.0,100.0,0.0,0.0,56.21,10.95,5.21,0.33,0.67
362,35.76,0.0,100.0,0.0,0.0,100.0,0.0,0.0,121.2,14.81,3.31,0.64,0.43
363,56.66,0.03,97.0,3.0,0.0,97.0,0.0,0.0,49.07,5.71,7.15,0.39,0.36
364,65.49,0.0,100.0,0.0,0.0,100.0,0.0,0.0,54.01,9.48,7.25,0.36,0.42
365,61.31,0.0,100.0,0.0,0.0,100.0,0.0,0.0,50.01,10.63,6.89,0.41,0.4
366,54.9,0.0,100.0,0.0,0.0,100.0,0.0,0.0,30.67,14.05,3.89,0.46,0.36
367,34.82,0.0,100.0,0.0,0.0,100.0,0.0,0.0,65.92,14.6,3.85,0.65,0.4
368,50.6,0.0,100.0,0.0,0.0,100.0,0.0,0.0,64.78,7.13,6.66,0.48,0.36
369,59.69,0.0,100.0,0.0,0.0,100.0,0.0,0.0,67.3,5.34,7.51,0.39,0.39
370,61.24,0.0,100.0,0.0,0.0,100.0,0.0,0.0,61.14,10.48,5.85,0.4,0.38
371,41.58,0.0,100.0,0.0,0.0,100.0,0.0,0.0,82.18,13.69,4.23,0.56,0.38
372,65.43,0.0,100.0,0.0,0.0,100.0,0.0,0.0,35.03,2.59,9.4,0.34,0.43
373,56.71,0.0,100.0,0.0,0.0,100.0,0.0,0.0,39.61,14.24,3.47,0.43,0.37
374,64.52,0.0,100.0,0.0,0.0,100.0,0.0,0.0,36.7,5.92,7.87,0.35,0.39
375,41.6,0.0,100.0,0.0,0.0,100.0,0.0,0.0,55.5,13.63,3.53,0.57,0.62
376,35.39,0.0,100.0,0.0,0.0,100.0,0.0,0.0,279.48,14.55,4.68,0.64,0.67
377,64.52,0.0,100.0,0.0,0.0,100.0,0.0,0.0,55.95,2.47,9.12,0.33,0.49
378,35.69,0.0,100.0,0.0,0.0,100.0,0.0,0.0,245.06,14.82,3.47,0.64,0.38
379,54.5,0.02,98.0,2.0,0.0,98.0,0.0,0.0,56.4,10.96,5.53,0.44,0.44
380,62.17,0.0,100.0,0.0,0.0,100.0,0.0,0.0,36.92,5.83,7.39,0.37,0.43
381,49.06,0.08,92.0,8.0,0.0,92.0,0.0,0.0,59.33,6.55,6.72,0.38,0.42
382,45.99,0.0,100.0,0.0,0.0,100.0,0.0,0.0,74.43,13.24,4.32,0.53,0.46
383,78.62,0.0,100.0,0.0,0.0,100.0,0.0,0.0,59.03,2.28,9.36,0.19,0.41
384,59.38,0.0,100.0,0.0,0.0,100.0,0.0,0.0,21.28,11.67,4.94,0.42,0.39
385,43.15,0.0,100.0,0.0,0.0,100.0,0.0,0.0,63.99,14.73,3.48,0.56,0.67
386,64.71,0.0,100.0,0.0,0.0,100.0,0.0,0.0,53.6,2.17,9.51,0.33,0.7
387,59.87,0.0,100.0,0.0,0.0,100.0,0.0,0.0,57.89,3.34,8.15,0.44,0.39
388,35.28,0.0,100.0,0.0,0.0,100.0,0.0,0.0,70.85,15.53,2.53,0.65,0.36
389,74.14,0.08,92.0,8.0,0.0,92.0,0.0,0.0,40.2,1.37,8.03,0.29,0.39
390,48.06,0.0,100.0,0.0,0.0,100.0,0.0,0.0,92.84,13.22,4.6,0.51,0.37
391,59.0,0.0,100.0,0.0,0.0,100.0,0.0,0.0,66.46,12.85,4.66,0.4,0.36
392,42.88,0.0,100.0,0.0,0.0,100.0,0.0,0.0,85.33,14.46,3.92,0.57,0.42
393,62.58,0.0,100.0,0.0,0.0,100.0,0.0,0.0,68.79,6.83,6.54,0.38,0.42
394,48.5,0.05,95.0,5.0,0.0,95.0,0.0,0.0,63.89,10.46,5.8,0.42,0.41
395,62.33,0.0,100.0,0.0,0.0,100.0,0.0,0.0,57.91,11.35,5.02,0.4,0.41
396,50.1,0.0,100.0,0.0,0.0,100.0,0.0,0.0,57.05,12.68,5.15,0.52,0.44
397,29.17,0.0,100.0,0.0,0.0,100.0,0.0,0.0,143.85,16.0,2.73,0.71,0.48
398,58.31,0.0,100.0,0.0,0.0,100.0,0.0,0.0,45.68,11.66,4.63,0.41,0.42
399,62.57,0.0,100.0,0.0,0.0,100.0,0.0,0.0,35.83,6.64,6.19,0.37,0.43
400,63.47,0.0,100.0,0.0,0.0,100.0,0.0,0.0,35.78,10.19,6.12,0.39,0.4
401,59.13,0.0,100.0,0.0,0.0,100.0,0.0,0.0,22.17,11.72,4.54,0.43,0.79
402,60.19,0.0,100.0,0.0,0.0,100.0,0.0,0.0,54.4,6.57,6.14,0.4,0.73
403,59.08,0.0,100.0,0.0,0.0,100.0,0.0,0.0,49.72,2.9,8.31,0.4,0.55
404,43.53,0.0,100.0,0.0,0.0,100.0,0.0,0.0,40.84,12.91,4.87,0.57,0.49
405,67.64,0.0,100.0,0.0,0.0,100.0,0.0,0.0,65.71,11.95,5.26,0.31,0.47
406,58.57,0.0,100.0,0.0,0.0,100.0,0.0,0.0,53.68,5.61,6.47,0.4,0.42
407,69.02,0.0,100.0,0.0,0.0,100.0,0.0,0.0,67.45,12.14,4.79,0.33,0.44
408,43.45,0.0,100.0,0.0,0.0,100.0,0.0,0.0,48.8,14.58,4.06,0.57,0.42
409,56.73,0.0,100.0,0.0,0.0,100.0,0.0,0.0,62.05,11.49,4.92,0.41,0.38
410,68.59,0.0,100.0,0.0,0.0,100.0,0.0,0.0,33.98,12.29,5.09,0.31,0.8
411,56.99,0.03,97.0,3.0,0.0,97.0,0.0,0.0,51.76,5.09,6.06,0.39,0.58
412,36.26,0.0,100.0,0.0,0.0,100.0,0.0,0.0,162.22,7.76,4.83,0.65,0.46
413,34.69,0.0,100.0,0.0,0.0,100.0,0.0,0.0,170.83,7.76,5.83,0.65,0.39
414,44.39,0.0,100.0,0.0,0.0,100.0,0.0,0.0,80.86,13.65,4.16,0.57,0.41
415,80.62,0.0,100.0,0.0,0.0,100.0,0.0,0.0,52.49,2.92,9.16,0.19,0.41
416,29.17,0.0,100.0,0.0,0.0,100.0,0.0,0.0,360.58,15.33,3.03,0.71,0.36
417,42.43,0.0,100.0,0.0,0.0,100.0,0.0,0.0,98.6,13.53,4.15,0.57,0.37
418,61.39,0.0,100.0,0.0,0.0,100.0,0.0,0.0,36.91,13.32,4.02,0.38,0.35
419,35.44,0.0,100.0,0.0,0.0,100.0,0.0,0.0,168.75,16.0,2.47,0.64,0.36
420,41.86,0.0,100.0,0.0,0.0,100.0,0.0,0.0,126.26,6.86,5.43,0.55,0.35
421,35.17,0.0,100.0,0.0,0.0,100.0,0.0,0.0,236.81,16.0,2.84,0.65,0.36
422,47.27,0.06,94.0,6.0,0.0,94.0,0.0,0.0,38.1,10.18,6.49,0.43,0.43
423,35.23,0.0,100.0,0.0,0.0,100.0,0.0,0.0,268.45,15.49,3.28,0.64,0.65
424,35.58,0.0,100.0,0.0,0.0,100.0,0.0,0.0,125.34,7.74,6.39,0.64,0.8
425,59.25,0.0,100.0,0.0,0.0,100.0,0.0,0.0,70.45,10.78,6.38,0.43,0.55
426,61.39,0.0,100.0,0.0,0.0,100.0,0.0,0.0,56.35,6.53,5.74,0.38,0.49
427,57.05,0.0,100.0,0.0,0.0,100.0,0.0,0.0,59.5,13.71,4.38,0.45,0.52
428,48.87,0.0,100.0,0.0,0.0,100.0,0.0,0.0,47.72,6.67,6.37,0.54,0.51
429,58.5,0.0,100.0,0.0,0.0,100.0,0.0,0.0,50.69,5.66,6.46,0.4,0.6
430,57.35,0.0,100.0,0.0,0.0,100.0,0.0,0.0,27.78,11.89,5.16,0.42,0.7
431,67.22,0.0,100.0,0.0,0.0,100.0,0.0,0.0,58.71,6.23,6.61,0.33,0.59
432,53.87,0.04,96.0,4.0,0.0,96.0,0.0,0.0,56.6,5.21,7.93,0.39,0.56
433,62.25,0.0,100.0,0.0,0.0,100.0,0.0,0.0,67.22,2.5,9.06,0.33,0.67
434,43.78,0.0,100.0,0.0,0.0,100.0,0.0,0.0,134.08,13.6,3.92,0.54,0.49
435,55.89,0.0,100.0,0.0,0.0,100.0,0.0,0.0,55.36,13.72,3.36,0.43,0.52
436,41.9,0.0,100.0,0.0,0.0,100.0,0.0,0.0,67.67,6.93,6.19,0.59,0.51
437,29.17,0.0,100.0,0.0,0.0,100.0,0.0,0.0,346.9,16.0,2.7,0.71,0.44
438,35.58,0.0,100.0,0.0,0.0,100.0,0.0,0.0,122.11,14.58,3.94,0.65,0.42
439,58.3,0.0,100.0,0.0,0.0,100.0,0.0,0.0,61.03,5.47,7.21,0.41,0.4
440,63.45,0.0,100.0,0.0,0.0,100.0,0.0,0.0,77.75,10.32,6.37,0.37,0.38
441,62.11,0.0,100.0,0.0,0.0,100.0,0.0,0.0,43.18,11.39,4.66,0.39,0.37
442,29.17,0.0,100.0,0.0,0.0,100.0,0.0,0.0,236.72,16.0,2.67,0.71,0.35
443,54.72,0.0,100.0,0.0,0.0,100.0,0.0,0.0,59.57,11.1,4.72,0.46,0.4
444,69.58,0.0,100.0,0.0,0.0,100.0,0.0,0.0,38.51,10.41,5.44,0.32,0.4
445,46.26,0.0,100.0,0.0,0.0,100.0,0.0,0.0,84.94,12.85,6.03,0.54,0.45
446,62.5,0.0,100.0,0.0,0.0,100.0,0.0,0.0,41.13,11.2,5.2,0.39,0.41
447,74.78,0.0,100.0,0.0,0.0,100.0,0.0,0.0,52.3,1.74,9.63,0.27,0.43
448,44.65,0.0,100.0,0.0,0.0,100.0,0.0,0.0,83.23,14.11,4.04,0.56,0.44
449,57.09,0.03,97.0,3.0,0.0,97.0,0.0,0.0,52.35,10.21,6.53,0.39,0.4
450,62.45,0.0,100.0,0.0,0.0,100.0,0.0,0.0,49.34,10.62,5.13,0.36,0.41
451,64.33,0.0,100.0,0.0,0.0,100.0,0.0,0.0,46.15,11.62,4.62,0.38,0.74
452,52.04,0.0,100.0,0.0,0.0,100.0,0.0,0.0,68.2,11.95,4.79,0.45,0.62
453,29.17,0.0,100.0,0.0,0.0,100.0,0.0,0.0,309.84,16.0,2.39,0.71,0.46
454,59.99,0.0,100.0,0.0,0.0,100.0,0.0,0.0,54.46,6.71,6.02,0.4,0.43
455,61.57,0.0,100.0,0.0,0.0,100.0,0.0,0.0,71.91,11.31,4.77,0.4,0.41
456,59.85,0.0,100.0,0.0,0.0,100.0,0.0,0.0,60.6,13.23,4.53,0.4,0.43
457,42.82,0.0,100.0,0.0,0.0,100.0,0.0,0.0,70.96,14.71,3.07,0.56,0.46
458,66.2,0.0,100.0,0.0,0.0,100.0,0.0,0.0,39.88,6.59,6.44,0.33,0.44
459,36.01,0.0,100.0,0.0,0.0,100.0,0.0,0.0,88.17,7.39,6.27,0.64,0.42
460,63.35,0.0,100.0,0.0,0.0,100.0,0.0,0.0,72.68,9.3,6.17,0.36,0.7
461,54.31,0.0,100.0,0.0,0.0,100.0,0.0,0.0,58.44,10.87,5.23,0.44,0.41
462,58.83,0.0,100.0,0.0,0.0,100.0,0.0,0.0,61.36,11.17,4.82,0.39,0.41
463,34.55,0.0,100.0,0.0,0.0,100.0,0.0,0.0,242.83,8.0,4.72,0.65,0.37
464,49.1,0.0,100.0,0.0,0.0,100.0,0.0,0.0,54.98,12.55,5.1,0.51,0.41
465,57.25,0.0,100.0,0.0,0.0,100.0,0.0,0.0,58.43,5.38,7.31,0.39,0.41
466,29.17,0.0,100.0,0.0,0.0,100.0,0.0,0.0,334.47,15.33,2.72,0.71,0.34
467,56.04,0.0,100.0,0.0,0.0,100.0,0.0,0.0,70.95,10.98,6.21,0.43,0.43
468,51.85,0.07,93.0,7.0,0.0,93.0,0.0,0.0,43.87,5.0,7.36,0.37,0.38
469,51.43,0.05,95.0,5.0,0.0,95.0,0.0,0.0,59.72,5.89,7.03,0.42,0.36
470,57.52,0.0,100.0,0.0,0.0,100.0,0.0,0.0,73.12,6.07,6.64,0.43,0.39
471,62.63,0.0,100.0,0.0,0.0,100.0,0.0,0.0,39.08,9.75,6.86,0.36,0.45
472,57.25,0.0,100.0,0.0,0.0,100.0,0.0,0.0,57.6,10.96,5.85,0.44,0.4
473,49.53,0.0,100.0,0.0,0.0,100.0,0.0,0.0,71.73,14.04,4.24,0.52,0.38
474,44.23,0.0,100.0,0.0,0.0,100.0,0.0,0.0,78.68,13.36,3.68,0.55,0.37
475,54.54,0.0,100.0,0.0,0.0,100.0,0.0,0.0,69.33,6.07,6.7,0.44,0.37
476,64.63,0.0,100.0,0.0,0.0,100.0,0.0,0.0,47.31,3.14,7.74,0.36,0.37
477,41.88,0.0,100.0,0.0,0.0,100.0,0.0,0.0,37.11,14.08,3.66,0.56,0.38
478,66.52,0.0,100.0,0.0,0.0,100.0,0.0,0.0,53.89,13.45,3.77,0.36,0.36
479,63.07,0.0,100.0,0.0,0.0,100.0,0.0,0.0,36.37,13.01,4.11,0.39,0.37
480,74.61,0.06,94.0,6.0,0.0,94.0,0.0,0.0,85.5,2.49,9.56,0.25,0.34
481,57.81,0.0,100.0,0.0,0.0,100.0,0.0,0.0,71.68,11.41,4.54,0.42,0.34
482,61.79,0.0,100.0,0.0,0.0,100.0,0.0,0.0,25.03,11.07,4.85,0.37,0.34
483,45.72,0.0,100.0,0.0,0.0,100.0,0.0,0.0,75.88,13.27,4.91,0.55,0.36
484,65.33,0.0,100.0,0.0,0.0,100.0,0.0,0.0,48.89,3.22,8.86,0.36,0.37
485,56.78,0.06,94.0,6.0,0.0,94.0,0.0,0.0,52.02,5.12,7.28,0.34,0.33
486,69.76,0.0,100.0,0.0,0.0,100.0,0.0,0.0,37.82,6.59,6.05,0.33,0.37
487,56.44,0.0,100.0,0.0,0.0,100.0,0.0,0.0,56.98,11.97,3.89,0.45,0.33
488,61.52,0.0,100.0,0.0,0.0,100.0,0.0,0.0,33.42,10.66,6.48,0.42,0.35
489,69.52,0.05,95.0,5.0,0.0,95.0,0.0,0.0,35.99,2.62,8.74,0.33,0.36
490,35.86,0.0,100.0,0.0,0.0,100.0,0.0,0.0,128.39,16.0,2.53,0.64,0.35
491,46.01,0.0,100.0,0.0,0.0,100.0,0.0,0.0,98.67,6.62,6.01,0.56,0.31
492,35.07,0.12,88.0,12.0,0.0,88.0,0.0,0.0,60.13,5.48,7.44,0.44,0.36
493,66.88,0.0,100.0,0.0,0.0,100.0,0.0,0.0,63.15,2.94,9.08,0.33,0.41
494,29.17,0.0,100.0,0.0,0.0,100.0,0.0,0.0,398.57,15.33,2.98,0.71,0.32
495,61.79,0.0,100.0,0.0,0.0,100.0,0.0,0.0,76.52,6.88,6.69,0.36,0.35
496,29.17,0.0,100.0,0.0,0.0,100.0,0.0,0.0,218.19,16.0,2.24,0.71,0.39
497,57.35,0.0,100.0,0.0,0.0,100.0,0.0,0.0,37.56,13.05,4.77,0.42,0.41
498,59.9,0.0,100.0,0.0,0.0,100.0,0.0,0.0,55.03,11.04,5.65,0.42,0.43
499,78.83,0.0,100.0,0.0,0.0,100.0,0.0,0.0,42.72,2.01,9.92,0.2,0.44
500,45.07,0.0,100.0,0.0,0.0,100.0,0.0,0.0,110.13,7.72,5.74,0.53,0.38
501,35.76,0.0,100.0,0.0,0.0,100.0,0.0,0.0,249.44,14.48,4.02,0.64,0.44
502,45.85,0.0,100.0,0.0,0.0,100.0,0.0,0.0,75.26,6.37,6.45,0.5,0.38
503,61.52,0.0,100.0,0.0,0.0,100.0,0.0,0.0,40.99,10.54,5.86,0.4,0.44
504,44.16,0.0,100.0,0.0,0.0,100.0,0.0,0.0,49.01,13.13,4.5,0.56,0.42
505,68.71,0.0,100.0,0.0,0.0,100.0,0.0,0.0,37.16,3.31,8.78,0.32,0.42
506,51.98,0.09,91.0,9.0,0.0,91.0,0.0,0.0,63.29,11.1,5.08,0.37,0.44
507,63.36,0.0,100.0,0.0,0.0,100.0,0.0,0.0,58.9,5.33,7.99,0.38,0.41
508,51.31,0.05,95.0,5.0,0.0,95.0,0.0,0.0,41.24,11.36,5.38,0.41,0.41
509,43.03,0.0,100.0,0.0,0.0,100.0,0.0,0.0,57.47,14.14,3.72,0.54,0.4
510,35.73,0.0,100.0,0.0,0.0,100.0,0.0,0.0,80.05,16.0,2.8,0.65,0.38
511,35.82,0.0,100.0,0.0,0.0,100.0,0.0,0.0,75.09,14.58,3.63,0.65,0.42
512,58.42,0.0,100.0,0.0,0.0,100.0,0.0,0.0,39.15,11.63,4.6,0.42,0.4
513,45.11,0.0,100.0,0.0,0.0,100.0,0.0,0.0,103.82,13.27,5.29,0.56,0.39
514,35.36,0.0,100.0,0.0,0.0,100.0,0.0,0.0,233.48,14.61,4.17,0.65,0.38
515,61.15,0.0,100.0,0.0,0.0,100.0,0.0,0.0,41.08,5.69,8.05,0.38,0.38
516,48.91,0.06,94.0,6.0,0.0,94.0,0.0,0.0,75.0,10.68,5.26,0.43,0.38
517,68.11,0.0,100.0,0.0,0.0,100.0,0.0,0.0,38.84,6.22,6.39,0.32,0.44
518,67.91,0.0,100.0,0.0,0.0,100.0,0.0,0.0,48.23,2.37,8.78,0.3,0.46
519,54.33,0.0,100.0,0.0,0.0,100.0,0.0,0.0,62.94,11.29,6.32,0.45,0.41
520,59.12,0.0,100.0,0.0,0.0,100.0,0.0,0.0,68.31,10.04,5.5,0.39,0.4
521,44.84,0.0,100.0,0.0,0.0,100.0,0.0,0.0,105.25,13.0,5.45,0.56,0.51
522,47.36,0.0,100.0,0.0,0.0,100.0,0.0,0.0,44.29,13.39,5.25,0.53,0.48
523,42.71,0.0,100.0,0.0,0.0,100.0,0.0,0.0,77.11,13.88,3.19,0.56,0.44
524,67.83,0.0,100.0,0.0,0.0,100.0,0.0,0.0,51.29,13.05,4.55,0.33,0.62
525,35.86,0.0,100.0,0.0,0.0,100.0,0.0,0.0,262.76,14.6,4.0,0.65,0.8
526,45.67,0.0,100.0,0.0,0.0,100.0,0.0,0.0,71.54,6.78,5.93,0.54,0.58
527,29.17,0.0,100.0,0.0,0.0,100.0,0.0,0.0,409.86,15.33,2.67,0.71,0.4
528,53.33,0.0,100.0,0.0,0.0,100.0,0.0,0.0,45.14,12.39,4.56,0.45,0.43
529,57.75,0.0,100.0,0.0,0.0,100.0,0.0,0.0,56.81,6.03,6.57,0.42,0.42
530,68.19,0.0,100.0,0.0,0.0,100.0,0.0,0.0,54.8,9.37,6.81,0.3,0.44
531,42.25,0.0,100.0,0.0,0.0,100.0,0.0,0.0,91.91,15.49,3.18,0.58,0.41
532,44.85,0.0,100.0,0.0,0.0,100.0,0.0,0.0,36.79,14.74,3.02,0.56,0.43
533,58.05,0.0,100.0,0.0,0.0,100.0,0.0,0.0,48.51,11.61,5.12,0.42,0.42
534,63.61,0.0,100.0,0.0,0.0,100.0,0.0,0.0,59.92,6.68,6.0,0.36,0.43
535,81.39,0.0,100.0,0.0,0.0,100.0,0.0,0.0,42.61,2.96,7.46,0.21,0.43
536,29.17,0.0,100.0,0.0,0.0,100.0,0.0,0.0,462.24,16.0,2.45,0.71,0.58
537,61.32,0.0,100.0,0.0,0.0,100.0,0.0,0.0,47.67,11.47,4.57,0.41,0.95
538,29.17,0.0,100.0,0.0,0.0,100.0,0.0,0.0,345.22,15.33,3.17,0.71,0.66
539,42.74,0.0,100.0,0.0,0.0,100.0,0.0,0.0,52.54,13.79,3.9,0.57,0.52
540,55.78,0.0,100.0,0.0,0.0,100.0,0.0,0.0,70.98,11.62,4.19,0.41,0.67
541,54.03,0.0,100.0,0.0,0.0,100.0,0.0,0.0,62.81,6.27,6.6,0.45,0.55
542,66.96,0.0,100.0,0.0,0.0,100.0,0.0,0.0,30.99,6.23,6.15,0.32,0.8
543,36.13,0.0,100.0,0.0,0.0,100.0,0.0,0.0,235.42,14.53,3.67,0.64,0.65
544,45.17,0.0,100.0,0.0,0.0,100.0,0.0,0.0,94.49,13.47,4.17,0.54,0.47
545,66.43,0.0,100.0,0.0,0.0,100.0,0.0,0.0,32.92,10.94,5.22,0.35,0.47
546,29.17,0.0,100.0,0.0,0.0,100.0,0.0,0.0,255.04,16.0,2.21,0.71,0.46
547,61.74,0.0,100.0,0.0,0.0,100.0,0.0,0.0,75.27,10.34,6.21,0.35,0.47
548,58.41,0.0,100.0,0.0,0.0,100.0,0.0,0.0,63.29,10.64,5.57,0.41,0.46
549,65.6,0.02,98.0,2.0,0.0,98.0,0.0,0.0,39.4,2.78,8.78,0.36,0.37
550,35.77,0.0,100.0,0.0,0.0,100.0,0.0,0.0,165.65,14.52,4.22,0.64,0.36
551,40.46,0.0,100.0,0.0,0.0,100.0,0.0,0.0,58.54,13.86,4.08,0.59,0.36
552,68.83,0.0,100.0,0.0,0.0,100.0,0.0,0.0,41.79,2.25,8.59,0.34,0.4
553,55.54,0.0,100.0,0.0,0.0,100.0,0.0,0.0,50.61,11.72,4.68,0.43,0.39
554,60.96,0.0,100.0,0.0,0.0,100.0,0.0,0.0,57.62,6.62,6.28,0.39,0.39
555,44.98,0.0,100.0,0.0,0.0,100.0,0.0,0.0,28.47,15.14,3.41,0.55,0.37
556,61.29,0.04,96.0,4.0,0.0,96.0,0.0,0.0,60.52,9.47,7.0,0.31,0.36
557,61.45,0.0,100.0,0.0,0.0,100.0,0.0,0.0,66.7,5.51,7.62,0.39,0.39
558,29.17,0.0,100.0,0.0,0.0,100.0,0.0,0.0,327.27,16.0,2.25,0.71,0.37
559,56.32,0.07,93.0,7.0,0.0,93.0,0.0,0.0,41.54,5.59,7.88,0.35,0.45
560,45.1,0.0,100.0,0.0,0.0,100.0,0.0,0.0,79.67,13.58,3.45,0.55,0.41
561,65.84,0.0,100.0,0.0,0.0,100.0,0.0,0.0,54.83,10.75,5.25,0.34,0.43
562,58.61,0.0,100.0,0.0,0.0,100.0,0.0,0.0,42.63,11.29,6.35,0.43,0.51
563,35.04,0.0,100.0,0.0,0.0,100.0,0.0,0.0,104.35,16.0,2.44,0.65,0.39
564,60.74,0.0,100.0,0.0,0.0,100.0,0.0,0.0,33.99,10.63,6.53,0.4,0.46
565,57.51,0.0,100.0,0.0,0.0,100.0,0.0,0.0,71.47,13.59,3.97,0.43,0.44
566,70.41,0.0,100.0,0.0,0.0,100.0,0.0,0.0,38.83,5.42,7.13,0.33,0.42
567,72.21,0.0,100.0,0.0,0.0,100.0,0.0,0.0,42.02,11.99,4.17,0.3,0.44
568,58.56,0.0,100.0,0.0,0.0,100.0,0.0,0.0,63.31,5.68,6.66,0.42,0.43
569,43.35,0.0,100.0,0.0,0.0,100.0,0.0,0.0,90.04,14.59,3.97,0.58,0.44
570,60.14,0.0,100.0,0.0,0.0,100.0,0.0,0.0,33.36,13.18,5.18,0.39,0.41
571,72.4,0.0,100.0,0.0,0.0,100.0,0.0,0.0,68.58,2.58,7.3,0.27,0.43
572,74.64,0.0,100.0,0.0,0.0,100.0,0.0,0.0,51.61,2.62,8.43,0.24,0.7
573,67.92,0.0,100.0,0.0,0.0,100.0,0.0,0.0,58.21,2.61,9.22,0.32,0.44
574,47.22,0.0,100.0,0.0,0.0,100.0,0.0,0.0,37.9,7.26,6.25,0.52,0.4
575,35.75,0.0,100.0,0.0,0.0,100.0,0.0,0.0,249.77,7.42,5.57,0.65,0.37
576,63.21,0.0,100.0,0.0,0.0,100.0,0.0,0.0,46.6,5.42,8.01,0.38,0.39
577,78.38,0.09,91.0,9.0,0.0,91.0,0.0,0.0,42.63,2.1,7.89,0.24,0.39
578,63.73,0.0,100.0,0.0,0.0,100.0,0.0,0.0,53.56,13.23,4.92,0.38,0.4
579,52.66,0.0,100.0,0.0,0.0,100.0,0.0,0.0,47.92,12.17,4.3,0.46,0.39
580,66.85,0.0,100.0,0.0,0.0,100.0,0.0,0.0,61.47,12.2,5.28,0.3,0.4
581,56.91,0.0,100.0,0.0,0.0,100.0,0.0,0.0,69.55,5.37,7.53,0.42,0.41
582,67.09,0.0,100.0,0.0,0.0,100.0,0.0,0.0,40.2,10.88,6.01,0.32,0.39
583,43.41,0.0,100.0,0.0,0.0,100.0,0.0,0.0,68.91,14.39,3.99,0.56,0.39
584,70.37,0.0,100.0,0.0,0.0,100.0,0.0,0.0,63.48,11.57,4.85,0.34,0.4
585,61.53,0.0,100.0,0.0,0.0,100.0,0.0,0.0,47.78,11.19,4.84,0.39,0.39
586,35.73,0.0,100.0,0.0,0.0,100.0,0.0,0.0,278.04,15.5,3.31,0.65,0.37
587,35.52,0.0,100.0,0.0,0.0,100.0,0.0,0.0,236.61,15.48,2.52,0.64,0.36
588,67.98,0.0,100.0,0.0,0.0,100.0,0.0,0.0,55.35,2.5,8.88,0.29,0.42
589,52.33,0.0,100.0,0.0,0.0,100.0,0.0,0.0,65.76,6.8,7.15,0.49,0.4
590,59.04,0.0,100.0,0.0,0.0,100.0,0.0,0.0,32.93,10.3,5.73,0.41,0.41
591,56.84,0.0,100.0,0.0,0.0,100.0,0.0,0.0,53.48,11.81,5.3,0.42,0.46
592,35.7,0.0,100.0,0.0,0.0,100.0,0.0,0.0,187.0,15.52,2.55,0.65,0.36
593,53.21,0.0,100.0,0.0,0.0,100.0,0.0,0.0,64.27,7.05,6.27,0.44,0.52
594,43.56,0.0,100.0,0.0,0.0,100.0,0.0,0.0,88.12,13.05,5.05,0.57,0.41
595,72.4,0.05,95.0,5.0,0.0,95.0,0.0,0.0,70.1,2.53,8.6,0.27,0.43
596,41.92,0.0,100.0,0.0,0.0,100.0,0.0,0.0,79.3,13.0,4.59,0.56,0.38
597,61.36,0.0,100.0,0.0,0.0,100.0,0.0,0.0,42.41,5.29,7.63,0.35,0.4
598,52.34,0.06,94.0,6.0,0.0,94.0,0.0,0.0,39.59,5.65,7.17,0.39,0.38
599,42.72,0.0,100.0,0.0,0.0,100.0,0.0,0.0,92.52,13.37,4.52,0.59,0.37
600,45.18,0.0,100.0,0.0,0.0,100.0,0.0,0.0,55.19,13.71,3.54,0.57,0.4
601,29.17,0.0,100.0,0.0,0.0,100.0,0.0,0.0,204.46,16.0,2.83,0.71,0.34
602,53.29,0.0,100.0,0.0,0.0,100.0,0.0,0.0,71.51,14.38,3.74,0.45,0.38
603,61.46,0.0,100.0,0.0,0.0,100.0,0.0,0.0,57.3,9.98,5.4,0.37,0.37
604,64.89,0.0,100.0,0.0,0.0,100.0,0.0,0.0,42.36,3.45,8.96,0.34,0.38
605,48.8,0.06,94.0,6.0,0.0,94.0,0.0,0.0,62.04,5.57,6.18,0.41,0.41
606,47.77,0.0,100.0,0.0,0.0,100.0,0.0,0.0,65.92,14.52,3.42,0.53,0.38
607,78.28,0.08,92.0,8.0,0.0,92.0,0.0,0.0,46.47,1.87,8.76,0.22,0.37
608,56.64,0.0,100.0,0.0,0.0,100.0,0.0,0.0,72.18,13.93,3.92,0.45,0.39
609,40.36,0.0,100.0,0.0,0.0,100.0,0.0,0.0,65.7,15.09,3.3,0.6,0.38
610,54.1,0.0,100.0,0.0,0.0,100.0,0.0,0.0,47.64,7.23,6.52,0.45,0.37
611,34.56,0.0,100.0,0.0,0.0,100.0,0.0,0.0,163.96,14.67,4.04,0.65,0.39
612,58.81,0.0,100.0,0.0,0.0,100.0,0.0,0.0,44.73,5.83,7.03,0.41,0.36
613,56.91,0.0,100.0,0.0,0.0,100.0,0.0,0.0,49.99,10.43,5.85,0.44,0.33
614,35.16,0.0,100.0,0.0,0.0,100.0,0.0,0.0,161.56,14.61,3.57,0.65,0.31
615,67.37,0.0,100.0,0.0,0.0,100.0,0.0,0.0,43.65,9.91,6.35,0.33,0.33
616,56.5,0.0,100.0,0.0,0.0,100.0,0.0,0.0,58.09,6.83,5.47,0.44,0.33
617,73.1,0.0,100.0,0.0,0.0,100.0,0.0,0.0,56.89,2.06,9.61,0.28,0.37
618,46.35,0.0,100.0,0.0,0.0,100.0,0.0,0.0,46.94,13.27,4.56,0.55,0.33
619,66.99,0.0,100.0,0.0,0.0,100.0,0.0,0.0,50.96,10.13,6.95,0.34,0.33
620,44.52,0.0,100.0,0.0,0.0,100.0,0.0,0.0,66.96,14.11,3.79,0.56,0.32
621,36.06,0.0,100.0,0.0,0.0,100.0,0.0,0.0,79.59,14.81,3.39,0.64,0.31
622,51.74,0.03,97.0,3.0,0.0,97.0,0.0,0.0,41.02,10.31,4.58,0.42,0.34
623,41.8,0.0,100.0,0.0,0.0,100.0,0.0,0.0,45.59,15.51,2.45,0.56,0.34
624,66.06,0.0,100.0,0.0,0.0,100.0,0.0,0.0,51.95,6.43,6.42,0.36,0.36
625,35.16,0.0,100.0,0.0,0.0,100.0,0.0,0.0,132.25,16.0,2.84,0.65,0.31
626,57.11,0.0,100.0,0.0,0.0,100.0,0.0,0.0,47.05,5.65,8.03,0.42,0.33
627,68.1,0.0,100.0,0.0,0.0,100.0,0.0,0.0,33.24,5.56,7.07,0.34,0.38
628,63.83,0.0,100.0,0.0,0.0,100.0,0.0,0.0,56.78,10.01,6.59,0.37,0.33
629,57.24,0.0,100.0,0.0,0.0,100.0,0.0,0.0,57.8,10.02,5.67,0.39,0.33
630,57.8,0.0,100.0,0.0,0.0,100.0,0.0,0.0,37.7,11.71,5.25,0.43,0.38
631,82.04,0.0,100.0,0.0,0.0,100.0,0.0,0.0,46.98,1.99,9.1,0.17,0.4
632,65.21,0.0,100.0,0.0,0.0,100.0,0.0,0.0,63.21,13.05,3.85,0.34,0.38
633,63.46,0.0,100.0,0.0,0.0,100.0,0.0,0.0,43.89,5.77,7.94,0.36,0.43
634,52.34,0.0,100.0,0.0,0.0,100.0,0.0,0.0,42.53,10.58,6.69,0.43,0.41
635,48.04,0.0,100.0,0.0,0.0,100.0,0.0,0.0,72.42,7.2,6.5,0.54,0.4
636,47.02,0.0,100.0,0.0,0.0,100.0,0.0,0.0,108.13,13.73,3.54,0.53,0.37
637,60.42,0.0,100.0,0.0,0.0,100.0,0.0,0.0,55.61,5.4,7.37,0.39,0.41
638,35.4,0.0,100.0,0.0,0.0,100.0,0.0,0.0,165.65,16.0,2.57,0.65,0.37
639,44.57,0.0,100.0,0.0,0.0,100.0,0.0,0.0,83.02,13.49,3.94,0.55,0.37
640,56.52,0.0,100.0,0.0,0.0,100.0,0.0,0.0,59.07,12.08,4.41,0.44,0.41
641,29.17,0.0,100.0,0.0,0.0,100.0,0.0,0.0,198.16,15.33,2.61,0.71,0.34
642,75.15,0.0,100.0,0.0,0.0,100.0,0.0,0.0,60.28,2.43,8.56,0.27,0.41
643,66.38,0.0,100.0,0.0,0.0,100.0,0.0,0.0,57.97,2.1,9.02,0.34,0.41
644,46.02,0.0,100.0,0.0,0.0,100.0,0.0,0.0,104.29,12.62,5.21,0.54,0.38
645,43.83,0.0,100.0,0.0,0.0,100.0,0.0,0.0,75.98,13.55,4.44,0.56,0.37
646,69.96,0.0,100.0,0.0,0.0,100.0,0.0,0.0,56.66,2.06,8.41,0.26,0.41
647,46.3,0.0,100.0,0.0,0.0,100.0,0.0,0.0,85.34,13.39,4.05,0.55,0.38
648,55.88,0.0,100.0,0.0,0.0,100.0,0.0,0.0,66.54,10.83,6.2,0.42,0.38
649,29.17,0.0,100.0,0.0,0.0,100.0,0.0,0.0,316.15,15.33,3.02,0.71,0.32
650,29.17,0.0,100.0,0.0,0.0,100.0,0.0,0.0,346.83,16.0,2.39,0.71,0.35
651,61.59,0.0,100.0,0.0,0.0,100.0,0.0,0.0,31.66,3.37,7.87,0.41,0.4
652,62.73,0.0,100.0,0.0,0.0,100.0,0.0,0.0,49.02,6.91,5.55,0.4,0.4
653,45.64,0.0,100.0,0.0,0.0,100.0,0.0,0.0,55.05,7.38,5.69,0.55,0.38
654,77.85,0.0,100.0,0.0,0.0,100.0,0.0,0.0,40.51,1.92,8.0,0.22,0.37
655,60.17,0.0,100.0,0.0,0.0,100.0,0.0,0.0,25.11,9.79,5.9,0.37,0.4
656,68.14,0.0,100.0,0.0,0.0,100.0,0.0,0.0,56.9,9.96,7.0,0.31,0.4
657,55.47,0.05,95.0,5.0,0.0,95.0,0.0,0.0,39.7,10.21,6.48,0.38,0.4
658,55.08,0.0,100.0,0.0,0.0,100.0,0.0,0.0,33.36,6.35,6.74,0.46,0.42
659,60.58,0.0,100.0,0.0,0.0,100.0,0.0,0.0,75.62,2.88,9.1,0.39,0.4
660,35.47,0.0,100.0,0.0,0.0,100.0,0.0,0.0,148.43,7.74,6.06,0.64,0.36
661,54.75,0.04,96.0,4.0,0.0,96.0,0.0,0.0,68.85,10.52,6.1,0.39,0.38
662,54.76,0.0,100.0,0.0,0.0,100.0,0.0,0.0,44.7,13.88,3.59,0.46,0.37
663,44.5,0.0,100.0,0.0,0.0,100.0,0.0,0.0,51.86,13.06,4.62,0.56,0.41
664,35.32,0.0,100.0,0.0,0.0,100.0,0.0,0.0,274.01,14.85,2.99,0.65,0.36
665,72.28,0.0,100.0,0.0,0.0,100.0,0.0,0.0,44.0,3.01,9.52,0.27,0.38
666,35.73,0.0,100.0,0.0,0.0,100.0,0.0,0.0,135.44,15.25,3.41,0.65,0.4
667,29.17,0.0,100.0,0.0,0.0,100.0,0.0,0.0,272.64,16.0,2.42,0.71,0.36
668,56.03,0.0,100.0,0.0,0.0,100.0,0.0,0.0,54.83,6.02,7.58,0.43,0.44
669,62.67,0.0,100.0,0.0,0.0,100.0,0.0,0.0,27.33,5.09,6.81,0.37,0.41
670,68.11,0.0,100.0,0.0,0.0,100.0,0.0,0.0,75.53,5.32,6.84,0.35,0.37
671,35.34,0.0,100.0,0.0,0.0,100.0,0.0,0.0,231.21,14.6,3.72,0.65,0.36
672,43.55,0.0,100.0,0.0,0.0,100.0,0.0,0.0,93.09,13.31,4.33,0.54,0.37
673,41.43,0.08,92.0,8.0,0.0,92.0,0.0,0.0,40.49,13.89,3.56,0.46,0.41
674,72.89,0.0,100.0,0.0,0.0,100.0,0.0,0.0,54.64,9.32,6.39,0.3,0.41
675,34.93,0.0,100.0,0.0,0.0,100.0,0.0,0.0,128.34,8.0,4.8,0.65,0.33
676,29.17,0.0,100.0,0.0,0.0,100.0,0.0,0.0,268.06,15.33,3.0,0.71,0.36
677,62.66,0.0,100.0,0.0,0.0,100.0,0.0,0.0,39.28,5.31,7.64,0.41,0.39
678,68.45,0.0,100.0,0.0,0.0,100.0,0.0,0.0,29.95,9.77,6.73,0.31,0.38
679,81.12,0.0,100.0,0.0,0.0,100.0,0.0,0.0,41.56,2.23,7.64,0.18,0.5
680,47.93,0.07,93.0,7.0,0.0,93.0,0.0,0.0,52.69,6.4,5.92,0.39,0.37
681,53.4,0.0,100.0,0.0,0.0,100.0,0.0,0.0,63.85,6.13,6.97,0.46,0.38
682,73.29,0.03,97.0,3.0,0.0,97.0,0.0,0.0,55.95,2.75,9.12,0.23,0.38
683,55.84,0.06,94.0,6.0,0.0,94.0,0.0,0.0,48.58,9.79,6.48,0.36,0.38
684,64.54,0.0,100.0,0.0,0.0,100.0,0.0,0.0,55.82,10.54,5.7,0.35,0.42
685,35.19,0.0,100.0,0.0,0.0,100.0,0.0,0.0,118.41,7.41,6.29,0.64,0.37
686,61.46,0.0,100.0,0.0,0.0,100.0,0.0,0.0,46.81,10.91,5.05,0.37,0.38
687,43.66,0.0,100.0,0.0,0.0,100.0,0.0,0.0,103.27,14.3,3.98,0.57,0.32
688,35.99,0.0,100.0,0.0,0.0,100.0,0.0,0.0,244.38,14.83,3.61,0.65,0.32
689,41.05,0.0,100.0,0.0,0.0,100.0,0.0,0.0,103.91,14.11,3.81,0.6,0.32
690,55.36,0.03,97.0,3.0,0.0,97.0,0.0,0.0,28.97,10.08,6.3,0.4,0.33
691,57.86,0.0,100.0,0.0,0.0,100.0,0.0,0.0,46.9,13.01,4.61,0.41,0.37
692,45.5,0.0,100.0,0.0,0.0,100.0,0.0,0.0,80.81,13.55,4.19,0.55,0.33
693,66.25,0.0,100.0,0.0,0.0,100.0,0.0,0.0,71.28,10.18,5.65,0.34,0.34
694,46.9,0.0,100.0,0.0,0.0,100.0,0.0,0.0,100.29,14.03,4.41,0.52,0.33
695,34.23,0.0,100.0,0.0,0.0,100.0,0.0,0.0,217.84,15.55,3.32,0.65,0.32
696,58.21,0.0,100.0,0.0,0.0,100.0,0.0,0.0,57.28,13.55,3.9,0.41,0.32
697,62.84,0.0,100.0,0.0,0.0,100.0,0.0,0.0,56.07,6.15,7.65,0.4,0.37
698,35.18,0.0,100.0,0.0,0.0,100.0,0.0,0.0,238.68,16.0,2.42,0.64,0.3
699,43.88,0.0,100.0,0.0,0.0,100.0,0.0,0.0,67.91,7.39,5.52,0.56,0.33
700,49.63,0.04,96.0,4.0,0.0,96.0,0.0,0.0,53.35,10.86,6.14,0.44,0.33
701,66.28,0.0,100.0,0.0,0.0,100.0,0.0,0.0,40.35,3.2,8.36,0.32,0.35
702,64.27,0.0,100.0,0.0,0.0,100.0,0.0,0.0,36.91,10.29,6.76,0.35,0.35
703,60.63,0.0,100.0,0.0,0.0,100.0,0.0,0.0,62.99,11.43,5.05,0.41,0.37
704,64.33,0.0,100.0,0.0,0.0,100.0,0.0,0.0,68.38,9.81,5.46,0.33,0.35
705,52.43,0.05,95.0,5.0,0.0,95.0,0.0,0.0,46.61,10.16,5.45,0.4,0.35
706,60.42,0.0,100.0,0.0,0.0,100.0,0.0,0.0,53.8,12.36,4.44,0.41,0.38
707,68.12,0.07,93.0,7.0,0.0,93.0,0.0,0.0,39.83,1.67,8.85,0.36,0.39
708,47.61,0.0,100.0,0.0,0.0,100.0,0.0,0.0,49.97,6.88,6.83,0.52,0.4
709,46.49,0.08,92.0,8.0,0.0,92.0,0.0,0.0,73.55,10.32,6.55,0.4,0.55
710,41.11,0.0,100.0,0.0,0.0,100.0,0.0,0.0,66.57,6.87,5.97,0.58,0.47
711,66.08,0.0,100.0,0.0,0.0,100.0,0.0,0.0,54.45,6.48,7.22,0.33,0.48
712,55.51,0.0,100.0,0.0,0.0,100.0,0.0,0.0,44.65,5.99,7.66,0.43,0.58
713,65.94,0.0,100.0,0.0,0.0,100.0,0.0,0.0,42.99,2.04,9.64,0.33,1.08
714,58.2,0.0,100.0,0.0,0.0,100.0,0.0,0.0,56.17,11.57,5.09,0.42,0.56
715,48.2,0.0,100.0,0.0,0.0,100.0,0.0,0.0,67.35,12.98,5.68,0.52,0.47
716,63.93,0.0,100.0,0.0,0.0,100.0,0.0,0.0,47.77,6.45,6.54,0.36,0.41
717,35.73,0.0,100.0,0.0,0.0,100.0,0.0,0.0,190.1,14.22,5.11,0.64,0.4
718,29.17,0.0,100.0,0.0,0.0,100.0,0.0,0.0,126.09,8.0,4.47,0.71,0.37
719,56.61,0.0,100.0,0.0,0.0,100.0,0.0,0.0,55.76,5.87,6.99,0.4,0.46
720,49.28,0.0,100.0,0.0,0.0,100.0,0.0,0.0,55.87,13.08,4.88,0.51,0.67
721,57.52,0.0,100.0,0.0,0.0,100.0,0.0,0.0,45.62,11.92,4.43,0.42,1.13
722,44.45,0.0,100.0,0.0,0.0,100.0,0.0,0.0,83.0,13.81,3.79,0.55,0.76
723,69.64,0.06,94.0,6.0,0.0,94.0,0.0,0.0,57.94,1.61,9.02,0.31,0.56
724,42.61,0.0,100.0,0.0,0.0,100.0,0.0,0.0,91.32,7.34,5.93,0.57,0.51
725,60.64,0.0,100.0,0.0,0.0,100.0,0.0,0.0,79.06,5.36,7.55,0.39,0.48
726,61.42,0.0,100.0,0.0,0.0,100.0,0.0,0.0,34.55,11.33,5.64,0.38,0.53
727,35.19,0.0,100.0,0.0,0.0,100.0,0.0,0.0,193.04,14.65,3.57,0.65,0.89
728,71.54,0.0,100.0,0.0,0.0,100.0,0.0,0.0,34.89,2.04,10.3,0.26,0.75
729,44.37,0.0,100.0,0.0,0.0,100.0,0.0,0.0,57.28,7.0,7.12,0.55,0.54
730,57.37,0.0,100.0,0.0,0.0,100.0,0.0,0.0,64.39,10.03,6.29,0.43,0.47
731,47.37,0.0,100.0,0.0,0.0,100.0,0.0,0.0,63.49,14.74,3.68,0.55,0.41
732,35.07,0.0,100.0,0.0,0.0,100.0,0.0,0.0,234.65,8.0,5.26,0.65,0.43
733,60.54,0.0,100.0,0.0,0.0,100.0,0.0,0.0,56.29,6.07,7.83,0.39,0.45
734,34.94,0.0,100.0,0.0,0.0,100.0,0.0,0.0,175.56,7.76,5.6,0.65,0.54
735,42.26,0.0,100.0,0.0,0.0,100.0,0.0,0.0,59.62,6.99,6.61,0.57,0.49
736,62.03,0.0,100.0,0.0,0.0,100.0,0.0,0.0,66.73,13.13,3.55,0.4,0.43
737,51.6,0.04,96.0,4.0,0.0,96.0,0.0,0.0,65.42,5.46,6.57,0.43,0.42
738,59.83,0.0,100.0,0.0,0.0,100.0,0.0,0.0,65.19,6.73,5.38,0.4,0.48
739,63.76,0.0,100.0,0.0,0.0,100.0,0.0,0.0,32.82,3.11,8.18,0.39,0.51
740,78.55,0.03,97.0,3.0,0.0,97.0,0.0,0.0,51.38,1.3,8.25,0.24,0.68
741,45.71,0.0,100.0,0.0,0.0,100.0,0.0,0.0,86.86,13.59,3.84,0.55,0.46
742,29.17,0.0,100.0,0.0,0.0,100.0,0.0,0.0,256.91,16.0,2.55,0.71,0.52
743,58.02,0.0,100.0,0.0,0.0,100.0,0.0,0.0,67.34,5.97,7.1,0.4,0.87
744,35.57,0.0,100.0,0.0,0.0,100.0,0.0,0.0,144.82,14.53,4.03,0.64,0.64
745,34.93,0.0,100.0,0.0,0.0,100.0,0.0,0.0,159.25,7.42,6.24,0.65,0.45
746,81.93,0.05,95.0,5.0,0.0,95.0,0.0,0.0,21.3,1.57,9.84,0.18,0.38
747,57.69,0.0,100.0,0.0,0.0,100.0,0.0,0.0,46.08,5.66,6.97,0.42,0.38
748,45.62,0.0,100.0,0.0,0.0,100.0,0.0,0.0,99.92,15.31,3.26,0.54,0.36
749,44.63,0.0,100.0,0.0,0.0,100.0,0.0,0.0,101.54,12.91,5.13,0.56,0.38
750,59.62,0.0,100.0,0.0,0.0,100.0,0.0,0.0,55.27,5.53,7.57,0.41,0.55
751,66.27,0.0,100.0,0.0,0.0,100.0,0.0,0.0,50.03,2.07,8.72,0.35,1.0
752,81.55,0.0,100.0,0.0,0.0,100.0,0.0,0.0,56.25,1.73,9.49,0.16,0.71
753,44.4,0.0,100.0,0.0,0.0,100.0,0.0,0.0,100.92,12.98,4.06,0.56,0.49
754,54.6,0.0,100.0,0.0,0.0,100.0,0.0,0.0,58.47,13.41,3.45,0.45,0.46
755,43.53,0.0,100.0,0.0,0.0,100.0,0.0,0.0,85.41,12.84,4.41,0.56,0.46
756,43.95,0.0,100.0,0.0,0.0,100.0,0.0,0.0,93.89,13.41,4.47,0.56,0.72
757,43.62,0.0,100.0,0.0,0.0,100.0,0.0,0.0,55.87,6.93,6.89,0.57,0.57
758,56.6,0.0,100.0,0.0,0.0,100.0,0.0,0.0,46.62,6.73,6.17,0.44,0.53
759,34.55,0.0,100.0,0.0,0.0,100.0,0.0,0.0,238.71,15.49,3.4,0.65,0.52
760,35.41,0.0,100.0,0.0,0.0,100.0,0.0,0.0,172.34,7.41,5.17,0.64,0.43
761,66.06,0.0,100.0,0.0,0.0,100.0,0.0,0.0,45.97,2.98,9.08,0.34,0.42
762,67.37,0.0,100.0,0.0,0.0,100.0,0.0,0.0,51.95,1.84,9.52,0.35,0.39
763,34.97,0.0,100.0,0.0,0.0,100.0,0.0,0.0,134.37,14.57,3.75,0.65,0.35
764,59.4,0.0,100.0,0.0,0.0,100.0,0.0,0.0,27.56,11.34,4.63,0.4,0.38
765,43.28,0.0,100.0,0.0,0.0,100.0,0.0,0.0,95.04,14.67,4.15,0.57,0.59
766,52.36,0.0,100.0,0.0,0.0,100.0,0.0,0.0,69.88,14.18,2.96,0.46,0.44
767,29.17,0.0,100.0,0.0,0.0,100.0,0.0,0.0,316.38,16.0,2.45,0.71,0.3
768,62.97,0.0,100.0,0.0,0.0,100.0,0.0,0.0,33.64,9.57,6.59,0.37,0.34
769,48.37,0.03,97.0,3.0,0.0,97.0,0.0,0.0,59.59,5.96,6.38,0.44,0.33
770,60.28,0.0,100.0,0.0,0.0,100.0,0.0,0.0,41.21,5.37,6.65,0.42,0.32
771,62.45,0.0,100.0,0.0,0.0,100.0,0.0,0.0,51.14,3.08,9.32,0.34,0.35
772,62.92,0.0,100.0,0.0,0.0,100.0,0.0,0.0,73.22,10.21,6.14,0.34,0.36
773,57.37,0.0,100.0,0.0,0.0,100.0,0.0,0.0,39.34,9.97,6.36,0.43,0.36
774,54.16,0.0,100.0,0.0,0.0,100.0,0.0,0.0,53.84,7.05,5.83,0.45,0.33
775,60.88,0.0,100.0,0.0,0.0,100.0,0.0,0.0,61.66,5.68,8.17,0.38,0.34
776,68.17,0.0,100.0,0.0,0.0,100.0,0.0,0.0,51.17,9.8,6.58,0.32,0.39
777,56.4,0.0,100.0,0.0,0.0,100.0,0.0,0.0,60.43,12.1,4.6,0.45,0.39
778,66.1,0.0,100.0,0.0,0.0,100.0,0.0,0.0,57.66,10.04,6.66,0.34,0.41
779,34.84,0.0,100.0,0.0,0.0,100.0,0.0,0.0,70.52,15.53,2.69,0.65,0.37
780,63.48,0.0,100.0,0.0,0.0,100.0,0.0,0.0,64.0,5.24,6.34,0.36,0.4
781,61.68,0.0,100.0,0.0,0.0,100.0,0.0,0.0,44.23,13.44,3.93,0.35,0.38
782,55.48,0.0,100.0,0.0,0.0,100.0,0.0,0.0,58.07,13.21,4.36,0.43,0.39
783,56.46,0.0,100.0,0.0,0.0,100.0,0.0,0.0,36.3,7.22,6.48,0.45,0.4
784,63.28,0.0,100.0,0.0,0.0,100.0,0.0,0.0,52.39,6.36,6.26,0.37,0.43
785,44.05,0.0,100.0,0.0,0.0,100.0,0.0,0.0,85.82,13.7,4.18,0.57,0.39
786,65.75,0.0,100.0,0.0,0.0,100.0,0.0,0.0,50.5,5.7,6.91,0.37,0.43
787,48.88,0.0,100.0,0.0,0.0,100.0,0.0,0.0,76.88,14.29,3.28,0.52,0.46
788,79.29,0.06,94.0,6.0,0.0,94.0,0.0,0.0,85.71,2.37,8.42,0.22,0.52
789,47.81,0.0,100.0,0.0,0.0,100.0,0.0,0.0,69.05,13.01,5.35,0.55,0.43
790,44.69,0.0,100.0,0.0,0.0,100.0,0.0,0.0,60.51,13.87,4.06,0.55,0.46
791,55.58,0.0,100.0,0.0,0.0,100.0,0.0,0.0,42.82,7.02,5.78,0.43,0.46
792,29.17,0.0,100.0,0.0,0.0,100.0,0.0,0.0,176.81,16.0,2.9,0.71,0.49
793,70.58,0.0,100.0,0.0,0.0,100.0,0.0,0.0,40.27,1.97,8.6,0.31,0.82
794,49.02,0.03,97.0,3.0,0.0,97.0,0.0,0.0,52.38,12.12,4.56,0.47,0.47
795,67.47,0.0,100.0,0.0,0.0,100.0,0.0,0.0,54.52,2.71,9.97,0.33,0.51
796,35.34,0.0,100.0,0.0,0.0,100.0,0.0,0.0,261.73,7.44,4.69,0.65,0.45
797,56.61,0.0,100.0,0.0,0.0,100.0,0.0,0.0,28.71,5.76,6.54,0.42,0.42
798,44.83,0.0,100.0,0.0,0.0,100.0,0.0,0.0,78.97,7.37,6.66,0.55,0.46
799,44.2,0.0,100.0,0.0,0.0,100.0,0.0,0.0,82.74,13.21,4.29,0.56,0.51
800,51.11,0.06,94.0,6.0,0.0,94.0,0.0,0.0,52.43,11.2,5.09,0.4,0.41
801,73.29,0.0,100.0,0.0,0.0,100.0,0.0,0.0,53.2,2.99,8.29,0.27,0.43
802,67.12,0.0,100.0,0.0,0.0,100.0,0.0,0.0,48.02,9.53,6.74,0.32,0.91
803,67.7,0.0,100.0,0.0,0.0,100.0,0.0,0.0,48.91,12.48,4.59,0.34,0.88
804,63.25,0.0,100.0,0.0,0.0,100.0,0.0,0.0,75.55,11.19,5.83,0.35,0.73
805,64.53,0.0,100.0,0.0,0.0,100.0,0.0,0.0,51.94,3.23,8.81,0.37,0.5
806,69.67,0.0,100.0,0.0,0.0,100.0,0.0,0.0,37.32,2.52,9.23,0.28,0.64
807,63.96,0.0,100.0,0.0,0.0,100.0,0.0,0.0,61.08,4.95,7.6,0.35,0.43
808,75.86,0.0,100.0,0.0,0.0,100.0,0.0,0.0,62.41,2.81,9.45,0.22,0.4
809,59.18,0.0,100.0,0.0,0.0,100.0,0.0,0.0,68.26,10.18,6.82,0.39,0.37
810,44.54,0.0,100.0,0.0,0.0,100.0,0.0,0.0,41.4,14.09,4.19,0.56,0.34
811,76.98,0.0,100.0,0.0,0.0,100.0,0.0,0.0,27.18,3.38,9.11,0.25,0.38
812,64.35,0.0,100.0,0.0,0.0,100.0,0.0,0.0,39.08,5.17,8.01,0.37,0.55
813,29.17,0.0,100.0,0.0,0.0,100.0,0.0,0.0,187.72,16.0,2.32,0.71,0.62
814,64.15,0.05,95.0,5.0,0.0,95.0,0.0,0.0,40.06,3.25,9.53,0.37,0.44
815,45.18,0.0,100.0,0.0,0.0,100.0,0.0,0.0,60.0,13.72,4.05,0.53,0.41
816,59.03,0.0,100.0,0.0,0.0,100.0,0.0,0.0,51.92,11.3,4.81,0.4,0.4
817,55.76,0.0,100.0,0.0,0.0,100.0,0.0,0.0,74.16,10.18,6.65,0.41,0.38
818,47.42,0.08,92.0,8.0,0.0,92.0,0.0,0.0,53.64,5.89,6.64,0.41,0.43
819,59.99,0.0,100.0,0.0,0.0,100.0,0.0,0.0,49.88,5.91,7.36,0.4,0.64
820,54.62,0.0,100.0,0.0,0.0,100.0,0.0,0.0,53.69,7.01,5.87,0.44,0.43
821,41.8,0.0,100.0,0.0,0.0,100.0,0.0,0.0,70.83,6.72,6.8,0.57,0.38
822,48.17,0.0,100.0,0.0,0.0,100.0,0.0,0.0,63.88,13.33,4.4,0.54,0.36
823,77.99,0.0,100.0,0.0,0.0,100.0,0.0,0.0,52.21,3.26,9.58,0.24,0.35
824,63.92,0.0,100.0,0.0,0.0,100.0,0.0,0.0,44.46,10.0,6.29,0.39,0.47
825,57.22,0.0,100.0,0.0,0.0,100.0,0.0,0.0,55.75,6.88,6.26,0.39,0.49
826,61.93,0.0,100.0,0.0,0.0,100.0,0.0,0.0,46.53,10.85,5.86,0.37,0.44
827,64.8,0.0,100.0,0.0,0.0,100.0,0.0,0.0,27.85,3.37,7.96,0.41,0.58
828,46.32,0.0,100.0,0.0,0.0,100.0,0.0,0.0,45.55,13.06,5.19,0.55,0.59
829,57.93,0.0,100.0,0.0,0.0,100.0,0.0,0.0,46.14,12.19,4.67,0.46,0.42
830,46.51,0.0,100.0,0.0,0.0,100.0,0.0,0.0,63.41,14.2,4.17,0.53,0.45
831,54.36,0.0,100.0,0.0,0.0,100.0,0.0,0.0,40.23,6.22,7.39,0.44,0.43
832,64.68,0.0,100.0,0.0,0.0,100.0,0.0,0.0,43.95,7.21,6.31,0.36,0.37
833,43.26,0.07,93.0,7.0,0.0,93.0,0.0,0.0,51.53,11.21,5.71,0.47,0.37
834,67.92,0.08,92.0,8.0,0.0,92.0,0.0,0.0,50.89,2.16,9.37,0.36,0.38
835,70.9,0.0,100.0,0.0,0.0,100.0,0.0,0.0,33.28,2.22,9.36,0.29,0.43
836,76.41,0.27,73.0,27.0,0.0,73.0,0.0,0.0,67.41,2.24,7.95,0.29,0.73
837,46.02,0.0,100.0,0.0,0.0,100.0,0.0,0.0,29.54,13.52,4.56,0.55,0.52
838,65.77,0.0,100.0,0.0,0.0,100.0,0.0,0.0,32.15,7.08,5.84,0.36,0.41
839,61.89,0.0,100.0,0.0,0.0,100.0,0.0,0.0,41.93,5.83,7.9,0.39,0.46
840,54.36,0.04,96.0,4.0,0.0,96.0,0.0,0.0,59.04,10.08,6.68,0.38,0.42
841,47.64,0.0,100.0,0.0,0.0,100.0,0.0,0.0,46.84,7.51,5.62,0.51,0.41
842,35.65,0.0,100.0,0.0,0.0,100.0,0.0,0.0,69.98,7.75,5.79,0.65,0.4
843,41.92,0.0,100.0,0.0,0.0,100.0,0.0,0.0,53.43,13.72,4.19,0.57,0.43
844,63.67,0.0,100.0,0.0,0.0,100.0,0.0,0.0,41.25,6.5,6.2,0.37,0.45
845,63.06,0.0,100.0,0.0,0.0,100.0,0.0,0.0,54.22,13.52,4.47,0.42,0.41
846,67.74,0.0,100.0,0.0,0.0,100.0,0.0,0.0,62.74,2.94,8.82,0.33,0.67
847,45.39,0.0,100.0,0.0,0.0,100.0,0.0,0.0,65.58,6.79,5.43,0.56,0.68
848,35.45,0.0,100.0,0.0,0.0,100.0,0.0,0.0,169.73,8.0,4.83,0.65,0.46
849,36.15,0.0,100.0,0.0,0.0,100.0,0.0,0.0,184.25,7.74,5.59,0.64,0.44
850,43.67,0.08,92.0,8.0,0.0,92.0,0.0,0.0,76.67,11.33,5.2,0.44,0.41
851,50.09,0.0,100.0,0.0,0.0,100.0,0.0,0.0,71.86,7.17,5.81,0.51,0.41
852,35.01,0.0,100.0,0.0,0.0,100.0,0.0,0.0,134.22,14.26,4.05,0.65,0.41
853,73.88,0.0,100.0,0.0,0.0,100.0,0.0,0.0,63.5,2.97,8.93,0.25,0.48
854,29.17,0.0,100.0,0.0,0.0,100.0,0.0,0.0,250.51,16.0,2.7,0.71,0.36
855,69.1,0.0,100.0,0.0,0.0,100.0,0.0,0.0,39.79,3.19,9.59,0.3,0.45
856,44.66,0.0,100.0,0.0,0.0,100.0,0.0,0.0,70.67,13.44,4.36,0.54,0.46
857,56.9,0.0,100.0,0.0,0.0,100.0,0.0,0.0,82.32,13.19,4.06,0.41,0.64
858,60.65,0.0,100.0,0.0,0.0,100.0,0.0,0.0,68.76,5.35,7.52,0.38,0.63
859,62.08,0.0,100.0,0.0,0.0,100.0,0.0,0.0,67.66,5.69,7.3,0.38,0.46
860,57.51,0.0,100.0,0.0,0.0,100.0,0.0,0.0,43.74,10.66,5.48,0.42,0.38
861,45.9,0.0,100.0,0.0,0.0,100.0,0.0,0.0,73.16,12.88,4.39,0.55,0.4
862,56.31,0.0,100.0,0.0,0.0,100.0,0.0,0.0,57.13,11.05,6.0,0.44,0.4
863,46.21,0.0,100.0,0.0,0.0,100.0,0.0,0.0,79.61,14.23,3.6,0.53,0.4
864,45.94,0.0,100.0,0.0,0.0,100.0,0.0,0.0,38.43,6.76,6.2,0.56,0.39
865,35.05,0.0,100.0,0.0,0.0,100.0,0.0,0.0,234.97,14.83,3.73,0.65,0.35
866,46.81,0.0,100.0,0.0,0.0,100.0,0.0,0.0,51.84,13.48,3.78,0.56,0.37
867,34.99,0.0,100.0,0.0,0.0,100.0,0.0,0.0,239.93,14.66,3.44,0.65,0.37
868,44.25,0.0,100.0,0.0,0.0,100.0,0.0,0.0,65.16,6.64,6.45,0.56,0.4
869,66.64,0.0,100.0,0.0,0.0,100.0,0.0,0.0,61.85,3.41,8.46,0.35,0.34
870,47.52,0.06,94.0,6.0,0.0,94.0,0.0,0.0,58.57,5.39,6.88,0.43,0.35
871,35.47,0.0,100.0,0.0,0.0,100.0,0.0,0.0,282.52,15.49,3.26,0.65,0.32
872,60.97,0.0,100.0,0.0,0.0,100.0,0.0,0.0,48.33,10.21,6.3,0.42,0.35
873,61.69,0.0,100.0,0.0,0.0,100.0,0.0,0.0,34.85,5.59,8.35,0.37,0.34
874,46.97,0.0,100.0,0.0,0.0,100.0,0.0,0.0,52.61,7.35,5.66,0.55,0.36
875,81.59,0.22,78.0,22.0,0.0,78.0,0.0,0.0,54.01,2.29,7.71,0.25,0.32
876,60.84,0.0,100.0,0.0,0.0,100.0,0.0,0.0,42.03,10.18,6.25,0.37,0.36
877,43.37,0.0,100.0,0.0,0.0,100.0,0.0,0.0,72.32,13.83,4.26,0.57,0.34
878,63.47,0.0,100.0,0.0,0.0,100.0,0.0,0.0,31.38,11.37,5.13,0.38,0.41
879,57.76,0.0,100.0,0.0,0.0,100.0,0.0,0.0,45.01,13.12,4.68,0.43,0.39
880,60.11,0.0,100.0,0.0,0.0,100.0,0.0,0.0,64.5,10.04,5.5,0.38,0.41
881,43.53,0.0,100.0,0.0,0.0,100.0,0.0,0.0,100.98,13.26,4.71,0.57,0.34
882,44.08,0.0,100.0,0.0,0.0,100.0,0.0,0.0,67.76,14.22,3.34,0.58,0.34
883,60.75,0.0,100.0,0.0,0.0,100.0,0.0,0.0,67.73,5.71,6.87,0.39,0.36
884,54.67,0.0,100.0,0.0,0.0,100.0,0.0,0.0,74.41,6.4,6.08,0.45,0.38
885,44.87,0.0,100.0,0.0,0.0,100.0,0.0,0.0,34.57,13.66,4.12,0.56,0.36
886,35.76,0.0,100.0,0.0,0.0,100.0,0.0,0.0,204.31,14.57,3.39,0.65,0.39
887,63.88,0.0,100.0,0.0,0.0,100.0,0.0,0.0,17.78,6.75,6.32,0.38,0.39
888,62.98,0.0,100.0,0.0,0.0,100.0,0.0,0.0,46.58,6.77,5.73,0.36,0.39
889,48.13,0.06,94.0,6.0,0.0,94.0,0.0,0.0,55.86,5.55,6.28,0.43,0.39
890,43.27,0.0,100.0,0.0,0.0,100.0,0.0,0.0,107.85,13.57,3.65,0.54,0.38
891,63.24,0.0,100.0,0.0,0.0,100.0,0.0,0.0,66.15,9.83,7.42,0.36,0.44
892,34.54,0.0,100.0,0.0,0.0,100.0,0.0,0.0,241.58,15.25,3.38,0.65,0.38
893,63.1,0.0,100.0,0.0,0.0,100.0,0.0,0.0,44.57,3.38,8.85,0.37,0.4
894,50.38,0.0,100.0,0.0,0.0,100.0,0.0,0.0,70.62,12.82,4.66,0.52,0.39
895,46.02,0.08,92.0,8.0,0.0,92.0,0.0,0.0,48.4,10.84,4.87,0.35,0.37
896,62.18,0.0,100.0,0.0,0.0,100.0,0.0,0.0,54.59,10.29,6.81,0.35,0.39
897,52.52,0.06,94.0,6.0,0.0,94.0,0.0,0.0,86.23,9.55,6.91,0.39,0.38
898,61.28,0.0,100.0,0.0,0.0,100.0,0.0,0.0,42.96,11.69,5.35,0.41,0.38
899,42.36,0.0,100.0,0.0,0.0,100.0,0.0,0.0,91.31,13.51,4.31,0.56,0.42
900,35.3,0.0,100.0,0.0,0.0,100.0,0.0,0.0,242.07,15.19,3.87,0.64,0.37
901,36.18,0.0,100.0,0.0,0.0,100.0,0.0,0.0,87.38,7.73,5.68,0.64,0.38
902,55.71,0.0,100.0,0.0,0.0,100.0,0.0,0.0,42.75,11.74,5.1,0.43,0.42
903,66.6,0.0,100.0,0.0,0.0,100.0,0.0,0.0,56.39,1.66,9.17,0.36,0.38
904,51.1,0.03,97.0,3.0,0.0,97.0,0.0,0.0,40.15,11.17,5.3,0.45,0.41
905,57.98,0.0,100.0,0.0,0.0,100.0,0.0,0.0,52.08,10.31,5.56,0.41,0.4
906,69.29,0.0,100.0,0.0,0.0,100.0,0.0,0.0,40.51,5.2,7.67,0.3,0.4
907,49.76,0.0,100.0,0.0,0.0,100.0,0.0,0.0,45.25,13.07,4.2,0.52,0.43
908,66.65,0.0,100.0,0.0,0.0,100.0,0.0,0.0,40.25,11.44,4.61,0.35,0.4
909,69.27,0.0,100.0,0.0,0.0,100.0,0.0,0.0,46.7,10.88,4.87,0.33,0.37
910,75.58,0.0,100.0,0.0,0.0,100.0,0.0,0.0,54.77,2.1,9.92,0.25,0.41
911,56.73,0.0,100.0,0.0,0.0,100.0,0.0,0.0,73.28,13.12,3.86,0.42,0.39
912,43.06,0.0,100.0,0.0,0.0,100.0,0.0,0.0,92.14,14.11,3.31,0.57,0.39
913,51.42,0.06,94.0,6.0,0.0,94.0,0.0,0.0,67.77,10.09,5.45,0.4,0.4
914,35.62,0.0,100.0,0.0,0.0,100.0,0.0,0.0,159.99,15.53,2.7,0.65,0.36
915,59.6,0.0,100.0,0.0,0.0,100.0,0.0,0.0,56.76,10.2,6.19,0.38,0.39
916,58.93,0.0,100.0,0.0,0.0,100.0,0.0,0.0,58.26,11.81,5.48,0.42,0.39
917,48.26,0.0,100.0,0.0,0.0,100.0,0.0,0.0,33.6,13.2,4.93,0.52,0.39
918,46.34,0.0,100.0,0.0,0.0,100.0,0.0,0.0,95.73,6.54,6.6,0.53,0.88
919,58.2,0.0,100.0,0.0,0.0,100.0,0.0,0.0,52.39,2.55,9.19,0.4,0.44
920,63.9,0.0,100.0,0.0,0.0,100.0,0.0,0.0,62.12,9.48,7.51,0.37,0.42
921,65.51,0.0,100.0,0.0,0.0,100.0,0.0,0.0,45.44,13.8,3.77,0.37,0.43
922,66.59,0.0,100.0,0.0,0.0,100.0,0.0,0.0,32.43,5.58,7.24,0.33,0.42
923,35.97,0.0,100.0,0.0,0.0,100.0,0.0,0.0,64.89,16.0,2.8,0.64,0.46
924,46.69,0.0,100.0,0.0,0.0,100.0,0.0,0.0,75.92,13.56,4.7,0.54,0.45
925,46.53,0.0,100.0,0.0,0.0,100.0,0.0,0.0,55.27,6.96,7.1,0.55,0.41
926,59.41,0.0,100.0,0.0,0.0,100.0,0.0,0.0,58.19,6.13,6.79,0.41,0.43
927,54.75,0.0,100.0,0.0,0.0,100.0,0.0,0.0,52.69,13.38,4.33,0.44,0.41
928,48.81,0.0,100.0,0.0,0.0,100.0,0.0,0.0,104.18,12.88,5.28,0.52,0.43
929,65.69,0.0,100.0,0.0,0.0,100.0,0.0,0.0,49.76,3.25,8.17,0.38,0.45
930,64.1,0.0,100.0,0.0,0.0,100.0,0.0,0.0,34.27,2.54,8.57,0.35,0.43
931,46.52,0.0,100.0,0.0,0.0,100.0,0.0,0.0,60.0,12.64,5.53,0.53,0.72
932,57.24,0.0,100.0,0.0,0.0,100.0,0.0,0.0,61.65,7.14,6.49,0.43,0.47
933,59.33,0.0,100.0,0.0,0.0,100.0,0.0,0.0,46.68,11.46,5.33,0.45,0.42
934,51.54,0.06,94.0,6.0,0.0,94.0,0.0,0.0,61.65,5.48,6.81,0.4,0.41
935,57.25,0.05,95.0,5.0,0.0,95.0,0.0,0.0,41.43,9.99,6.2,0.35,0.42
936,61.54,0.0,100.0,0.0,0.0,100.0,0.0,0.0,50.92,13.27,4.99,0.42,0.37
937,58.78,0.0,100.0,0.0,0.0,100.0,0.0,0.0,48.26,10.96,5.49,0.43,0.36
938,50.44,0.06,94.0,6.0,0.0,94.0,0.0,0.0,75.8,5.71,8.03,0.4,0.36
939,45.91,0.0,100.0,0.0,0.0,100.0,0.0,0.0,45.35,14.05,3.92,0.54,0.33
940,35.13,0.0,100.0,0.0,0.0,100.0,0.0,0.0,118.36,15.25,3.49,0.65,0.32
941,71.12,0.0,100.0,0.0,0.0,100.0,0.0,0.0,50.28,1.89,9.35,0.26,0.34
942,65.07,0.0,100.0,0.0,0.0,100.0,0.0,0.0,32.91,11.01,5.09,0.35,0.34
943,62.9,0.0,100.0,0.0,0.0,100.0,0.0,0.0,49.87,10.25,5.65,0.36,0.35
944,64.98,0.0,100.0,0.0,0.0,100.0,0.0,0.0,75.55,12.36,4.81,0.32,0.36
945,65.75,0.0,100.0,0.0,0.0,100.0,0.0,0.0,34.45,1.84,8.86,0.33,0.35
946,38.43,0.09,91.0,9.0,0.0,91.0,0.0,0.0,67.45,7.01,5.94,0.47,0.33
947,65.15,0.0,100.0,0.0,0.0,100.0,0.0,0.0,69.17,2.19,8.82,0.34,0.34
948,63.37,0.0,100.0,0.0,0.0,100.0,0.0,0.0,46.27,3.19,8.07,0.36,0.35
949,66.79,0.0,100.0,0.0,0.0,100.0,0.0,0.0,58.89,3.27,9.92,0.35,0.35
950,48.93,0.0,100.0,0.0,0.0,100.0,0.0,0.0,59.91,12.67,5.02,0.51,0.36
951,66.3,0.04,96.0,4.0,0.0,96.0,0.0,0.0,52.23,1.73,7.86,0.35,0.34
952,36.13,0.0,100.0,0.0,0.0,100.0,0.0,0.0,255.16,14.81,2.99,0.64,0.31
953,40.88,0.0,100.0,0.0,0.0,100.0,0.0,0.0,105.52,13.95,4.46,0.59,0.33
954,64.19,0.0,100.0,0.0,0.0,100.0,0.0,0.0,72.6,6.3,6.27,0.34,0.34
955,41.72,0.0,100.0,0.0,0.0,100.0,0.0,0.0,78.04,13.81,3.72,0.58,0.33
956,68.01,0.0,100.0,0.0,0.0,100.0,0.0,0.0,48.65,9.17,6.22,0.3,0.39
957,51.09,0.0,100.0,0.0,0.0,100.0,0.0,0.0,74.47,13.64,4.31,0.49,0.4
958,60.67,0.0,100.0,0.0,0.0,100.0,0.0,0.0,56.48,5.16,7.08,0.38,0.41
959,62.66,0.0,100.0,0.0,0.0,100.0,0.0,0.0,63.36,12.99,4.08,0.38,0.4
960,59.46,0.0,100.0,0.0,0.0,100.0,0.0,0.0,59.83,7.0,6.41,0.41,0.39
961,44.19,0.1,90.0,10.0,0.0,90.0,0.0,0.0,43.25,11.01,4.95,0.38,0.4
962,44.14,0.0,100.0,0.0,0.0,100.0,0.0,0.0,76.78,6.71,7.01,0.55,0.4
963,62.13,0.0,100.0,0.0,0.0,100.0,0.0,0.0,63.09,10.23,6.89,0.38,0.41
964,64.98,0.0,100.0,0.0,0.0,100.0,0.0,0.0,44.69,10.14,6.65,0.37,0.42
965,43.78,0.0,100.0,0.0,0.0,100.0,0.0,0.0,73.94,13.18,4.88,0.57,0.38
966,63.53,0.0,100.0,0.0,0.0,100.0,0.0,0.0,31.8,12.97,4.19,0.37,0.4
967,62.85,0.0,100.0,0.0,0.0,100.0,0.0,0.0,56.35,3.4,8.0,0.37,0.43
968,59.99,0.0,100.0,0.0,0.0,100.0,0.0,0.0,39.71,10.19,5.92,0.42,0.4
969,69.04,0.0,100.0,0.0,0.0,100.0,0.0,0.0,44.58,5.05,6.72,0.31,0.41
970,40.13,0.0,100.0,0.0,0.0,100.0,0.0,0.0,97.03,15.52,3.07,0.57,0.37
971,63.77,0.0,100.0,0.0,0.0,100.0,0.0,0.0,59.32,11.81,3.96,0.35,0.39
972,74.01,0.0,100.0,0.0,0.0,100.0,0.0,0.0,43.42,2.09,8.92,0.25,0.44
973,80.54,0.0,100.0,0.0,0.0,100.0,0.0,0.0,45.63,1.93,9.44,0.18,0.4
974,46.81,0.0,100.0,0.0,0.0,100.0,0.0,0.0,83.5,13.67,4.37,0.56,0.39
975,42.62,0.0,100.0,0.0,0.0,100.0,0.0,0.0,94.96,13.56,3.85,0.57,0.44
976,65.62,0.0,100.0,0.0,0.0,100.0,0.0,0.0,51.02,11.5,4.06,0.33,0.36
977,58.36,0.0,100.0,0.0,0.0,100.0,0.0,0.0,44.29,11.07,5.61,0.41,0.43
978,72.31,0.08,92.0,8.0,0.0,92.0,0.0,0.0,40.29,2.6,8.02,0.29,0.38
979,54.49,0.0,100.0,0.0,0.0,100.0,0.0,0.0,54.14,10.93,6.31,0.43,0.41
980,60.29,0.0,100.0,0.0,0.0,100.0,0.0,0.0,46.14,5.82,6.9,0.41,0.4
981,45.08,0.0,100.0,0.0,0.0,100.0,0.0,0.0,75.25,6.87,6.04,0.55,0.39
982,57.2,0.0,100.0,0.0,0.0,100.0,0.0,0.0,62.64,7.56,5.46,0.42,0.39
983,64.16,0.0,100.0,0.0,0.0,100.0,0.0,0.0,49.53,5.14,7.91,0.37,0.44
984,57.63,0.0,100.0,0.0,0.0,100.0,0.0,0.0,82.68,5.69,7.92,0.39,0.4
985,48.96,0.05,95.0,5.0,0.0,95.0,0.0,0.0,76.11,10.83,6.51,0.44,0.4
986,44.74,0.06,94.0,6.0,0.0,94.0,0.0,0.0,73.88,6.09,5.58,0.46,0.4
987,58.83,0.0,100.0,0.0,0.0,100.0,0.0,0.0,33.72,11.68,4.17,0.41,0.38
988,59.48,0.0,100.0,0.0,0.0,100.0,0.0,0.0,61.86,7.54,5.14,0.41,0.44
989,63.86,0.0,100.0,0.0,0.0,100.0,0.0,0.0,50.12,6.58,5.94,0.38,0.39
990,75.94,0.0,100.0,0.0,0.0,100.0,0.0,0.0,71.07,2.04,8.85,0.21,0.4
991,35.94,0.0,100.0,0.0,0.0,100.0,0.0,0.0,263.05,16.0,2.53,0.64,0.36
992,40.01,0.0,100.0,0.0,0.0,100.0,0.0,0.0,81.18,14.24,3.29,0.59,0.4
993,67.79,0.0,100.0,0.0,0.0,100.0,0.0,0.0,75.96,11.9,4.03,0.36,0.42
994,78.66,0.0,100.0,0.0,0.0,100.0,0.0,0.0,61.06,1.6,8.38,0.21,0.88
995,68.41,0.0,100.0,0.0,0.0,100.0,0.0,0.0,52.0,6.53,5.88,0.33,0.44
996,42.92,0.0,100.0,0.0,0.0,100.0,0.0,0.0,106.61,13.67,4.76,0.57,0.41
997,57.58,0.0,100.0,0.0,0.0,100.0,0.0,0.0,48.45,12.01,5.22,0.43,0.46
998,35.9,0.0,100.0,0.0,0.0,100.0,0.0,0.0,105.41,7.75,5.33,0.65,0.41
999,35.49,0.0,100.0,0.0,0.0,100.0,0.0,0.0,92.93,8.0,4.77,0.65,0.39
1000,68.46,0.0,100.0,0.0,0.0,100.0,0.0,0.0,58.65,12.62,5.09,0.35,0.45
1001,34.97,0.0,100.0,0.0,0.0,100.0,0.0,0.0,103.97,14.68,3.38,0.65,0.39
1002,36.27,0.0,100.0,0.0,0.0,100.0,0.0,0.0,55.34,15.47,3.46,0.64,0.43
1003,63.35,0.0,100.0,0.0,0.0,100.0,0.0,0.0,54.75,3.07,9.1,0.36,0.45
1004,61.22,0.0,100.0,0.0,0.0,100.0,0.0,0.0,72.87,5.76,7.12,0.39,0.65
1005,43.31,0.0,100.0,0.0,0.0,100.0,0.0,0.0,87.27,15.25,3.06,0.56,0.48
1006,63.11,0.0,100.0,0.0,0.0,100.0,0.0,0.0,42.11,15.0,3.06,0.37,0.44
1007,47.9,0.0,100.0,0.0,0.0,100.0,0.0,0.0,51.86,13.7,3.65,0.54,0.43
1008,64.54,0.0,100.0,0.0,0.0,100.0,0.0,0.0,44.89,3.29,7.99,0.38,0.43
1009,46.58,0.0,100.0,0.0,0.0,100.0,0.0,0.0,69.1,13.02,5.09,0.54,0.38
1010,68.91,0.0,100.0,0.0,0.0,100.0,0.0,0.0,62.85,12.93,4.71,0.35,0.38
1011,59.85,0.0,100.0,0.0,0.0,100.0,0.0,0.0,63.44,10.64,6.01,0.43,0.38
1012,29.17,0.0,100.0,0.0,0.0,100.0,0.0,0.0,191.62,16.0,2.62,0.71,0.35
1013,46.31,0.0,100.0,0.0,0.0,100.0,0.0,0.0,65.72,13.32,4.36,0.53,0.37
1014,35.64,0.0,100.0,0.0,0.0,100.0,0.0,0.0,262.31,14.56,3.93,0.64,0.37
1015,62.98,0.0,100.0,0.0,0.0,100.0,0.0,0.0,41.89,10.21,5.95,0.37,0.72
1016,42.08,0.0,100.0,0.0,0.0,100.0,0.0,0.0,95.82,13.52,3.87,0.56,0.35
1017,42.29,0.0,100.0,0.0,0.0,100.0,0.0,0.0,91.44,13.92,4.44,0.59,0.35
1018,58.33,0.0,100.0,0.0,0.0,100.0,0.0,0.0,47.64,3.17,8.95,0.4,0.35
1019,70.99,0.0,100.0,0.0,0.0,100.0,0.0,0.0,42.2,9.38,6.44,0.31,0.35
1020,36.38,0.0,100.0,0.0,0.0,100.0,0.0,0.0,234.93,14.78,3.05,0.64,0.31
1021,65.64,0.0,100.0,0.0,0.0,100.0,0.0,0.0,32.73,10.74,5.57,0.31,0.33
1022,61.18,0.0,100.0,0.0,0.0,100.0,0.0,0.0,59.87,11.42,4.95,0.39,0.33
1023,57.87,0.0,100.0,0.0,0.0,100.0,0.0,0.0,55.47,3.5,8.18,0.41,0.4
1024,59.32,0.0,100.0,0.0,0.0,100.0,0.0,0.0,59.45,3.68,8.47,0.38,0.36
1025,67.42,0.0,100.0,0.0,0.0,100.0,0.0,0.0,84.86,10.64,5.03,0.33,0.38
1026,58.82,0.0,100.0,0.0,0.0,100.0,0.0,0.0,62.3,11.49,4.85,0.41,0.39
1027,35.97,0.0,100.0,0.0,0.0,100.0,0.0,0.0,93.13,14.8,3.07,0.64,0.36
1028,35.94,0.0,100.0,0.0,0.0,100.0,0.0,0.0,174.41,15.49,3.36,0.65,0.35
1029,67.48,0.04,96.0,4.0,0.0,96.0,0.0,0.0,32.93,2.5,8.88,0.34,0.41
1030,65.73,0.0,100.0,0.0,0.0,100.0,0.0,0.0,62.9,12.9,4.25,0.36,0.41
1031,43.91,0.0,100.0,0.0,0.0,100.0,0.0,0.0,103.17,7.05,6.48,0.56,0.43
1032,66.85,0.0,100.0,0.0,0.0,100.0,0.0,0.0,47.4,1.97,8.99,0.34,0.39
1033,61.08,0.0,100.0,0.0,0.0,100.0,0.0,0.0,31.79,9.72,6.15,0.39,0.41
1034,35.7,0.0,100.0,0.0,0.0,100.0,0.0,0.0,72.72,16.0,2.69,0.64,0.37
1035,46.48,0.0,100.0,0.0,0.0,100.0,0.0,0.0,38.67,12.89,5.6,0.53,0.41
1036,49.2,0.0,100.0,0.0,0.0,100.0,0.0,0.0,65.12,7.34,6.27,0.55,0.35
1037,68.79,0.0,100.0,0.0,0.0,100.0,0.0,0.0,54.54,2.06,9.15,0.33,0.38
1038,57.66,0.0,100.0,0.0,0.0,100.0,0.0,0.0,56.89,11.59,4.76,0.43,0.38
1039,65.44,0.0,100.0,0.0,0.0,100.0,0.0,0.0,48.72,10.81,5.36,0.32,0.39
1040,43.84,0.0,100.0,0.0,0.0,100.0,0.0,0.0,99.18,6.63,6.52,0.56,0.38
1041,44.13,0.0,100.0,0.0,0.0,100.0,0.0,0.0,69.43,12.91,5.18,0.56,0.37
1042,64.5,0.0,100.0,0.0,0.0,100.0,0.0,0.0,39.58,10.07,6.49,0.37,0.38
1043,80.81,0.0,100.0,0.0,0.0,100.0,0.0,0.0,56.22,2.78,8.9,0.19,0.42
1044,66.27,0.0,100.0,0.0,0.0,100.0,0.0,0.0,33.85,2.63,8.33,0.33,0.39
1045,50.54,0.0,100.0,0.0,0.0,100.0,0.0,0.0,67.39,12.17,5.58,0.5,0.41
1046,69.96,0.0,100.0,0.0,0.0,100.0,0.0,0.0,42.57,2.18,9.64,0.28,0.44
1047,53.4,0.0,100.0,0.0,0.0,100.0,0.0,0.0,47.85,12.31,4.13,0.47,0.39
1048,58.72,0.0,100.0,0.0,0.0,100.0,0.0,0.0,65.08,10.08,6.77,0.4,0.42
1049,43.93,0.09,91.0,9.0,0.0,91.0,0.0,0.0,66.94,10.17,5.64,0.4,0.41
1050,46.41,0.09,91.0,9.0,0.0,91.0,0.0,0.0,39.4,10.04,4.66,0.39,0.39
1051,53.2,0.08,92.0,8.0,0.0,92.0,0.0,0.0,54.65,6.17,6.24,0.33,0.37
1052,67.08,0.0,100.0,0.0,0.0,100.0,0.0,0.0,59.49,6.29,6.29,0.33,0.38
1053,59.31,0.0,100.0,0.0,0.0,100.0,0.0,0.0,59.93,5.38,6.64,0.41,0.38
1054,44.27,0.0,100.0,0.0,0.0,100.0,0.0,0.0,81.79,13.93,4.57,0.55,0.37
1055,59.32,0.0,100.0,0.0,0.0,100.0,0.0,0.0,46.51,10.4,5.95,0.4,0.4
1056,29.17,0.0,100.0,0.0,0.0,100.0,0.0,0.0,215.8,15.33,2.64,0.71,0.37
1057,58.41,0.0,100.0,0.0,0.0,100.0,0.0,0.0,48.96,12.98,4.3,0.41,0.39
1058,66.78,0.0,100.0,0.0,0.0,100.0,0.0,0.0,54.99,2.68,8.83,0.33,0.38
1059,42.15,0.0,100.0,0.0,0.0,100.0,0.0,0.0,54.17,13.69,4.18,0.56,0.38
1060,29.17,0.0,100.0,0.0,0.0,100.0,0.0,0.0,287.77,16.0,2.78,0.71,0.32
1061,72.15,0.06,94.0,6.0,0.0,94.0,0.0,0.0,67.16,2.67,8.66,0.3,0.41
1062,35.63,0.0,100.0,0.0,0.0,100.0,0.0,0.0,114.74,14.59,2.92,0.65,0.38
1063,57.5,0.0,100.0,0.0,0.0,100.0,0.0,0.0,60.47,11.79,5.18,0.41,0.37
1064,54.28,0.0,100.0,0.0,0.0,100.0,0.0,0.0,64.83,14.31,3.95,0.44,0.39
1065,42.96,0.0,100.0,0.0,0.0,100.0,0.0,0.0,74.73,6.78,7.03,0.57,0.36
1066,46.33,0.0,100.0,0.0,0.0,100.0,0.0,0.0,98.06,14.12,4.59,0.53,0.41
1067,40.77,0.0,100.0,0.0,0.0,100.0,0.0,0.0,77.76,14.1,3.43,0.6,0.44
1068,50.2,0.0,100.0,0.0,0.0,100.0,0.0,0.0,79.92,14.16,4.26,0.49,0.39
1069,48.01,0.0,100.0,0.0,0.0,100.0,0.0,0.0,54.38,14.81,2.86,0.52,0.38
1070,35.68,0.0,100.0,0.0,0.0,100.0,0.0,0.0,228.34,15.49,2.92,0.64,0.36
1071,65.11,0.0,100.0,0.0,0.0,100.0,0.0,0.0,58.99,5.57,7.33,0.33,0.39
1072,60.26,0.0,100.0,0.0,0.0,100.0,0.0,0.0,68.24,5.84,6.77,0.39,0.42
1073,59.78,0.0,100.0,0.0,0.0,100.0,0.0,0.0,54.23,14.06,3.61,0.4,0.38
1074,45.79,0.0,100.0,0.0,0.0,100.0,0.0,0.0,39.67,7.3,6.14,0.54,0.38
1075,42.74,0.0,100.0,0.0,0.0,100.0,0.0,0.0,49.71,13.71,4.13,0.57,0.41
1076,43.6,0.0,100.0,0.0,0.0,100.0,0.0,0.0,67.77,14.27,4.23,0.54,0.39
1077,61.09,0.0,100.0,0.0,0.0,100.0,0.0,0.0,41.66,5.89,8.13,0.36,0.56
1078,42.76,0.0,100.0,0.0,0.0,100.0,0.0,0.0,125.97,14.53,4.26,0.56,0.42
1079,55.93,0.0,100.0,0.0,0.0,100.0,0.0,0.0,74.57,10.24,6.89,0.4,0.44
1080,72.44,0.0,100.0,0.0,0.0,100.0,0.0,0.0,40.48,3.1,9.53,0.28,0.41
1081,60.49,0.0,100.0,0.0,0.0,100.0,0.0,0.0,73.8,5.81,6.89,0.4,0.37
1082,43.68,0.0,100.0,0.0,0.0,100.0,0.0,0.0,86.82,7.4,5.45,0.56,0.34
1083,59.24,0.0,100.0,0.0,0.0,100.0,0.0,0.0,49.98,10.48,5.04,0.39,0.38
1084,35.3,0.0,100.0,0.0,0.0,100.0,0.0,0.0,209.37,7.75,5.61,0.65,0.41
1085,79.36,0.28,72.0,28.0,0.0,72.0,0.0,0.0,66.97,2.06,8.01,0.27,0.34
1086,35.8,0.0,100.0,0.0,0.0,100.0,0.0,0.0,77.77,14.59,2.83,0.65,0.32
1087,56.3,0.0,100.0,0.0,0.0,100.0,0.0,0.0,45.58,11.63,5.44,0.4,0.34
1088,40.34,0.0,100.0,0.0,0.0,100.0,0.0,0.0,70.7,14.6,3.63,0.58,0.37
1089,61.15,0.0,100.0,0.0,0.0,100.0,0.0,0.0,48.6,13.45,4.0,0.36,0.39
1090,59.85,0.0,100.0,0.0,0.0,100.0,0.0,0.0,37.62,13.58,3.83,0.42,0.34
1091,59.97,0.06,94.0,6.0,0.0,94.0,0.0,0.0,67.39,10.92,4.52,0.36,0.34
1092,36.23,0.0,100.0,0.0,0.0,100.0,0.0,0.0,91.34,8.0,5.6,0.64,0.32
1093,61.94,0.0,100.0,0.0,0.0,100.0,0.0,0.0,42.6,13.54,4.03,0.41,0.33
1094,68.18,0.0,100.0,0.0,0.0,100.0,0.0,0.0,76.33,6.58,6.2,0.32,0.33
1095,42.39,0.0,100.0,0.0,0.0,100.0,0.0,0.0,89.09,14.49,4.49,0.58,0.35
1096,58.9,0.0,100.0,0.0,0.0,100.0,0.0,0.0,75.69,5.21,7.13,0.38,0.39
1097,60.62,0.0,100.0,0.0,0.0,100.0,0.0,0.0,35.27,5.83,7.04,0.42,0.36
1098,66.64,0.0,100.0,0.0,0.0,100.0,0.0,0.0,60.42,1.64,7.78,0.33,0.37
1099,43.75,0.0,100.0,0.0,0.0,100.0,0.0,0.0,74.62,14.28,4.01,0.54,0.39
1100,44.49,0.0,100.0,0.0,0.0,100.0,0.0,0.0,76.16,13.69,4.61,0.56,0.39
1101,39.76,0.0,100.0,0.0,0.0,100.0,0.0,0.0,88.02,14.99,2.97,0.58,0.39
1102,48.28,0.0,100.0,0.0,0.0,100.0,0.0,0.0,94.1,14.83,3.44,0.52,0.38
1103,46.83,0.0,100.0,0.0,0.0,100.0,0.0,0.0,55.34,14.12,4.74,0.54,0.37
1104,44.13,0.0,100.0,0.0,0.0,100.0,0.0,0.0,64.15,13.21,4.94,0.56,0.39
1105,57.58,0.0,100.0,0.0,0.0,100.0,0.0,0.0,66.76,3.39,8.89,0.4,0.4
1106,44.62,0.0,100.0,0.0,0.0,100.0,0.0,0.0,93.76,13.93,3.53,0.55,0.39
1107,29.17,0.0,100.0,0.0,0.0,100.0,0.0,0.0,304.73,16.0,2.76,0.71,0.34
1108,57.72,0.0,100.0,0.0,0.0,100.0,0.0,0.0,79.52,13.93,4.04,0.39,0.37
1109,63.52,0.0,100.0,0.0,0.0,100.0,0.0,0.0,34.45,9.67,5.83,0.34,0.39
1110,45.0,0.0,100.0,0.0,0.0,100.0,0.0,0.0,100.32,6.62,5.83,0.53,0.39
1111,47.98,0.0,100.0,0.0,0.0,100.0,0.0,0.0,75.59,6.72,5.84,0.53,0.37
1112,61.37,0.0,100.0,0.0,0.0,100.0,0.0,0.0,29.14,10.38,5.4,0.42,0.42
1113,60.18,0.0,100.0,0.0,0.0,100.0,0.0,0.0,58.28,11.43,5.33,0.39,0.38
1114,56.91,0.0,100.0,0.0,0.0,100.0,0.0,0.0,55.29,13.3,4.27,0.42,0.38
1115,67.11,0.0,100.0,0.0,0.0,100.0,0.0,0.0,59.03,12.23,4.69,0.31,0.39
1116,73.17,0.0,100.0,0.0,0.0,100.0,0.0,0.0,21.63,2.9,9.48,0.24,0.4
1117,45.16,0.0,100.0,0.0,0.0,100.0,0.0,0.0,109.49,13.95,3.53,0.54,0.4
1118,71.3,0.0,100.0,0.0,0.0,100.0,0.0,0.0,48.17,11.76,5.52,0.29,0.39
1119,49.53,0.0,100.0,0.0,0.0,100.0,0.0,0.0,63.96,12.79,4.75,0.53,0.36
1120,62.91,0.0,100.0,0.0,0.0,100.0,0.0,0.0,46.16,5.61,6.34,0.38,0.4
1121,42.18,0.0,100.0,0.0,0.0,100.0,0.0,0.0,73.38,13.15,5.51,0.56,0.37
1122,43.88,0.0,100.0,0.0,0.0,100.0,0.0,0.0,40.25,13.98,4.0,0.55,0.36
1123,45.99,0.0,100.0,0.0,0.0,100.0,0.0,0.0,55.38,13.66,3.96,0.53,0.42
1124,43.86,0.0,100.0,0.0,0.0,100.0,0.0,0.0,71.39,13.09,5.03,0.54,0.37
1125,36.64,0.0,100.0,0.0,0.0,100.0,0.0,0.0,114.29,8.0,4.7,0.64,0.35
1126,65.06,0.0,100.0,0.0,0.0,100.0,0.0,0.0,59.95,10.01,6.43,0.37,0.39
1127,48.91,0.0,100.0,0.0,0.0,100.0,0.0,0.0,32.03,13.78,3.87,0.54,0.36
1128,63.14,0.0,100.0,0.0,0.0,100.0,0.0,0.0,42.26,12.8,4.96,0.4,0.42
1129,61.77,0.0,100.0,0.0,0.0,100.0,0.0,0.0,58.02,5.78,5.89,0.38,0.39
1130,44.5,0.0,100.0,0.0,0.0,100.0,0.0,0.0,42.61,13.67,3.69,0.56,0.37
1131,67.83,0.0,100.0,0.0,0.0,100.0,0.0,0.0,73.83,9.69,6.9,0.31,0.39
1132,61.43,0.0,100.0,0.0,0.0,100.0,0.0,0.0,51.53,11.52,4.68,0.4,0.36
1133,42.06,0.0,100.0,0.0,0.0,100.0,0.0,0.0,78.19,7.24,4.93,0.57,0.39
1134,53.56,0.05,95.0,5.0,0.0,95.0,0.0,0.0,86.48,5.31,7.25,0.37,0.4
1135,47.92,0.0,100.0,0.0,0.0,100.0,0.0,0.0,108.14,6.84,5.3,0.54,0.37
1136,45.07,0.0,100.0,0.0,0.0,100.0,0.0,0.0,73.79,6.93,5.99,0.55,0.39
1137,35.9,0.0,100.0,0.0,0.0,100.0,0.0,0.0,202.78,14.58,3.36,0.65,0.36
1138,57.45,0.0,100.0,0.0,0.0,100.0,0.0,0.0,39.21,11.9,5.13,0.44,0.37
1139,35.65,0.0,100.0,0.0,0.0,100.0,0.0,0.0,105.57,14.83,3.3,0.65,0.36
1140,45.54,0.0,100.0,0.0,0.0,100.0,0.0,0.0,49.7,13.54,4.1,0.56,0.4
1141,47.16,0.0,100.0,0.0,0.0,100.0,0.0,0.0,42.16,13.76,4.28,0.56,0.39
1142,61.8,0.0,100.0,0.0,0.0,100.0,0.0,0.0,63.49,9.93,6.17,0.39,0.37
1143,48.15,0.0,100.0,0.0,0.0,100.0,0.0,0.0,73.95,13.04,5.23,0.52,0.36
1144,42.08,0.0,100.0,0.0,0.0,100.0,0.0,0.0,88.34,7.53,5.31,0.57,0.38
1145,37.14,0.14,86.0,14.0,0.0,86.0,0.0,0.0,58.98,9.8,6.21,0.36,0.37
1146,57.2,0.0,100.0,0.0,0.0,100.0,0.0,0.0,39.88,13.28,3.74,0.41,0.41
1147,48.86,0.0,100.0,0.0,0.0,100.0,0.0,0.0,60.32,6.8,7.31,0.52,0.52
1148,44.53,0.0,100.0,0.0,0.0,100.0,0.0,0.0,65.87,13.94,3.66,0.55,0.41
1149,45.45,0.0,100.0,0.0,0.0,100.0,0.0,0.0,108.76,12.92,4.54,0.54,0.51
1150,61.6,0.0,100.0,0.0,0.0,100.0,0.0,0.0,43.99,10.05,6.09,0.4,0.47
1151,44.38,0.0,100.0,0.0,0.0,100.0,0.0,0.0,66.0,7.39,5.82,0.55,0.41
1152,41.48,0.0,100.0,0.0,0.0,100.0,0.0,0.0,87.37,14.03,3.95,0.57,0.4
1153,58.69,0.0,100.0,0.0,0.0,100.0,0.0,0.0,67.13,6.26,6.97,0.44,0.42
1154,63.73,0.0,100.0,0.0,0.0,100.0,0.0,0.0,45.36,10.27,6.17,0.37,0.39
1155,62.18,0.0,100.0,0.0,0.0,100.0,0.0,0.0,55.59,13.24,4.7,0.41,0.39
1156,71.7,0.0,100.0,0.0,0.0,100.0,0.0,0.0,45.43,2.48,9.08,0.29,0.38
1157,44.08,0.0,100.0,0.0,0.0,100.0,0.0,0.0,69.36,7.63,5.43,0.56,0.32
1158,64.04,0.0,100.0,0.0,0.0,100.0,0.0,0.0,32.28,5.13,7.01,0.37,0.35
1159,46.7,0.0,100.0,0.0,0.0,100.0,0.0,0.0,84.11,6.79,5.95,0.54,0.34
1160,69.96,0.0,100.0,0.0,0.0,100.0,0.0,0.0,42.86,2.51,9.69,0.31,0.36
1161,48.52,0.0,100.0,0.0,0.0,100.0,0.0,0.0,71.59,6.75,6.54,0.53,0.37
1162,61.5,0.0,100.0,0.0,0.0,100.0,0.0,0.0,46.1,10.69,5.99,0.39,0.42
1163,52.17,0.0,100.0,0.0,0.0,100.0,0.0,0.0,33.03,12.6,4.43,0.48,0.35
1164,62.31,0.0,100.0,0.0,0.0,100.0,0.0,0.0,43.88,2.14,9.54,0.34,0.45
1165,64.97,0.0,100.0,0.0,0.0,100.0,0.0,0.0,50.17,5.44,7.04,0.37,0.4
1166,45.9,0.0,100.0,0.0,0.0,100.0,0.0,0.0,71.6,7.67,5.15,0.54,0.47
1167,56.47,0.0,100.0,0.0,0.0,100.0,0.0,0.0,45.69,5.45,7.56,0.42,0.53
1168,58.89,0.0,100.0,0.0,0.0,100.0,0.0,0.0,44.87,5.54,6.42,0.41,0.5
1169,41.87,0.0,100.0,0.0,0.0,100.0,0.0,0.0,84.28,6.97,6.77,0.57,0.39
1170,44.32,0.0,100.0,0.0,0.0,100.0,0.0,0.0,40.26,13.84,3.68,0.54,0.44
1171,67.41,0.0,100.0,0.0,0.0,100.0,0.0,0.0,35.65,6.63,6.6,0.34,0.46
1172,65.75,0.0,100.0,0.0,0.0,100.0,0.0,0.0,43.32,9.63,6.48,0.35,0.44
1173,47.04,0.0,100.0,0.0,0.0,100.0,0.0,0.0,82.57,6.5,6.09,0.53,0.43
1174,59.46,0.0,100.0,0.0,0.0,100.0,0.0,0.0,36.71,11.18,4.55,0.39,0.45
1175,35.96,0.0,100.0,0.0,0.0,100.0,0.0,0.0,246.95,15.51,2.96,0.65,0.41
1176,48.33,0.0,100.0,0.0,0.0,100.0,0.0,0.0,104.43,13.21,4.87,0.52,0.48
1177,64.08,0.0,100.0,0.0,0.0,100.0,0.0,0.0,25.19,3.31,8.83,0.34,0.42
1178,44.89,0.0,100.0,0.0,0.0,100.0,0.0,0.0,63.59,12.97,5.01,0.55,0.49
1179,68.77,0.08,92.0,8.0,0.0,92.0,0.0,0.0,68.23,2.08,8.85,0.34,0.48
1180,44.45,0.0,100.0,0.0,0.0,100.0,0.0,0.0,75.01,7.39,6.08,0.56,0.43
1181,68.5,0.0,100.0,0.0,0.0,100.0,0.0,0.0,61.55,9.37,6.17,0.32,0.44
1182,60.17,0.0,100.0,0.0,0.0,100.0,0.0,0.0,46.42,10.54,6.28,0.4,0.45
1183,44.31,0.0,100.0,0.0,0.0,100.0,0.0,0.0,54.64,7.35,6.48,0.54,0.44
1184,59.07,0.0,100.0,0.0,0.0,100.0,0.0,0.0,72.83,11.13,5.02,0.39,0.43
1185,43.34,0.0,100.0,0.0,0.0,100.0,0.0,0.0,56.27,6.76,6.57,0.57,0.5
1186,61.28,0.0,100.0,0.0,0.0,100.0,0.0,0.0,51.18,12.93,4.29,0.41,0.41
1187,62.04,0.0,100.0,0.0,0.0,100.0,0.0,0.0,90.3,10.97,4.16,0.36,0.43
1188,54.26,0.0,100.0,0.0,0.0,100.0,0.0,0.0,27.89,6.16,7.0,0.47,0.43
1189,46.32,0.0,100.0,0.0,0.0,100.0,0.0,0.0,66.25,14.5,3.18,0.53,0.42
1190,42.86,0.0,100.0,0.0,0.0,100.0,0.0,0.0,36.22,14.37,3.9,0.56,0.42
1191,58.57,0.0,100.0,0.0,0.0,100.0,0.0,0.0,39.16,11.7,4.14,0.37,0.4
1192,43.47,0.0,100.0,0.0,0.0,100.0,0.0,0.0,75.5,6.97,6.08,0.57,0.46
1193,43.99,0.0,100.0,0.0,0.0,100.0,0.0,0.0,45.56,13.08,5.09,0.55,0.44
1194,64.67,0.0,100.0,0.0,0.0,100.0,0.0,0.0,14.46,3.08,9.55,0.4,0.41
1195,62.72,0.0,100.0,0.0,0.0,100.0,0.0,0.0,35.98,6.08,8.6,0.39,0.46
1196,59.1,0.0,100.0,0.0,0.0,100.0,0.0,0.0,48.32,11.93,5.26,0.42,0.42
1197,59.88,0.0,100.0,0.0,0.0,100.0,0.0,0.0,62.96,5.6,7.22,0.43,0.41
1198,63.37,0.0,100.0,0.0,0.0,100.0,0.0,0.0,64.06,2.84,9.34,0.35,0.42
1199,62.87,0.0,100.0,0.0,0.0,100.0,0.0,0.0,54.11,2.06,8.4,0.38,0.5
1200,44.18,0.0,100.0,0.0,0.0,100.0,0.0,0.0,57.75,14.63,3.72,0.57,0.42
1201,69.73,0.0,100.0,0.0,0.0,100.0,0.0,0.0,49.01,1.96,8.43,0.27,0.44
1202,61.25,0.0,100.0,0.0,0.0,100.0,0.0,0.0,44.63,12.97,3.99,0.38,0.41
1203,42.03,0.06,94.0,6.0,0.0,94.0,0.0,0.0,57.81,6.14,7.83,0.47,0.41
1204,62.97,0.0,100.0,0.0,0.0,100.0,0.0,0.0,37.38,10.03,6.64,0.4,0.42
1205,36.42,0.0,100.0,0.0,0.0,100.0,0.0,0.0,115.17,15.46,3.04,0.64,0.43
1206,74.94,0.0,100.0,0.0,0.0,100.0,0.0,0.0,33.61,2.78,8.69,0.26,0.43
1207,63.88,0.01,99.0,1.0,0.0,99.0,0.0,0.0,80.51,10.29,5.9,0.37,0.43
1208,42.9,0.0,100.0,0.0,0.0,100.0,0.0,0.0,62.84,13.81,4.18,0.58,0.4
1209,47.91,0.0,100.0,0.0,0.0,100.0,0.0,0.0,83.34,14.19,3.69,0.53,0.4
1210,83.37,0.0,100.0,0.0,0.0,100.0,0.0,0.0,40.7,1.72,9.53,0.17,0.51
1211,35.29,0.0,100.0,0.0,0.0,100.0,0.0,0.0,101.89,8.0,5.02,0.65,0.42
1212,58.44,0.0,100.0,0.0,0.0,100.0,0.0,0.0,34.39,10.15,5.81,0.41,0.49
1213,60.05,0.0,100.0,0.0,0.0,100.0,0.0,0.0,48.79,12.89,4.03,0.38,0.43
1214,43.83,0.0,100.0,0.0,0.0,100.0,0.0,0.0,81.26,14.32,4.02,0.57,0.39
1215,45.61,0.0,100.0,0.0,0.0,100.0,0.0,0.0,37.07,13.24,4.81,0.55,0.48
1216,73.22,0.0,100.0,0.0,0.0,100.0,0.0,0.0,50.96,2.15,9.74,0.26,0.53
1217,35.66,0.0,100.0,0.0,0.0,100.0,0.0,0.0,111.53,14.58,3.59,0.65,0.5
1218,47.87,0.0,100.0,0.0,0.0,100.0,0.0,0.0,61.03,13.53,4.07,0.53,0.62
1219,60.34,0.0,100.0,0.0,0.0,100.0,0.0,0.0,53.42,10.15,6.18,0.38,0.58
1220,56.2,0.0,100.0,0.0,0.0,100.0,0.0,0.0,65.64,12.05,4.61,0.46,0.46
1221,65.17,0.0,100.0,0.0,0.0,100.0,0.0,0.0,49.87,12.62,4.77,0.34,0.4
1222,35.26,0.0,100.0,0.0,0.0,100.0,0.0,0.0,275.11,14.3,4.13,0.65,0.35
1223,65.16,0.0,100.0,0.0,0.0,100.0,0.0,0.0,41.11,9.68,7.4,0.36,0.41
1224,62.99,0.0,100.0,0.0,0.0,100.0,0.0,0.0,60.82,10.21,6.03,0.39,0.42
1225,46.88,0.0,100.0,0.0,0.0,100.0,0.0,0.0,73.6,13.52,5.13,0.55,0.37
1226,63.42,0.0,100.0,0.0,0.0,100.0,0.0,0.0,29.68,5.13,7.17,0.37,0.37
1227,34.59,0.0,100.0,0.0,0.0,100.0,0.0,0.0,265.04,14.29,4.29,0.65,0.4
1228,46.54,0.0,100.0,0.0,0.0,100.0,0.0,0.0,119.17,13.36,4.87,0.54,0.42
1229,29.17,0.0,100.0,0.0,0.0,100.0,0.0,0.0,297.48,16.0,2.45,0.71,0.38
1230,36.15,0.0,100.0,0.0,0.0,100.0,0.0,0.0,186.56,15.46,3.17,0.64,0.44
1231,88.65,0.04,96.0,4.0,0.0,96.0,0.0,0.0,28.48,0.72,6.57,0.15,0.37
1232,58.75,0.0,100.0,0.0,0.0,100.0,0.0,0.0,45.76,11.94,5.24,0.43,0.37
1233,45.82,0.0,100.0,0.0,0.0,100.0,0.0,0.0,100.57,13.48,3.98,0.55,0.35
1234,57.21,0.0,100.0,0.0,0.0,100.0,0.0,0.0,44.92,15.03,3.03,0.42,0.36
1235,58.63,0.0,100.0,0.0,0.0,100.0,0.0,0.0,42.17,11.96,4.93,0.45,0.38
1236,29.17,0.0,100.0,0.0,0.0,100.0,0.0,0.0,355.84,16.0,2.35,0.71,0.37
1237,42.91,0.09,91.0,9.0,0.0,91.0,0.0,0.0,67.47,11.7,5.1,0.43,0.4
1238,59.23,0.0,100.0,0.0,0.0,100.0,0.0,0.0,58.21,5.49,7.17,0.4,0.42
1239,70.5,0.0,100.0,0.0,0.0,100.0,0.0,0.0,41.59,5.06,6.78,0.32,0.42
1240,55.76,0.0,100.0,0.0,0.0,100.0,0.0,0.0,36.67,7.19,5.68,0.44,0.42
1241,56.1,0.0,100.0,0.0,0.0,100.0,0.0,0.0,72.23,11.83,5.6,0.44,0.48
1242,68.09,0.0,100.0,0.0,0.0,100.0,0.0,0.0,32.61,10.44,4.93,0.31,0.43
1243,63.4,0.0,100.0,0.0,0.0,100.0,0.0,0.0,46.47,5.05,7.07,0.37,0.42
1244,35.54,0.0,100.0,0.0,0.0,100.0,0.0,0.0,267.55,8.0,5.11,0.65,0.37
1245,57.13,0.0,100.0,0.0,0.0,100.0,0.0,0.0,65.48,10.88,5.68,0.43,0.39
1246,35.73,0.0,100.0,0.0,0.0,100.0,0.0,0.0,238.41,14.59,4.33,0.65,0.39
1247,63.12,0.0,100.0,0.0,0.0,100.0,0.0,0.0,55.17,9.49,6.2,0.37,0.51
1248,58.46,0.0,100.0,0.0,0.0,100.0,0.0,0.0,69.78,5.51,7.92,0.41,0.42
1249,69.3,0.0,100.0,0.0,0.0,100.0,0.0,0.0,51.17,1.29,7.76,0.26,0.45
1250,55.32,0.0,100.0,0.0,0.0,100.0,0.0,0.0,57.79,12.03,4.96,0.46,0.43
1251,61.36,0.0,100.0,0.0,0.0,100.0,0.0,0.0,68.11,10.28,5.9,0.38,0.44
1252,42.89,0.0,100.0,0.0,0.0,100.0,0.0,0.0,109.82,14.37,4.21,0.56,0.4
1253,59.93,0.0,100.0,0.0,0.0,100.0,0.0,0.0,53.84,5.67,6.68,0.38,0.41
1254,49.64,0.0,100.0,0.0,0.0,100.0,0.0,0.0,55.56,6.84,6.91,0.5,0.38
1255,56.3,0.0,100.0,0.0,0.0,100.0,0.0,0.0,60.07,10.66,6.12,0.42,0.39
1256,42.31,0.0,100.0,0.0,0.0,100.0,0.0,0.0,84.25,6.9,6.14,0.58,0.42
1257,35.49,0.0,100.0,0.0,0.0,100.0,0.0,0.0,69.15,7.41,6.08,0.65,0.38
1258,35.56,0.0,100.0,0.0,0.0,100.0,0.0,0.0,253.29,14.24,4.65,0.65,0.4
1259,55.19,0.0,100.0,0.0,0.0,100.0,0.0,0.0,31.35,13.92,3.64,0.44,0.42
1260,59.09,0.0,100.0,0.0,0.0,100.0,0.0,0.0,49.64,13.73,3.89,0.42,0.5
1261,77.94,0.0,100.0,0.0,0.0,100.0,0.0,0.0,21.33,2.8,9.21,0.2,0.53
1262,64.88,0.0,100.0,0.0,0.0,100.0,0.0,0.0,51.88,12.97,4.35,0.35,0.42
1263,56.46,0.0,100.0,0.0,0.0,100.0,0.0,0.0,38.97,10.53,6.07,0.44,0.42
1264,49.1,0.05,95.0,5.0,0.0,95.0,0.0,0.0,78.54,6.67,5.91,0.44,0.4
1265,66.89,0.0,100.0,0.0,0.0,100.0,0.0,0.0,29.14,13.23,4.37,0.36,0.4
1266,52.53,0.03,97.0,3.0,0.0,97.0,0.0,0.0,56.69,10.76,5.41,0.43,0.49
1267,64.52,0.0,100.0,0.0,0.0,100.0,0.0,0.0,34.17,10.56,5.77,0.38,0.5
1268,45.04,0.0,100.0,0.0,0.0,100.0,0.0,0.0,73.33,6.96,6.31,0.56,0.43
1269,47.08,0.08,92.0,8.0,0.0,92.0,0.0,0.0,16.71,10.59,6.41,0.42,0.42
1270,34.48,0.0,100.0,0.0,0.0,100.0,0.0,0.0,273.22,14.59,3.54,0.65,0.37
1271,63.74,0.0,100.0,0.0,0.0,100.0,0.0,0.0,50.56,5.64,8.52,0.37,0.5
1272,62.46,0.0,100.0,0.0,0.0,100.0,0.0,0.0,50.48,10.98,5.46,0.36,0.44
1273,42.62,0.0,100.0,0.0,0.0,100.0,0.0,0.0,103.1,13.6,3.97,0.57,0.44
1274,46.16,0.0,100.0,0.0,0.0,100.0,0.0,0.0,42.72,7.59,4.77,0.55,0.5
1275,59.59,0.0,100.0,0.0,0.0,100.0,0.0,0.0,63.59,10.46,6.53,0.4,0.54
1276,44.42,0.0,100.0,0.0,0.0,100.0,0.0,0.0,39.45,14.63,3.41,0.55,0.48
1277,47.29,0.0,100.0,0.0,0.0,100.0,0.0,0.0,80.37,13.85,4.35,0.53,0.46
1278,47.42,0.0,100.0,0.0,0.0,100.0,0.0,0.0,79.23,13.11,5.36,0.53,0.5
1279,29.17,0.0,100.0,0.0,0.0,100.0,0.0,0.0,295.69,15.33,2.91,0.71,0.41
1280,56.01,0.0,100.0,0.0,0.0,100.0,0.0,0.0,66.46,12.06,4.56,0.43,0.51
1281,50.41,0.0,100.0,0.0,0.0,100.0,0.0,0.0,55.79,12.95,5.13,0.5,0.42
1282,51.42,0.04,96.0,4.0,0.0,96.0,0.0,0.0,66.17,10.55,4.53,0.42,0.47
1283,61.15,0.0,100.0,0.0,0.0,100.0,0.0,0.0,71.2,5.63,6.59,0.41,0.4
1284,44.62,0.0,100.0,0.0,0.0,100.0,0.0,0.0,101.58,13.04,4.84,0.55,0.42
1285,51.06,0.0,100.0,0.0,0.0,100.0,0.0,0.0,57.15,13.4,4.16,0.5,0.43
1286,70.74,0.0,100.0,0.0,0.0,100.0,0.0,0.0,33.58,2.61,9.8,0.27,0.44
1287,29.17,0.0,100.0,0.0,0.0,100.0,0.0,0.0,423.32,16.0,2.64,0.71,0.36
1288,57.43,0.04,96.0,4.0,0.0,96.0,0.0,0.0,50.16,9.53,5.91,0.35,0.37
1289,52.85,0.05,95.0,5.0,0.0,95.0,0.0,0.0,44.25,10.32,5.01,0.41,0.4
1290,66.52,0.0,100.0,0.0,0.0,100.0,0.0,0.0,39.32,5.57,7.24,0.36,0.43
1291,72.49,0.02,98.0,2.0,0.0,98.0,0.0,0.0,58.26,1.3,9.38,0.25,0.43
1292,60.21,0.0,100.0,0.0,0.0,100.0,0.0,0.0,36.79,5.64,7.44,0.38,0.44
1293,58.23,0.0,100.0,0.0,0.0,100.0,0.0,0.0,51.08,10.64,5.52,0.41,0.44
1294,67.2,0.0,100.0,0.0,0.0,100.0,0.0,0.0,59.53,10.67,5.32,0.34,0.45
1295,61.59,0.0,100.0,0.0,0.0,100.0,0.0,0.0,59.17,14.39,3.12,0.36,0.57
1296,61.0,0.0,100.0,0.0,0.0,100.0,0.0,0.0,50.56,11.42,5.23,0.39,0.46
1297,54.48,0.0,100.0,0.0,0.0,100.0,0.0,0.0,43.46,12.18,3.42,0.41,0.43
1298,34.44,0.0,100.0,0.0,0.0,100.0,0.0,0.0,194.79,14.6,3.54,0.65,0.42
1299,45.1,0.0,100.0,0.0,0.0,100.0,0.0,0.0,62.28,13.79,4.39,0.56,0.38
1300,56.85,0.0,100.0,0.0,0.0,100.0,0.0,0.0,43.01,13.86,3.94,0.43,0.43
1301,77.89,0.0,100.0,0.0,0.0,100.0,0.0,0.0,37.78,3.05,10.2,0.24,0.47
1302,60.18,0.0,100.0,0.0,0.0,100.0,0.0,0.0,40.5,9.64,6.98,0.39,0.44
1303,77.29,0.0,100.0,0.0,0.0,100.0,0.0,0.0,44.71,2.29,9.24,0.22,0.58
1304,82.25,0.0,100.0,0.0,0.0,100.0,0.0,0.0,38.28,1.95,9.75,0.18,0.44
1305,47.78,0.0,100.0,0.0,0.0,100.0,0.0,0.0,50.42,13.21,4.74,0.54,0.41
1306,57.63,0.0,100.0,0.0,0.0,100.0,0.0,0.0,63.03,3.06,9.5,0.38,0.47
1307,61.53,0.0,100.0,0.0,0.0,100.0,0.0,0.0,51.09,10.56,6.75,0.4,0.42
1308,46.39,0.0,100.0,0.0,0.0,100.0,0.0,0.0,80.07,13.8,3.78,0.54,0.39
1309,59.57,0.0,100.0,0.0,0.0,100.0,0.0,0.0,61.56,5.53,7.44,0.4,0.42
1310,61.54,0.0,100.0,0.0,0.0,100.0,0.0,0.0,48.43,6.93,6.5,0.38,0.4
1311,46.66,0.0,100.0,0.0,0.0,100.0,0.0,0.0,59.82,12.92,5.45,0.54,0.4
1312,46.66,0.0,100.0,0.0,0.0,100.0,0.0,0.0,48.52,13.89,3.62,0.55,0.41
1313,63.81,0.0,100.0,0.0,0.0,100.0,0.0,0.0,45.83,9.22,6.6,0.36,0.48
1314,57.85,0.0,100.0,0.0,0.0,100.0,0.0,0.0,42.5,13.66,3.5,0.41,0.41
1315,59.39,0.0,100.0,0.0,0.0,100.0,0.0,0.0,52.59,11.32,4.84,0.41,0.4
1316,64.73,0.0,100.0,0.0,0.0,100.0,0.0,0.0,30.31,2.5,9.55,0.34,0.38
1317,47.96,0.11,89.0,11.0,0.0,89.0,0.0,0.0,61.48,12.5,4.19,0.37,0.36
1318,64.81,0.0,100.0,0.0,0.0,100.0,0.0,0.0,69.85,5.39,7.61,0.31,0.39
1319,67.7,0.0,100.0,0.0,0.0,100.0,0.0,0.0,35.71,5.6,8.1,0.29,0.44
1320,56.76,0.0,100.0,0.0,0.0,100.0,0.0,0.0,32.76,11.63,5.67,0.42,0.52
1321,54.59,0.0,100.0,0.0,0.0,100.0,0.0,0.0,28.25,12.37,4.4,0.44,0.48
1322,35.58,0.0,100.0,0.0,0.0,100.0,0.0,0.0,210.43,14.86,3.46,0.65,0.45
1323,65.13,0.0,100.0,0.0,0.0,100.0,0.0,0.0,32.95,2.14,9.51,0.35,0.5
1324,58.92,0.0,100.0,0.0,0.0,100.0,0.0,0.0,39.82,5.72,6.68,0.4,0.42
1325,53.61,0.0,100.0,0.0,0.0,100.0,0.0,0.0,65.87,11.27,5.63,0.45,0.43
1326,35.57,0.0,100.0,0.0,0.0,100.0,0.0,0.0,268.35,15.52,2.48,0.65,0.42
1327,57.24,0.0,100.0,0.0,0.0,100.0,0.0,0.0,42.31,10.85,6.35,0.43,0.42
1328,49.06,0.0,100.0,0.0,0.0,100.0,0.0,0.0,96.93,7.23,5.79,0.52,0.37
1329,42.52,0.0,100.0,0.0,0.0,100.0,0.0,0.0,54.08,7.42,5.12,0.57,0.4
1330,52.68,0.0,100.0,0.0,0.0,100.0,0.0,0.0,76.41,7.25,6.04,0.46,0.38
1331,71.01,0.0,100.0,0.0,0.0,100.0,0.0,0.0,59.78,3.58,9.07,0.3,0.41
1332,82.62,0.0,100.0,0.0,0.0,100.0,0.0,0.0,71.97,2.2,9.2,0.16,0.4
1333,55.62,0.0,100.0,0.0,0.0,100.0,0.0,0.0,88.97,6.03,7.31,0.44,0.37
1334,58.86,0.0,100.0,0.0,0.0,100.0,0.0,0.0,84.5,11.71,5.28,0.41,0.41
1335,61.6,0.0,100.0,0.0,0.0,100.0,0.0,0.0,52.61,11.27,5.41,0.38,0.41
1336,60.34,0.0,100.0,0.0,0.0,100.0,0.0,0.0,49.64,6.66,5.99,0.39,0.38
1337,65.09,0.0,100.0,0.0,0.0,100.0,0.0,0.0,71.72,2.85,8.78,0.38,0.4
1338,81.76,0.22,78.0,22.0,0.0,78.0,0.0,0.0,67.49,2.33,8.06,0.28,0.36
1339,43.38,0.07,93.0,7.0,0.0,93.0,0.0,0.0,76.49,5.59,7.02,0.44,0.39
1340,41.41,0.0,100.0,0.0,0.0,100.0,0.0,0.0,80.87,14.94,2.8,0.58,0.41
1341,60.41,0.0,100.0,0.0,0.0,100.0,0.0,0.0,47.36,5.87,6.86,0.4,0.39
1342,45.13,0.09,91.0,9.0,0.0,91.0,0.0,0.0,43.71,9.79,5.3,0.4,0.39
1343,42.93,0.0,100.0,0.0,0.0,100.0,0.0,0.0,108.38,6.76,5.9,0.56,0.38
1344,47.01,0.0,100.0,0.0,0.0,100.0,0.0,0.0,60.31,13.49,4.88,0.53,0.36
1345,54.98,0.0,100.0,0.0,0.0,100.0,0.0,0.0,59.8,7.01,5.94,0.45,0.39
1346,42.65,0.0,100.0,0.0,0.0,100.0,0.0,0.0,77.69,13.67,4.31,0.56,0.38
1347,40.4,0.0,100.0,0.0,0.0,100.0,0.0,0.0,51.66,13.31,4.86,0.57,0.39
1348,42.22,0.0,100.0,0.0,0.0,100.0,0.0,0.0,48.72,14.88,3.09,0.58,0.38
1349,57.75,0.0,100.0,0.0,0.0,100.0,0.0,0.0,42.76,6.75,5.83,0.43,0.37
1350,62.46,0.0,100.0,0.0,0.0,100.0,0.0,0.0,48.39,2.94,9.54,0.36,0.39
1351,35.29,0.0,100.0,0.0,0.0,100.0,0.0,0.0,116.09,14.62,3.36,0.65,0.44
1352,62.14,0.0,100.0,0.0,0.0,100.0,0.0,0.0,51.18,5.44,7.02,0.38,0.45
1353,29.17,0.0,100.0,0.0,0.0,100.0,0.0,0.0,287.57,16.0,2.71,0.71,0.35
1354,60.93,0.0,100.0,0.0,0.0,100.0,0.0,0.0,39.83,6.68,6.59,0.39,0.4
1355,55.8,0.0,100.0,0.0,0.0,100.0,0.0,0.0,40.35,6.18,6.94,0.44,0.38
1356,63.29,0.0,100.0,0.0,0.0,100.0,0.0,0.0,64.12,9.56,6.59,0.37,0.34
1357,46.8,0.0,100.0,0.0,0.0,100.0,0.0,0.0,88.29,13.84,3.42,0.54,0.34
1358,35.84,0.0,100.0,0.0,0.0,100.0,0.0,0.0,264.45,7.73,5.75,0.64,0.32
1359,41.78,0.0,100.0,0.0,0.0,100.0,0.0,0.0,44.49,14.04,3.23,0.59,0.33
1360,55.91,0.0,100.0,0.0,0.0,100.0,0.0,0.0,33.96,11.94,5.71,0.45,0.33
1361,47.22,0.0,100.0,0.0,0.0,100.0,0.0,0.0,79.84,6.66,5.94,0.52,0.32
1362,46.99,0.0,100.0,0.0,0.0,100.0,0.0,0.0,43.5,13.66,3.96,0.52,0.32
1363,35.31,0.0,100.0,0.0,0.0,100.0,0.0,0.0,75.43,15.52,2.52,0.65,0.32
1364,35.74,0.0,100.0,0.0,0.0,100.0,0.0,0.0,243.8,16.0,2.96,0.64,0.35
1365,42.15,0.0,100.0,0.0,0.0,100.0,0.0,0.0,46.76,6.92,6.81,0.57,0.36
1366,46.95,0.0,100.0,0.0,0.0,100.0,0.0,0.0,62.8,13.28,5.12,0.54,0.44
1367,43.2,0.0,100.0,0.0,0.0,100.0,0.0,0.0,68.69,13.44,4.46,0.56,0.38
1368,29.17,0.0,100.0,0.0,0.0,100.0,0.0,0.0,163.53,16.0,2.43,0.71,0.29
1369,68.34,0.0,100.0,0.0,0.0,100.0,0.0,0.0,48.85,3.22,8.97,0.31,0.4
1370,59.5,0.0,100.0,0.0,0.0,100.0,0.0,0.0,55.78,13.65,4.05,0.42,0.36
1371,42.48,0.0,100.0,0.0,0.0,100.0,0.0,0.0,102.81,15.57,2.88,0.59,0.32
1372,64.69,0.0,100.0,0.0,0.0,100.0,0.0,0.0,45.22,10.84,4.88,0.34,0.35
1373,83.03,0.04,96.0,4.0,0.0,96.0,0.0,0.0,68.13,2.24,8.68,0.16,0.4
1374,43.41,0.0,100.0,0.0,0.0,100.0,0.0,0.0,68.3,13.64,3.94,0.56,0.4
1375,61.54,0.0,100.0,0.0,0.0,100.0,0.0,0.0,52.64,9.46,5.56,0.37,0.45
1376,57.1,0.05,95.0,5.0,0.0,95.0,0.0,0.0,71.19,12.61,4.34,0.37,0.44
1377,58.06,0.0,100.0,0.0,0.0,100.0,0.0,0.0,45.09,11.83,5.22,0.42,0.38
1378,69.78,0.0,100.0,0.0,0.0,100.0,0.0,0.0,27.44,2.43,9.56,0.32,0.43
1379,65.02,0.0,100.0,0.0,0.0,100.0,0.0,0.0,40.24,9.77,6.16,0.37,0.46
1380,35.52,0.0,100.0,0.0,0.0,100.0,0.0,0.0,240.84,14.51,4.09,0.64,0.44
1381,64.56,0.0,100.0,0.0,0.0,100.0,0.0,0.0,41.06,5.1,6.79,0.35,0.43
1382,65.44,0.0,100.0,0.0,0.0,100.0,0.0,0.0,68.12,9.84,7.01,0.32,0.44
1383,35.62,0.0,100.0,0.0,0.0,100.0,0.0,0.0,159.64,14.58,3.39,0.65,0.37
1384,45.05,0.0,100.0,0.0,0.0,100.0,0.0,0.0,70.76,13.88,3.97,0.56,0.36
1385,35.62,0.0,100.0,0.0,0.0,100.0,0.0,0.0,217.87,14.59,4.35,0.65,0.38
1386,44.67,0.0,100.0,0.0,0.0,100.0,0.0,0.0,81.63,7.01,6.12,0.56,0.39
1387,35.41,0.0,100.0,0.0,0.0,100.0,0.0,0.0,255.95,15.49,3.37,0.65,0.36
1388,58.1,0.0,100.0,0.0,0.0,100.0,0.0,0.0,40.9,11.34,4.58,0.4,0.38
1389,36.07,0.0,100.0,0.0,0.0,100.0,0.0,0.0,230.11,14.53,4.29,0.64,0.43
1390,29.17,0.0,100.0,0.0,0.0,100.0,0.0,0.0,268.57,16.0,2.52,0.71,0.38
1391,45.9,0.0,100.0,0.0,0.0,100.0,0.0,0.0,43.44,13.27,4.26,0.53,0.42
1392,35.13,0.0,100.0,0.0,0.0,100.0,0.0,0.0,106.3,14.84,2.95,0.65,0.36
1393,56.8,0.0,100.0,0.0,0.0,100.0,0.0,0.0,30.05,13.98,3.52,0.42,0.37
1394,55.38,0.0,100.0,0.0,0.0,100.0,0.0,0.0,75.45,5.59,7.02,0.44,0.39
1395,63.43,0.0,100.0,0.0,0.0,100.0,0.0,0.0,54.88,11.4,4.39,0.37,0.42
1396,64.34,0.0,100.0,0.0,0.0,100.0,0.0,0.0,37.41,9.71,5.92,0.38,0.43
1397,51.37,0.04,96.0,4.0,0.0,96.0,0.0,0.0,56.7,10.8,4.57,0.44,0.38
1398,77.68,0.0,100.0,0.0,0.0,100.0,0.0,0.0,34.98,2.52,9.31,0.21,0.41
1399,65.64,0.0,100.0,0.0,0.0,100.0,0.0,0.0,50.19,12.97,3.9,0.35,0.42
1400,75.48,0.0,100.0,0.0,0.0,100.0,0.0,0.0,29.12,2.14,9.1,0.27,0.42
1401,65.06,0.0,100.0,0.0,0.0,100.0,0.0,0.0,56.58,9.29,7.66,0.35,0.44
1402,44.86,0.0,100.0,0.0,0.0,100.0,0.0,0.0,81.12,6.89,6.73,0.55,0.38
1403,29.17,0.0,100.0,0.0,0.0,100.0,0.0,0.0,401.91,15.33,2.67,0.71,0.34
1404,58.76,0.0,100.0,0.0,0.0,100.0,0.0,0.0,50.79,5.4,6.41,0.41,0.37
1405,35.0,0.0,100.0,0.0,0.0,100.0,0.0,0.0,242.36,7.76,4.86,0.65,0.4
1406,48.18,0.05,95.0,5.0,0.0,95.0,0.0,0.0,45.27,11.78,5.01,0.43,0.41
1407,45.88,0.0,100.0,0.0,0.0,100.0,0.0,0.0,112.79,13.23,4.41,0.54,0.39
1408,54.9,0.0,100.0,0.0,0.0,100.0,0.0,0.0,61.98,11.92,5.38,0.44,0.39
1409,35.06,0.0,100.0,0.0,0.0,100.0,0.0,0.0,130.71,7.45,5.88,0.65,0.35
1410,34.84,0.0,100.0,0.0,0.0,100.0,0.0,0.0,83.95,15.32,3.28,0.65,0.36
1411,63.05,0.0,100.0,0.0,0.0,100.0,0.0,0.0,44.61,2.99,9.42,0.37,0.39
1412,60.42,0.0,100.0,0.0,0.0,100.0,0.0,0.0,54.17,10.34,6.77,0.38,0.4
1413,57.94,0.0,100.0,0.0,0.0,100.0,0.0,0.0,43.7,6.03,6.7,0.43,0.4
1414,67.65,0.0,100.0,0.0,0.0,100.0,0.0,0.0,53.92,7.2,5.5,0.35,0.39
1415,43.04,0.0,100.0,0.0,0.0,100.0,0.0,0.0,29.94,14.31,4.1,0.57,0.43
1416,45.69,0.0,100.0,0.0,0.0,100.0,0.0,0.0,67.65,13.65,4.11,0.53,0.39
1417,59.38,0.0,100.0,0.0,0.0,100.0,0.0,0.0,57.49,12.57,3.79,0.43,0.57
1418,67.35,0.0,100.0,0.0,0.0,100.0,0.0,0.0,41.33,2.15,8.79,0.33,0.45
1419,65.74,0.0,100.0,0.0,0.0,100.0,0.0,0.0,57.55,9.26,7.31,0.36,0.41
1420,66.9,0.0,100.0,0.0,0.0,100.0,0.0,0.0,52.03,5.52,8.64,0.32,0.4
1421,44.92,0.0,100.0,0.0,0.0,100.0,0.0,0.0,121.96,14.27,3.3,0.55,0.39
1422,35.09,0.0,100.0,0.0,0.0,100.0,0.0,0.0,161.68,14.85,3.12,0.65,0.4
1423,67.12,0.0,100.0,0.0,0.0,100.0,0.0,0.0,51.74,1.66,9.46,0.32,0.45
1424,35.33,0.0,100.0,0.0,0.0,100.0,0.0,0.0,84.74,14.85,3.2,0.65,0.38
1425,35.82,0.0,100.0,0.0,0.0,100.0,0.0,0.0,142.13,14.82,3.64,0.64,0.36
1426,63.3,0.0,100.0,0.0,0.0,100.0,0.0,0.0,57.59,6.64,6.12,0.35,0.41
1427,35.67,0.0,100.0,0.0,0.0,100.0,0.0,0.0,153.98,16.0,2.51,0.64,0.39
1428,63.2,0.0,100.0,0.0,0.0,100.0,0.0,0.0,61.74,10.97,5.07,0.33,0.45
1429,29.17,0.0,100.0,0.0,0.0,100.0,0.0,0.0,198.07,16.0,2.59,0.71,0.33
1430,55.55,0.0,100.0,0.0,0.0,100.0,0.0,0.0,54.87,6.27,7.95,0.44,0.35
1431,40.91,0.0,100.0,0.0,0.0,100.0,0.0,0.0,88.45,15.11,2.83,0.6,0.45
1432,45.78,0.0,100.0,0.0,0.0,100.0,0.0,0.0,48.94,14.13,4.06,0.53,0.42
1433,64.28,0.0,100.0,0.0,0.0,100.0,0.0,0.0,24.83,11.43,4.64,0.32,0.44
1434,65.47,0.0,100.0,0.0,0.0,100.0,0.0,0.0,45.86,9.65,7.04,0.35,0.38
1435,41.96,0.0,100.0,0.0,0.0,100.0,0.0,0.0,50.9,14.21,3.65,0.58,0.4
1436,35.56,0.0,100.0,0.0,0.0,100.0,0.0,0.0,93.22,7.44,6.54,0.65,0.35
1437,47.1,0.0,100.0,0.0,0.0,100.0,0.0,0.0,82.09,13.46,4.76,0.54,0.41
1438,61.92,0.0,100.0,0.0,0.0,100.0,0.0,0.0,72.93,10.57,6.7,0.4,0.42
1439,60.19,0.0,100.0,0.0,0.0,100.0,0.0,0.0,51.76,5.45,7.06,0.4,0.45
1440,35.3,0.0,100.0,0.0,0.0,100.0,0.0,0.0,89.26,14.81,3.06,0.64,0.38
1441,35.72,0.0,100.0,0.0,0.0,100.0,0.0,0.0,172.22,16.0,2.42,0.64,0.36
1442,29.17,0.0,100.0,0.0,0.0,100.0,0.0,0.0,314.96,16.0,2.38,0.71,0.37
1443,29.17,0.0,100.0,0.0,0.0,100.0,0.0,0.0,234.45,16.0,2.33,0.71,0.37
1444,46.23,0.06,94.0,6.0,0.0,94.0,0.0,0.0,45.48,13.81,4.0,0.45,0.46
1445,47.59,0.0,100.0,0.0,0.0,100.0,0.0,0.0,63.67,12.76,5.28,0.53,0.45
1446,60.56,0.0,100.0,0.0,0.0,100.0,0.0,0.0,58.53,6.54,5.6,0.4,0.45
1447,53.99,0.0,100.0,0.0,0.0,100.0,0.0,0.0,61.97,7.2,5.76,0.45,0.45
1448,43.71,0.0,100.0,0.0,0.0,100.0,0.0,0.0,55.98,7.74,5.62,0.56,0.44
1449,43.95,0.0,100.0,0.0,0.0,100.0,0.0,0.0,40.16,14.17,3.66,0.54,0.47
1450,35.71,0.0,100.0,0.0,0.0,100.0,0.0,0.0,61.33,16.0,2.63,0.64,0.43
1451,43.14,0.09,91.0,9.0,0.0,91.0,0.0,0.0,58.16,5.77,5.94,0.42,0.43
1452,45.09,0.0,100.0,0.0,0.0,100.0,0.0,0.0,70.67,13.29,5.22,0.56,0.47
1453,36.05,0.0,100.0,0.0,0.0,100.0,0.0,0.0,246.51,14.8,3.77,0.64,0.45
1454,48.43,0.0,100.0,0.0,0.0,100.0,0.0,0.0,78.97,6.7,7.15,0.53,0.47
1455,43.93,0.0,100.0,0.0,0.0,100.0,0.0,0.0,89.8,13.89,3.89,0.56,0.46
1456,84.73,0.13,87.0,13.0,0.0,87.0,0.0,0.0,49.33,0.73,8.11,0.18,0.47
1457,42.64,0.09,91.0,9.0,0.0,91.0,0.0,0.0,63.64,5.48,7.39,0.44,0.52
1458,34.96,0.0,100.0,0.0,0.0,100.0,0.0,0.0,106.48,7.42,5.95,0.65,0.5
1459,57.92,0.0,100.0,0.0,0.0,100.0,0.0,0.0,52.11,11.56,4.05,0.41,0.58
1460,49.13,0.0,100.0,0.0,0.0,100.0,0.0,0.0,58.74,14.33,3.9,0.52,0.45
1461,46.31,0.0,100.0,0.0,0.0,100.0,0.0,0.0,62.01,14.02,3.77,0.56,0.51
1462,55.78,0.0,100.0,0.0,0.0,100.0,0.0,0.0,24.02,12.32,4.58,0.47,0.51
1463,44.92,0.0,100.0,0.0,0.0,100.0,0.0,0.0,66.51,14.13,3.91,0.53,0.48
1464,61.88,0.0,100.0,0.0,0.0,100.0,0.0,0.0,22.99,9.92,5.89,0.38,0.41
1465,46.14,0.0,100.0,0.0,0.0,100.0,0.0,0.0,102.87,7.4,5.25,0.56,0.41
1466,56.0,0.04,96.0,4.0,0.0,96.0,0.0,0.0,48.94,9.8,6.33,0.36,0.39
1467,60.26,0.0,100.0,0.0,0.0,100.0,0.0,0.0,26.77,11.34,4.33,0.37,0.42
1468,73.59,0.07,93.0,7.0,0.0,93.0,0.0,0.0,61.94,1.34,9.79,0.27,0.46
1469,67.28,0.0,100.0,0.0,0.0,100.0,0.0,0.0,36.78,3.22,9.22,0.35,0.4
1470,48.47,0.07,93.0,7.0,0.0,93.0,0.0,0.0,59.85,5.66,7.28,0.43,0.45
1471,64.35,0.0,100.0,0.0,0.0,100.0,0.0,0.0,40.8,10.83,4.98,0.36,0.41
1472,70.67,0.0,100.0,0.0,0.0,100.0,0.0,0.0,52.06,2.88,8.27,0.26,0.4
1473,35.95,0.0,100.0,0.0,0.0,100.0,0.0,0.0,109.12,14.53,4.03,0.64,0.41
1474,56.89,0.0,100.0,0.0,0.0,100.0,0.0,0.0,57.99,12.15,3.71,0.41,0.39
1475,41.31,0.0,100.0,0.0,0.0,100.0,0.0,0.0,63.96,6.88,6.32,0.57,0.38
1476,65.06,0.0,100.0,0.0,0.0,100.0,0.0,0.0,46.51,5.48,6.9,0.39,0.41
1477,40.98,0.0,100.0,0.0,0.0,100.0,0.0,0.0,89.78,13.33,5.2,0.57,0.41
1478,43.41,0.0,100.0,0.0,0.0,100.0,0.0,0.0,97.87,7.44,5.2,0.57,0.42
1479,46.45,0.0,100.0,0.0,0.0,100.0,0.0,0.0,54.04,7.77,4.74,0.54,0.41
1480,43.22,0.0,100.0,0.0,0.0,100.0,0.0,0.0,99.48,15.53,2.93,0.56,0.48
1481,60.03,0.0,100.0,0.0,0.0,100.0,0.0,0.0,70.92,6.07,7.18,0.4,0.5
1482,36.08,0.0,100.0,0.0,0.0,100.0,0.0,0.0,182.37,14.58,3.62,0.65,0.41
1483,42.43,0.0,100.0,0.0,0.0,100.0,0.0,0.0,95.5,7.12,6.77,0.58,0.41
1484,45.26,0.1,90.0,10.0,0.0,90.0,0.0,0.0,48.58,5.19,6.48,0.38,0.42
1485,60.64,0.0,100.0,0.0,0.0,100.0,0.0,0.0,28.21,13.33,4.11,0.37,0.37
1486,57.15,0.0,100.0,0.0,0.0,100.0,0.0,0.0,50.73,12.01,4.1,0.44,0.38
1487,67.54,0.0,100.0,0.0,0.0,100.0,0.0,0.0,40.74,3.16,8.93,0.34,0.47
1488,48.28,0.0,100.0,0.0,0.0,100.0,0.0,0.0,61.27,14.37,3.43,0.52,0.43
1489,29.17,0.0,100.0,0.0,0.0,100.0,0.0,0.0,263.66,15.33,2.45,0.71,0.34
1490,69.81,0.0,100.0,0.0,0.0,100.0,0.0,0.0,50.1,5.34,7.72,0.32,0.42
1491,46.73,0.0,100.0,0.0,0.0,100.0,0.0,0.0,74.45,6.93,6.58,0.53,0.39
1492,29.17,0.0,100.0,0.0,0.0,100.0,0.0,0.0,297.09,15.33,2.85,0.71,0.35
1493,61.19,0.0,100.0,0.0,0.0,100.0,0.0,0.0,52.58,13.54,3.64,0.38,0.4
1494,59.79,0.0,100.0,0.0,0.0,100.0,0.0,0.0,47.42,10.53,7.09,0.43,0.4
1495,75.02,0.06,94.0,6.0,0.0,94.0,0.0,0.0,48.23,2.44,8.84,0.29,0.34
1496,56.12,0.0,100.0,0.0,0.0,100.0,0.0,0.0,46.45,5.63,6.99,0.45,0.34
1497,58.1,0.0,100.0,0.0,0.0,100.0,0.0,0.0,62.61,10.86,5.57,0.45,0.34
1498,40.33,0.0,100.0,0.0,0.0,100.0,0.0,0.0,67.48,13.24,4.84,0.59,0.33
1499,44.95,0.0,100.0,0.0,0.0,100.0,0.0,0.0,79.59,6.85,6.65,0.54,0.33
1500,69.76,0.07,93.0,7.0,0.0,93.0,0.0,0.0,49.43,2.62,8.01,0.36,0.35
1501,29.17,0.0,100.0,0.0,0.0,100.0,0.0,0.0,197.59,15.33,3.04,0.71,0.42
1502,68.19,0.05,95.0,5.0,0.0,95.0,0.0,0.0,65.11,1.44,8.47,0.33,0.37
1503,45.77,0.0,100.0,0.0,0.0,100.0,0.0,0.0,38.04,13.49,4.4,0.56,0.33
1504,61.22,0.0,100.0,0.0,0.0,100.0,0.0,0.0,53.34,3.33,8.97,0.42,0.53
1505,35.39,0.0,100.0,0.0,0.0,100.0,0.0,0.0,49.18,14.57,3.92,0.65,0.58
1506,41.69,0.0,100.0,0.0,0.0,100.0,0.0,0.0,53.53,7.01,6.36,0.58,0.41
1507,43.83,0.0,100.0,0.0,0.0,100.0,0.0,0.0,49.03,6.91,7.42,0.56,0.32
1508,54.29,0.0,100.0,0.0,0.0,100.0,0.0,0.0,88.22,11.46,4.54,0.42,0.34
1509,63.3,0.0,100.0,0.0,0.0,100.0,0.0,0.0,44.09,9.26,7.45,0.36,0.34
1510,46.26,0.0,100.0,0.0,0.0,100.0,0.0,0.0,82.83,13.0,5.03,0.54,0.37
1511,66.96,0.0,100.0,0.0,0.0,100.0,0.0,0.0,38.4,12.79,3.85,0.31,0.45
1512,57.42,0.0,100.0,0.0,0.0,100.0,0.0,0.0,51.42,3.1,8.76,0.4,0.62
1513,43.5,0.07,93.0,7.0,0.0,93.0,0.0,0.0,41.15,11.89,5.33,0.45,0.4
1514,57.56,0.0,100.0,0.0,0.0,100.0,0.0,0.0,43.15,11.93,5.14,0.44,0.39
1515,45.79,0.0,100.0,0.0,0.0,100.0,0.0,0.0,87.46,13.51,4.85,0.55,0.44
1516,51.25,0.0,100.0,0.0,0.0,100.0,0.0,0.0,36.7,13.86,4.36,0.51,0.55
1517,46.6,0.0,100.0,0.0,0.0,100.0,0.0,0.0,91.42,13.62,3.85,0.53,0.39
1518,48.46,0.07,93.0,7.0,0.0,93.0,0.0,0.0,58.62,5.4,6.31,0.43,0.43
1519,59.65,0.0,100.0,0.0,0.0,100.0,0.0,0.0,16.54,6.93,6.25,0.41,0.41
1520,29.17,0.0,100.0,0.0,0.0,100.0,0.0,0.0,73.32,16.0,2.43,0.71,0.42
1521,60.48,0.0,100.0,0.0,0.0,100.0,0.0,0.0,52.83,10.6,6.72,0.39,0.45
1522,70.89,0.05,95.0,5.0,0.0,95.0,0.0,0.0,51.62,2.5,10.12,0.34,0.44
1523,79.3,0.07,93.0,7.0,0.0,93.0,0.0,0.0,55.25,2.3,9.71,0.22,0.44
1524,60.64,0.0,100.0,0.0,0.0,100.0,0.0,0.0,46.65,11.58,5.05,0.42,0.46
1525,74.31,0.29,71.0,29.0,0.0,71.0,0.0,0.0,159.67,2.3,7.79,0.34,0.39
1526,57.49,0.0,100.0,0.0,0.0,100.0,0.0,0.0,20.03,11.74,4.8,0.44,0.44
1527,52.29,0.06,94.0,6.0,0.0,94.0,0.0,0.0,54.37,10.02,6.15,0.38,0.43
1528,66.22,0.0,100.0,0.0,0.0,100.0,0.0,0.0,32.39,5.58,6.84,0.35,0.41
1529,55.57,0.03,97.0,3.0,0.0,97.0,0.0,0.0,65.91,5.08,6.72,0.38,0.42
1530,48.63,0.0,100.0,0.0,0.0,100.0,0.0,0.0,99.83,13.23,5.0,0.52,0.4
1531,47.28,0.0,100.0,0.0,0.0,100.0,0.0,0.0,47.98,12.59,5.11,0.51,0.36
1532,40.83,0.09,91.0,9.0,0.0,91.0,0.0,0.0,56.72,11.02,6.03,0.46,0.38
1533,48.08,0.0,100.0,0.0,0.0,100.0,0.0,0.0,71.18,6.46,7.19,0.52,0.37
1534,43.45,0.0,100.0,0.0,0.0,100.0,0.0,0.0,103.85,13.36,5.17,0.55,0.38
1535,35.52,0.0,100.0,0.0,0.0,100.0,0.0,0.0,226.21,14.64,3.25,0.65,0.36
1536,66.46,0.0,100.0,0.0,0.0,100.0,0.0,0.0,41.02,2.85,8.77,0.36,0.46
1537,61.21,0.0,100.0,0.0,0.0,100.0,0.0,0.0,66.93,11.29,5.18,0.38,0.53
1538,29.17,0.0,100.0,0.0,0.0,100.0,0.0,0.0,372.3,15.33,2.99,0.71,0.38
1539,48.65,0.0,100.0,0.0,0.0,100.0,0.0,0.0,64.03,13.6,4.39,0.52,0.49
1540,61.71,0.0,100.0,0.0,0.0,100.0,0.0,0.0,53.55,5.83,7.79,0.37,0.5
1541,65.53,0.0,100.0,0.0,0.0,100.0,0.0,0.0,31.55,6.97,6.8,0.38,0.42
1542,62.27,0.07,93.0,7.0,0.0,93.0,0.0,0.0,72.6,2.18,10.07,0.42,0.42
1543,42.31,0.0,100.0,0.0,0.0,100.0,0.0,0.0,114.67,6.91,5.89,0.57,0.42
1544,46.4,0.0,100.0,0.0,0.0,100.0,0.0,0.0,93.44,7.71,5.85,0.53,0.4
1545,44.96,0.0,100.0,0.0,0.0,100.0,0.0,0.0,95.24,6.96,6.33,0.56,0.4
1546,44.68,0.0,100.0,0.0,0.0,100.0,0.0,0.0,52.38,13.39,4.18,0.55,0.41
1547,42.15,0.0,100.0,0.0,0.0,100.0,0.0,0.0,60.15,13.98,3.64,0.59,0.42
1548,44.9,0.0,100.0,0.0,0.0,100.0,0.0,0.0,67.98,13.27,4.82,0.54,0.4
1549,54.32,0.0,100.0,0.0,0.0,100.0,0.0,0.0,34.26,7.18,6.04,0.44,0.43
1550,35.11,0.0,100.0,0.0,0.0,100.0,0.0,0.0,97.04,7.43,5.32,0.65,0.37
1551,71.62,0.0,100.0,0.0,0.0,100.0,0.0,0.0,56.43,2.75,8.67,0.27,0.44
1552,72.58,0.0,100.0,0.0,0.0,100.0,0.0,0.0,53.8,2.76,9.05,0.27,0.42
1553,66.29,0.0,100.0,0.0,0.0,100.0,0.0,0.0,36.0,5.31,8.51,0.35,0.4
1554,40.23,0.0,100.0,0.0,0.0,100.0,0.0,0.0,36.36,7.41,6.06,0.58,0.44
1555,64.58,0.0,100.0,0.0,0.0,100.0,0.0,0.0,35.77,5.9,7.73,0.37,0.46
1556,57.61,0.0,100.0,0.0,0.0,100.0,0.0,0.0,51.6,5.33,7.46,0.4,0.48
1557,56.28,0.0,100.0,0.0,0.0,100.0,0.0,0.0,63.31,11.89,4.57,0.45,0.45
1558,61.18,0.0,100.0,0.0,0.0,100.0,0.0,0.0,52.21,11.04,4.46,0.38,0.44
1559,57.55,0.0,100.0,0.0,0.0,100.0,0.0,0.0,59.49,13.45,4.42,0.4,0.45
1560,73.39,0.0,100.0,0.0,0.0,100.0,0.0,0.0,60.56,10.75,5.24,0.31,0.43
1561,59.13,0.0,100.0,0.0,0.0,100.0,0.0,0.0,50.72,10.35,6.24,0.4,0.43
1562,43.02,0.11,89.0,11.0,0.0,89.0,0.0,0.0,44.07,10.02,6.01,0.4,0.38
1563,40.97,0.0,100.0,0.0,0.0,100.0,0.0,0.0,94.04,14.45,3.86,0.57,0.35
1564,46.23,0.0,100.0,0.0,0.0,100.0,0.0,0.0,112.66,13.4,4.28,0.54,0.34
1565,46.11,0.0,100.0,0.0,0.0,100.0,0.0,0.0,81.17,6.98,6.63,0.55,0.35
1566,45.7,0.1,90.0,10.0,0.0,90.0,0.0,0.0,35.06,11.23,4.92,0.4,0.36
1567,72.38,0.0,100.0,0.0,0.0,100.0,0.0,0.0,44.86,2.93,9.65,0.3,0.36
1568,63.85,0.0,100.0,0.0,0.0,100.0,0.0,0.0,35.36,9.43,6.4,0.37,0.36
1569,63.1,0.0,100.0,0.0,0.0,100.0,0.0,0.0,48.6,7.18,5.81,0.37,0.35
1570,35.92,0.0,100.0,0.0,0.0,100.0,0.0,0.0,274.4,14.56,3.1,0.64,0.32
1571,55.03,0.0,100.0,0.0,0.0,100.0,0.0,0.0,47.75,6.05,7.35,0.45,0.37
1572,76.09,0.06,94.0,6.0,0.0,94.0,0.0,0.0,44.73,1.56,8.71,0.22,0.38
1573,58.71,0.0,100.0,0.0,0.0,100.0,0.0,0.0,48.36,10.35,5.73,0.39,0.34
1574,73.83,0.0,100.0,0.0,0.0,100.0,0.0,0.0,47.78,2.11,9.27,0.25,0.37
1575,54.89,0.0,100.0,0.0,0.0,100.0,0.0,0.0,38.91,6.71,5.4,0.43,0.35
1576,70.4,0.0,100.0,0.0,0.0,100.0,0.0,0.0,42.99,5.27,7.9,0.28,0.35
1577,65.48,0.0,100.0,0.0,0.0,100.0,0.0,0.0,29.34,11.1,4.96,0.37,0.35
1578,59.58,0.0,100.0,0.0,0.0,100.0,0.0,0.0,84.26,5.95,7.48,0.39,0.38
1579,34.97,0.0,100.0,0.0,0.0,100.0,0.0,0.0,176.94,15.53,2.54,0.65,0.37
1580,47.47,0.08,92.0,8.0,0.0,92.0,0.0,0.0,60.09,10.98,4.91,0.39,0.44
1581,35.18,0.0,100.0,0.0,0.0,100.0,0.0,0.0,257.86,8.0,4.72,0.65,0.45
1582,44.67,0.0,100.0,0.0,0.0,100.0,0.0,0.0,52.36,6.68,6.93,0.54,0.47
1583,60.99,0.0,100.0,0.0,0.0,100.0,0.0,0.0,60.28,6.05,6.65,0.4,0.46
1584,72.78,0.0,100.0,0.0,0.0,100.0,0.0,0.0,59.67,2.0,9.03,0.31,0.43
1585,52.14,0.0,100.0,0.0,0.0,100.0,0.0,0.0,64.61,12.42,4.88,0.47,0.42
1586,62.12,0.0,100.0,0.0,0.0,100.0,0.0,0.0,58.82,13.22,4.9,0.38,0.42
1587,70.26,0.0,100.0,0.0,0.0,100.0,0.0,0.0,42.48,5.69,7.99,0.3,0.4
1588,34.85,0.0,100.0,0.0,0.0,100.0,0.0,0.0,123.94,14.64,3.12,0.65,0.44
1589,62.32,0.0,100.0,0.0,0.0,100.0,0.0,0.0,50.59,9.43,6.56,0.39,0.45
1590,36.13,0.0,100.0,0.0,0.0,100.0,0.0,0.0,89.93,16.0,3.03,0.64,0.38
1591,64.49,0.0,100.0,0.0,0.0,100.0,0.0,0.0,36.86,5.67,7.92,0.38,0.42
1592,61.42,0.0,100.0,0.0,0.0,100.0,0.0,0.0,49.36,2.92,8.12,0.38,0.45
1593,51.62,0.0,100.0,0.0,0.0,100.0,0.0,0.0,65.74,5.76,7.32,0.47,0.44
1594,49.21,0.07,93.0,7.0,0.0,93.0,0.0,0.0,58.91,6.38,6.06,0.38,0.45
1595,35.37,0.0,100.0,0.0,0.0,100.0,0.0,0.0,212.98,14.81,3.75,0.64,0.4
1596,54.58,0.09,91.0,9.0,0.0,91.0,0.0,0.0,32.0,4.96,7.98,0.32,0.39
1597,44.29,0.0,100.0,0.0,0.0,100.0,0.0,0.0,60.49,7.23,5.47,0.55,0.39
1598,76.39,0.06,94.0,6.0,0.0,94.0,0.0,0.0,36.37,2.75,8.99,0.23,0.44
1599,48.24,0.0,100.0,0.0,0.0,100.0,0.0,0.0,60.57,13.47,3.93,0.55,0.38
1600,45.6,0.0,100.0,0.0,0.0,100.0,0.0,0.0,37.83,7.82,5.0,0.56,0.38
1601,53.79,0.0,100.0,0.0,0.0,100.0,0.0,0.0,88.47,11.91,5.03,0.43,0.41
1602,48.45,0.0,100.0,0.0,0.0,100.0,0.0,0.0,60.34,6.92,5.55,0.52,0.38
1603,35.79,0.0,100.0,0.0,0.0,100.0,0.0,0.0,263.45,14.55,4.12,0.64,0.4
1604,60.13,0.0,100.0,0.0,0.0,100.0,0.0,0.0,41.11,6.85,5.64,0.43,0.43
1605,46.65,0.0,100.0,0.0,0.0,100.0,0.0,0.0,48.57,7.72,5.65,0.54,0.39
1606,58.06,0.0,100.0,0.0,0.0,100.0,0.0,0.0,81.55,5.88,6.76,0.41,0.4
1607,58.38,0.0,100.0,0.0,0.0,100.0,0.0,0.0,60.33,1.99,9.59,0.38,0.41
1608,49.85,0.06,94.0,6.0,0.0,94.0,0.0,0.0,49.78,6.71,5.67,0.44,0.42
1609,67.23,0.0,100.0,0.0,0.0,100.0,0.0,0.0,27.38,2.92,9.26,0.32,0.5
1610,56.88,0.0,100.0,0.0,0.0,100.0,0.0,0.0,44.64,5.77,6.79,0.4,0.45
1611,40.61,0.0,100.0,0.0,0.0,100.0,0.0,0.0,87.29,13.94,3.85,0.59,0.46
1612,42.56,0.0,100.0,0.0,0.0,100.0,0.0,0.0,63.47,13.62,4.7,0.56,0.45
1613,57.78,0.0,100.0,0.0,0.0,100.0,0.0,0.0,51.11,13.08,4.72,0.43,0.48
1614,62.64,0.0,100.0,0.0,0.0,100.0,0.0,0.0,41.65,10.02,5.7,0.39,0.45
1615,35.65,0.0,100.0,0.0,0.0,100.0,0.0,0.0,176.66,14.22,4.31,0.64,0.42
1616,43.73,0.0,100.0,0.0,0.0,100.0,0.0,0.0,71.98,12.86,5.21,0.56,0.44
1617,63.52,0.0,100.0,0.0,0.0,100.0,0.0,0.0,45.34,10.53,5.98,0.38,0.42
1618,36.23,0.0,100.0,0.0,0.0,100.0,0.0,0.0,227.84,14.15,4.18,0.64,0.52
1619,35.68,0.0,100.0,0.0,0.0,100.0,0.0,0.0,139.5,7.4,5.78,0.64,0.48
1620,29.17,0.0,100.0,0.0,0.0,100.0,0.0,0.0,297.91,16.0,2.68,0.71,0.4
1621,44.79,0.0,100.0,0.0,0.0,100.0,0.0,0.0,93.31,13.18,4.54,0.55,0.44
1622,29.17,0.0,100.0,0.0,0.0,100.0,0.0,0.0,350.11,16.0,2.31,0.71,0.37
1623,64.03,0.0,100.0,0.0,0.0,100.0,0.0,0.0,34.57,10.91,5.26,0.35,0.44
1624,83.09,0.07,93.0,7.0,0.0,93.0,0.0,0.0,60.55,2.24,8.08,0.19,0.44
1625,51.98,0.0,100.0,0.0,0.0,100.0,0.0,0.0,38.97,12.56,6.2,0.48,0.4
1626,50.15,0.0,100.0,0.0,0.0,100.0,0.0,0.0,90.99,6.35,6.5,0.48,0.4
1627,35.95,0.0,100.0,0.0,0.0,100.0,0.0,0.0,101.27,16.0,3.17,0.64,0.41
1628,45.19,0.0,100.0,0.0,0.0,100.0,0.0,0.0,101.4,6.88,6.27,0.55,0.45
1629,55.13,0.0,100.0,0.0,0.0,100.0,0.0,0.0,72.04,11.22,7.12,0.46,0.51
1630,48.7,0.0,100.0,0.0,0.0,100.0,0.0,0.0,22.72,13.85,4.16,0.53,0.46
1631,68.17,0.0,100.0,0.0,0.0,100.0,0.0,0.0,37.84,2.77,9.42,0.31,0.42
1632,41.8,0.0,100.0,0.0,0.0,100.0,0.0,0.0,78.65,13.58,4.51,0.58,0.41
1633,65.17,0.0,100.0,0.0,0.0,100.0,0.0,0.0,36.84,1.83,10.27,0.34,0.44
1634,42.03,0.0,100.0,0.0,0.0,100.0,0.0,0.0,52.22,13.58,4.92,0.58,0.39
1635,58.77,0.0,100.0,0.0,0.0,100.0,0.0,0.0,51.35,12.49,3.94,0.42,0.37
1636,52.65,0.0,100.0,0.0,0.0,100.0,0.0,0.0,41.55,15.03,3.48,0.45,0.35
1637,42.42,0.0,100.0,0.0,0.0,100.0,0.0,0.0,63.83,6.89,5.79,0.57,0.34
1638,36.58,0.0,100.0,0.0,0.0,100.0,0.0,0.0,240.84,14.5,4.3,0.64,0.32
1639,65.62,0.0,100.0,0.0,0.0,100.0,0.0,0.0,34.98,9.46,5.79,0.36,0.42
1640,59.25,0.0,100.0,0.0,0.0,100.0,0.0,0.0,56.73,13.34,3.81,0.4,0.35
1641,50.72,0.07,93.0,7.0,0.0,93.0,0.0,0.0,66.77,10.96,5.28,0.38,0.41
1642,45.61,0.0,100.0,0.0,0.0,100.0,0.0,0.0,50.64,12.77,5.21,0.53,0.4
1643,58.37,0.0,100.0,0.0,0.0,100.0,0.0,0.0,77.56,10.93,6.47,0.42,0.35
1644,48.44,0.0,100.0,0.0,0.0,100.0,0.0,0.0,63.38,7.3,5.57,0.53,0.34
1645,48.91,0.05,95.0,5.0,0.0,95.0,0.0,0.0,46.98,10.13,6.28,0.4,0.35
1646,34.51,0.0,100.0,0.0,0.0,100.0,0.0,0.0,149.99,14.9,2.83,0.65,0.33
1647,35.71,0.0,100.0,0.0,0.0,100.0,0.0,0.0,195.13,14.55,3.47,0.64,0.34
1648,67.61,0.0,100.0,0.0,0.0,100.0,0.0,0.0,52.54,12.21,4.74,0.32,0.39
1649,64.41,0.0,100.0,0.0,0.0,100.0,0.0,0.0,49.04,9.43,7.28,0.34,0.41
1650,49.4,0.0,100.0,0.0,0.0,100.0,0.0,0.0,73.02,13.16,4.05,0.52,0.4
1651,55.21,0.0,100.0,0.0,0.0,100.0,0.0,0.0,74.67,11.71,4.12,0.43,0.39
1652,47.52,0.0,100.0,0.0,0.0,100.0,0.0,0.0,69.72,6.81,7.09,0.53,0.4
1653,61.12,0.0,100.0,0.0,0.0,100.0,0.0,0.0,52.94,11.31,5.29,0.41,0.39
1654,66.81,0.0,100.0,0.0,0.0,100.0,0.0,0.0,41.82,3.44,8.39,0.33,0.39
1655,60.9,0.0,100.0,0.0,0.0,100.0,0.0,0.0,45.47,11.98,4.06,0.41,0.4
1656,79.56,0.0,100.0,0.0,0.0,100.0,0.0,0.0,30.25,1.6,9.67,0.19,0.43
1657,55.93,0.05,95.0,5.0,0.0,95.0,0.0,0.0,60.27,5.45,7.79,0.36,0.4
1658,35.63,0.0,100.0,0.0,0.0,100.0,0.0,0.0,78.24,14.55,3.09,0.64,0.37
1659,53.78,0.0,100.0,0.0,0.0,100.0,0.0,0.0,40.39,10.92,5.2,0.45,0.59
1660,62.37,0.0,100.0,0.0,0.0,100.0,0.0,0.0,37.69,5.2,7.29,0.4,0.81
1661,63.14,0.0,100.0,0.0,0.0,100.0,0.0,0.0,39.36,5.62,7.26,0.35,0.48
1662,72.18,0.0,100.0,0.0,0.0,100.0,0.0,0.0,49.52,2.79,8.18,0.29,0.48
1663,55.45,0.0,100.0,0.0,0.0,100.0,0.0,0.0,46.8,11.71,4.85,0.44,0.46
1664,60.54,0.0,100.0,0.0,0.0,100.0,0.0,0.0,26.91,3.09,8.3,0.39,0.43
1665,55.44,0.03,97.0,3.0,0.0,97.0,0.0,0.0,53.1,5.23,7.53,0.39,0.46
1666,35.74,0.0,100.0,0.0,0.0,100.0,0.0,0.0,182.78,15.52,2.79,0.65,0.38
1667,40.98,0.0,100.0,0.0,0.0,100.0,0.0,0.0,41.31,7.05,6.32,0.59,0.42
1668,47.78,0.0,100.0,0.0,0.0,100.0,0.0,0.0,68.48,7.08,5.95,0.52,0.41
1669,29.17,0.0,100.0,0.0,0.0,100.0,0.0,0.0,116.61,16.0,2.51,0.71,0.37
1670,43.49,0.0,100.0,0.0,0.0,100.0,0.0,0.0,75.69,14.48,3.66,0.56,0.53
1671,62.24,0.0,100.0,0.0,0.0,100.0,0.0,0.0,54.13,12.77,4.6,0.37,0.81
1672,67.39,0.0,100.0,0.0,0.0,100.0,0.0,0.0,48.65,2.1,9.42,0.34,0.47
1673,53.66,0.0,100.0,0.0,0.0,100.0,0.0,0.0,67.8,10.63,5.88,0.45,0.44
1674,66.19,0.0,100.0,0.0,0.0,100.0,0.0,0.0,76.79,9.75,7.03,0.31,0.46
1675,76.53,0.0,100.0,0.0,0.0,100.0,0.0,0.0,60.67,3.15,9.15,0.23,0.42
1676,57.95,0.0,100.0,0.0,0.0,100.0,0.0,0.0,67.36,11.56,5.14,0.41,0.43
1677,67.19,0.0,100.0,0.0,0.0,100.0,0.0,0.0,59.94,6.57,5.93,0.34,0.43
1678,75.69,0.06,94.0,6.0,0.0,94.0,0.0,0.0,60.17,2.7,9.16,0.26,0.43
1679,69.48,0.0,100.0,0.0,0.0,100.0,0.0,0.0,38.92,9.17,7.01,0.3,0.46
1680,71.68,0.0,100.0,0.0,0.0,100.0,0.0,0.0,39.19,10.84,6.34,0.32,0.44
1681,48.92,0.0,100.0,0.0,0.0,100.0,0.0,0.0,42.52,14.27,3.84,0.51,0.41
1682,52.85,0.0,100.0,0.0,0.0,100.0,0.0,0.0,50.74,5.57,7.69,0.44,0.45
1683,35.05,0.0,100.0,0.0,0.0,100.0,0.0,0.0,261.13,14.84,3.54,0.65,0.4
1684,64.01,0.0,100.0,0.0,0.0,100.0,0.0,0.0,56.55,11.0,5.03,0.38,0.46
1685,68.07,0.0,100.0,0.0,0.0,100.0,0.0,0.0,39.95,2.85,7.57,0.29,0.46
1686,55.4,0.0,100.0,0.0,0.0,100.0,0.0,0.0,70.74,6.04,7.48,0.44,0.42
1687,71.51,0.09,91.0,9.0,0.0,91.0,0.0,0.0,32.83,3.04,10.69,0.32,0.42
1688,61.59,0.0,100.0,0.0,0.0,100.0,0.0,0.0,52.25,3.05,8.58,0.36,0.44
1689,57.22,0.0,100.0,0.0,0.0,100.0,0.0,0.0,54.71,11.67,4.76,0.42,0.45
1690,35.57,0.0,100.0,0.0,0.0,100.0,0.0,0.0,100.64,15.24,3.36,0.65,0.73
1691,57.75,0.0,100.0,0.0,0.0,100.0,0.0,0.0,38.45,5.39,6.81,0.43,0.57
1692,35.56,0.0,100.0,0.0,0.0,100.0,0.0,0.0,69.93,7.41,5.98,0.64,0.41
1693,35.49,0.0,100.0,0.0,0.0,100.0,0.0,0.0,51.5,14.85,3.66,0.65,0.44
1694,44.19,0.0,100.0,0.0,0.0,100.0,0.0,0.0,99.21,13.91,4.05,0.55,0.4
1695,66.81,0.0,100.0,0.0,0.0,100.0,0.0,0.0,67.36,10.78,5.22,0.34,0.38
1696,36.18,0.0,100.0,0.0,0.0,100.0,0.0,0.0,219.69,14.49,4.03,0.64,0.36
1697,54.59,0.0,100.0,0.0,0.0,100.0,0.0,0.0,55.17,12.05,4.41,0.46,0.35
1698,56.98,0.0,100.0,0.0,0.0,100.0,0.0,0.0,59.34,5.48,6.92,0.43,0.34
1699,62.4,0.0,100.0,0.0,0.0,100.0,0.0,0.0,49.37,5.69,7.61,0.38,0.35
1700,35.56,0.0,100.0,0.0,0.0,100.0,0.0,0.0,75.62,14.82,3.44,0.64,0.32
1701,67.15,0.0,100.0,0.0,0.0,100.0,0.0,0.0,39.1,2.39,7.93,0.31,0.34
1702,60.53,0.0,100.0,0.0,0.0,100.0,0.0,0.0,60.48,10.78,6.05,0.4,0.33
1703,43.92,0.0,100.0,0.0,0.0,100.0,0.0,0.0,83.72,6.83,6.11,0.54,0.4
1704,82.59,0.0,100.0,0.0,0.0,100.0,0.0,0.0,24.67,2.65,9.23,0.17,0.35
1705,43.73,0.0,100.0,0.0,0.0,100.0,0.0,0.0,68.85,13.38,5.37,0.57,0.39
1706,57.92,0.0,100.0,0.0,0.0,100.0,0.0,0.0,34.05,5.9,6.85,0.41,0.35
1707,64.15,0.0,100.0,0.0,0.0,100.0,0.0,0.0,52.61,5.06,7.26,0.32,0.34
1708,49.78,0.06,94.0,6.0,0.0,94.0,0.0,0.0,58.4,12.98,4.56,0.41,0.32
1709,60.2,0.0,100.0,0.0,0.0,100.0,0.0,0.0,42.75,5.82,7.47,0.4,0.34
1710,58.37,0.0,100.0,0.0,0.0,100.0,0.0,0.0,62.02,6.12,7.03,0.4,0.33
1711,68.52,0.06,94.0,6.0,0.0,94.0,0.0,0.0,50.83,1.67,8.97,0.35,0.38
1712,35.29,0.0,100.0,0.0,0.0,100.0,0.0,0.0,271.62,7.42,5.9,0.65,0.36
1713,45.66,0.0,100.0,0.0,0.0,100.0,0.0,0.0,56.84,12.7,5.24,0.55,0.37
1714,59.63,0.0,100.0,0.0,0.0,100.0,0.0,0.0,48.79,4.99,6.23,0.37,0.4
1715,44.4,0.0,100.0,0.0,0.0,100.0,0.0,0.0,59.44,7.24,5.54,0.55,0.49
1716,61.52,0.0,100.0,0.0,0.0,100.0,0.0,0.0,47.39,6.18,7.76,0.41,0.48
1717,61.82,0.0,100.0,0.0,0.0,100.0,0.0,0.0,61.78,13.22,4.21,0.4,0.43
1718,40.29,0.13,87.0,13.0,0.0,87.0,0.0,0.0,41.41,5.45,6.37,0.4,0.38
1719,54.54,0.0,100.0,0.0,0.0,100.0,0.0,0.0,47.44,12.24,4.75,0.46,0.38
1720,46.3,0.0,100.0,0.0,0.0,100.0,0.0,0.0,49.55,6.86,6.8,0.55,0.38
1721,65.77,0.0,100.0,0.0,0.0,100.0,0.0,0.0,42.53,12.84,4.49,0.36,0.42
1722,54.45,0.04,96.0,4.0,0.0,96.0,0.0,0.0,63.52,5.24,7.13,0.4,0.37
1723,43.21,0.0,100.0,0.0,0.0,100.0,0.0,0.0,70.55,14.56,3.78,0.56,0.37
1724,80.54,0.0,100.0,0.0,0.0,100.0,0.0,0.0,35.51,1.94,8.97,0.19,0.38
1725,62.11,0.0,100.0,0.0,0.0,100.0,0.0,0.0,63.19,6.61,6.55,0.4,0.39
1726,45.99,0.0,100.0,0.0,0.0,100.0,0.0,0.0,61.93,13.27,4.31,0.54,0.57
1727,63.59,0.0,100.0,0.0,0.0,100.0,0.0,0.0,44.26,3.21,10.19,0.36,0.41
1728,64.24,0.0,100.0,0.0,0.0,100.0,0.0,0.0,43.63,12.89,4.57,0.37,0.45
1729,35.48,0.0,100.0,0.0,0.0,100.0,0.0,0.0,147.25,14.83,3.3,0.65,0.44
1730,34.83,0.0,100.0,0.0,0.0,100.0,0.0,0.0,82.71,8.0,4.58,0.65,0.37
1731,35.29,0.0,100.0,0.0,0.0,100.0,0.0,0.0,204.61,7.74,6.34,0.64,0.39
1732,46.58,0.03,97.0,3.0,0.0,97.0,0.0,0.0,49.49,12.11,4.67,0.47,0.4
1733,35.83,0.0,100.0,0.0,0.0,100.0,0.0,0.0,173.24,15.49,2.51,0.64,0.36
1734,56.15,0.0,100.0,0.0,0.0,100.0,0.0,0.0,65.17,6.21,7.19,0.44,0.45
1735,58.97,0.0,100.0,0.0,0.0,100.0,0.0,0.0,41.25,5.39,6.85,0.41,0.43
1736,59.01,0.0,100.0,0.0,0.0,100.0,0.0,0.0,60.75,9.95,6.71,0.39,0.39
1737,46.57,0.0,100.0,0.0,0.0,100.0,0.0,0.0,72.25,12.9,5.36,0.52,0.42
1738,46.63,0.0,100.0,0.0,0.0,100.0,0.0,0.0,89.45,6.84,6.82,0.54,0.39
1739,58.96,0.0,100.0,0.0,0.0,100.0,0.0,0.0,35.43,10.68,5.75,0.43,0.4
1740,45.53,0.0,100.0,0.0,0.0,100.0,0.0,0.0,81.21,7.49,5.21,0.56,0.41
1741,61.84,0.0,100.0,0.0,0.0,100.0,0.0,0.0,39.2,12.99,4.08,0.39,0.43
1742,46.72,0.0,100.0,0.0,0.0,100.0,0.0,0.0,45.87,12.83,5.04,0.53,0.43
1743,59.52,0.0,100.0,0.0,0.0,100.0,0.0,0.0,43.28,3.62,9.82,0.38,0.42
1744,67.82,0.04,96.0,4.0,0.0,96.0,0.0,0.0,61.76,2.62,8.52,0.33,0.37
1745,52.99,0.04,96.0,4.0,0.0,96.0,0.0,0.0,28.85,5.83,6.77,0.42,0.4
1746,53.94,0.0,100.0,0.0,0.0,100.0,0.0,0.0,57.52,6.94,4.45,0.44,0.42
1747,45.92,0.0,100.0,0.0,0.0,100.0,0.0,0.0,60.5,13.65,4.11,0.56,0.4
1748,60.87,0.0,100.0,0.0,0.0,100.0,0.0,0.0,44.54,5.64,6.98,0.39,0.48
1749,51.05,0.05,95.0,5.0,0.0,95.0,0.0,0.0,59.12,5.36,7.69,0.41,0.39
1750,29.17,0.0,100.0,0.0,0.0,100.0,0.0,0.0,380.66,16.0,2.5,0.71,0.35
1751,49.6,0.0,100.0,0.0,0.0,100.0,0.0,0.0,61.81,12.94,5.67,0.51,0.41
1752,74.38,0.0,100.0,0.0,0.0,100.0,0.0,0.0,34.74,5.01,7.83,0.3,0.43
1753,64.6,0.0,100.0,0.0,0.0,100.0,0.0,0.0,49.64,2.88,9.06,0.35,0.41
1754,42.7,0.0,100.0,0.0,0.0,100.0,0.0,0.0,47.49,13.96,4.1,0.56,0.38
1755,49.01,0.05,95.0,5.0,0.0,95.0,0.0,0.0,25.33,6.0,6.64,0.45,0.4
1756,46.81,0.0,100.0,0.0,0.0,100.0,0.0,0.0,43.49,13.12,4.66,0.53,0.43
1757,34.41,0.0,100.0,0.0,0.0,100.0,0.0,0.0,161.36,14.64,3.79,0.65,0.41
1758,55.5,0.0,100.0,0.0,0.0,100.0,0.0,0.0,37.47,11.08,6.29,0.45,0.39
1759,29.17,0.0,100.0,0.0,0.0,100.0,0.0,0.0,155.4,16.0,3.04,0.71,0.38
1760,44.42,0.0,100.0,0.0,0.0,100.0,0.0,0.0,78.14,14.04,3.64,0.55,0.43
1761,41.77,0.1,90.0,10.0,0.0,90.0,0.0,0.0,74.06,5.5,6.99,0.41,0.42
1762,63.51,0.0,100.0,0.0,0.0,100.0,0.0,0.0,43.54,9.73,6.76,0.38,0.42
1763,52.89,0.06,94.0,6.0,0.0,94.0,0.0,0.0,56.43,10.13,6.14,0.35,0.4
1764,44.27,0.0,100.0,0.0,0.0,100.0,0.0,0.0,87.21,13.69,3.27,0.57,0.36
1765,59.73,0.0,100.0,0.0,0.0,100.0,0.0,0.0,52.26,10.47,6.38,0.43,0.38
1766,47.76,0.0,100.0,0.0,0.0,100.0,0.0,0.0,51.81,12.82,5.48,0.54,0.39
1767,64.89,0.0,100.0,0.0,0.0,100.0,0.0,0.0,70.24,2.78,9.36,0.32,0.42
1768,45.43,0.0,100.0,0.0,0.0,100.0,0.0,0.0,79.8,7.17,5.58,0.54,0.38
1769,45.59,0.0,100.0,0.0,0.0,100.0,0.0,0.0,63.87,7.79,4.82,0.55,0.35
1770,59.34,0.0,100.0,0.0,0.0,100.0,0.0,0.0,33.9,5.92,8.29,0.39,0.34
1771,44.89,0.0,100.0,0.0,0.0,100.0,0.0,0.0,68.05,7.29,6.73,0.55,0.35
1772,35.67,0.0,100.0,0.0,0.0,100.0,0.0,0.0,250.47,14.81,3.1,0.64,0.3
1773,35.28,0.0,100.0,0.0,0.0,100.0,0.0,0.0,153.11,14.63,4.19,0.65,0.32
1774,62.22,0.0,100.0,0.0,0.0,100.0,0.0,0.0,43.26,11.23,5.43,0.4,0.36
1775,29.17,0.0,100.0,0.0,0.0,100.0,0.0,0.0,323.45,16.0,2.15,0.71,0.32
1776,42.72,0.0,100.0,0.0,0.0,100.0,0.0,0.0,95.66,13.57,4.37,0.54,0.35
1777,35.54,0.0,100.0,0.0,0.0,100.0,0.0,0.0,92.88,8.0,4.95,0.65,0.32
1778,35.92,0.0,100.0,0.0,0.0,100.0,0.0,0.0,99.51,14.83,3.4,0.65,0.33
1779,57.83,0.0,100.0,0.0,0.0,100.0,0.0,0.0,43.45,13.03,5.0,0.41,0.34
1780,60.2,0.0,100.0,0.0,0.0,100.0,0.0,0.0,42.56,13.09,4.21,0.42,0.34
1781,29.17,0.0,100.0,0.0,0.0,100.0,0.0,0.0,460.79,16.0,2.25,0.71,0.34
1782,68.56,0.0,100.0,0.0,0.0,100.0,0.0,0.0,43.55,10.16,6.03,0.33,0.34
1783,64.38,0.0,100.0,0.0,0.0,100.0,0.0,0.0,26.88,6.76,6.02,0.37,0.35
1784,50.37,0.06,94.0,6.0,0.0,94.0,0.0,0.0,73.05,11.26,5.38,0.41,0.33
1785,83.47,0.0,100.0,0.0,0.0,100.0,0.0,0.0,68.52,2.41,9.51,0.16,0.36
1786,44.93,0.0,100.0,0.0,0.0,100.0,0.0,0.0,57.23,7.29,5.98,0.54,0.35
1787,43.87,0.0,100.0,0.0,0.0,100.0,0.0,0.0,91.48,7.37,6.34,0.55,0.53
1788,35.2,0.0,100.0,0.0,0.0,100.0,0.0,0.0,262.16,16.0,2.63,0.65,0.72
1789,64.22,0.0,100.0,0.0,0.0,100.0,0.0,0.0,37.53,10.68,5.9,0.37,0.49
1790,69.99,0.0,100.0,0.0,0.0,100.0,0.0,0.0,71.14,12.9,4.41,0.35,0.47
1791,43.33,0.0,100.0,0.0,0.0,100.0,0.0,0.0,65.06,7.52,6.53,0.57,0.51
1792,44.03,0.0,100.0,0.0,0.0,100.0,0.0,0.0,34.97,6.87,6.82,0.58,0.41
1793,47.17,0.0,100.0,0.0,0.0,100.0,0.0,0.0,101.81,12.97,5.59,0.54,0.44
1794,44.29,0.0,100.0,0.0,0.0,100.0,0.0,0.0,33.04,6.82,6.57,0.55,0.42
1795,29.17,0.0,100.0,0.0,0.0,100.0,0.0,0.0,309.57,15.33,3.36,0.71,0.36
1796,43.25,0.0,100.0,0.0,0.0,100.0,0.0,0.0,89.86,6.79,6.4,0.57,0.45
1797,60.74,0.0,100.0,0.0,0.0,100.0,0.0,0.0,55.43,6.16,6.55,0.41,0.44
1798,57.21,0.0,100.0,0.0,0.0,100.0,0.0,0.0,33.35,11.77,4.44,0.44,0.93
1799,68.21,0.0,100.0,0.0,0.0,100.0,0.0,0.0,53.61,1.83,8.97,0.28,0.61
1800,35.31,0.0,100.0,0.0,0.0,100.0,0.0,0.0,108.33,14.84,3.18,0.65,0.68
1801,58.21,0.0,100.0,0.0,0.0,100.0,0.0,0.0,46.59,12.15,4.65,0.42,0.88
1802,59.66,0.0,100.0,0.0,0.0,100.0,0.0,0.0,52.92,11.65,5.19,0.4,0.52
1803,59.41,0.0,100.0,0.0,0.0,100.0,0.0,0.0,60.7,11.68,5.32,0.4,0.54
1804,60.03,0.0,100.0,0.0,0.0,100.0,0.0,0.0,36.44,10.39,5.47,0.41,0.54
1805,44.02,0.0,100.0,0.0,0.0,100.0,0.0,0.0,75.49,15.39,3.11,0.55,0.49
1806,35.54,0.0,100.0,0.0,0.0,100.0,0.0,0.0,108.15,15.26,3.96,0.65,0.42
1807,55.67,0.05,95.0,5.0,0.0,95.0,0.0,0.0,57.64,9.77,7.06,0.36,0.48
1808,66.39,0.0,100.0,0.0,0.0,100.0,0.0,0.0,50.43,13.97,3.13,0.35,0.8
1809,46.33,0.06,94.0,6.0,0.0,94.0,0.0,0.0,30.24,5.59,6.73,0.44,0.46
1810,44.3,0.0,100.0,0.0,0.0,100.0,0.0,0.0,73.14,14.2,3.8,0.55,0.47
1811,60.45,0.0,100.0,0.0,0.0,100.0,0.0,0.0,45.37,6.01,6.39,0.39,0.49
1812,29.17,0.0,100.0,0.0,0.0,100.0,0.0,0.0,403.71,15.33,2.74,0.71,0.39
1813,75.96,0.06,94.0,6.0,0.0,94.0,0.0,0.0,26.02,1.32,8.85,0.26,0.44
1814,55.76,0.04,96.0,4.0,0.0,96.0,0.0,0.0,53.43,6.22,5.94,0.35,0.39
1815,62.37,0.0,100.0,0.0,0.0,100.0,0.0,0.0,45.22,10.02,6.07,0.38,0.43
1816,53.52,0.0,100.0,0.0,0.0,100.0,0.0,0.0,39.95,10.22,6.05,0.44,0.45
1817,35.33,0.0,100.0,0.0,0.0,100.0,0.0,0.0,242.74,15.49,3.48,0.64,0.39
1818,66.22,0.0,100.0,0.0,0.0,100.0,0.0,0.0,45.25,1.83,8.87,0.35,0.44
1819,47.29,0.05,95.0,5.0,0.0,95.0,0.0,0.0,51.87,6.65,5.64,0.43,0.42
1820,72.73,0.0,100.0,0.0,0.0,100.0,0.0,0.0,29.44,2.25,9.29,0.28,0.91
1821,56.7,0.0,100.0,0.0,0.0,100.0,0.0,0.0,76.7,13.61,3.7,0.4,0.66
1822,63.03,0.0,100.0,0.0,0.0,100.0,0.0,0.0,37.89,10.95,4.72,0.36,0.48
1823,53.6,0.0,100.0,0.0,0.0,100.0,0.0,0.0,49.0,12.22,4.94,0.46,0.46
1824,60.68,0.0,100.0,0.0,0.0,100.0,0.0,0.0,78.32,9.88,6.19,0.39,0.43
1825,64.22,0.0,100.0,0.0,0.0,100.0,0.0,0.0,43.61,2.35,9.19,0.35,0.46
1826,54.58,0.0,100.0,0.0,0.0,100.0,0.0,0.0,35.53,5.78,7.16,0.44,0.42
1827,39.83,0.0,100.0,0.0,0.0,100.0,0.0,0.0,90.92,14.57,3.43,0.57,0.42
1828,68.65,0.0,100.0,0.0,0.0,100.0,0.0,0.0,45.0,9.25,5.93,0.32,0.43
1829,61.88,0.0,100.0,0.0,0.0,100.0,0.0,0.0,68.84,9.5,5.57,0.36,0.43
1830,61.67,0.0,100.0,0.0,0.0,100.0,0.0,0.0,52.58,13.28,4.43,0.38,0.39
1831,44.37,0.0,100.0,0.0,0.0,100.0,0.0,0.0,85.29,13.71,4.94,0.57,0.62
1832,43.28,0.0,100.0,0.0,0.0,100.0,0.0,0.0,43.87,14.91,3.85,0.56,0.65
1833,65.42,0.0,100.0,0.0,0.0,100.0,0.0,0.0,61.13,5.51,7.16,0.33,0.66
1834,43.87,0.0,100.0,0.0,0.0,100.0,0.0,0.0,96.98,12.68,5.68,0.55,0.71
1835,44.6,0.0,100.0,0.0,0.0,100.0,0.0,0.0,69.55,13.51,5.08,0.54,0.69
1836,42.74,0.0,100.0,0.0,0.0,100.0,0.0,0.0,41.18,13.65,3.51,0.57,0.67
1837,66.74,0.0,100.0,0.0,0.0,100.0,0.0,0.0,38.02,3.3,8.33,0.4,0.51
1838,68.27,0.0,100.0,0.0,0.0,100.0,0.0,0.0,29.63,2.75,10.05,0.33,0.48
1839,44.69,0.0,100.0,0.0,0.0,100.0,0.0,0.0,61.96,15.49,2.82,0.57,0.37
1840,35.18,0.0,100.0,0.0,0.0,100.0,0.0,0.0,127.25,14.54,4.02,0.64,0.33
1841,57.78,0.0,100.0,0.0,0.0,100.0,0.0,0.0,45.5,5.32,7.47,0.41,0.35
1842,64.01,0.0,100.0,0.0,0.0,100.0,0.0,0.0,43.69,3.2,9.09,0.36,0.37
1843,70.11,0.0,100.0,0.0,0.0,100.0,0.0,0.0,41.91,2.66,9.92,0.3,0.38
1844,60.17,0.0,100.0,0.0,0.0,100.0,0.0,0.0,45.3,5.28,7.49,0.41,0.34
1845,59.17,0.0,100.0,0.0,0.0,100.0,0.0,0.0,65.27,5.45,7.05,0.43,0.32
1846,64.02,0.0,100.0,0.0,0.0,100.0,0.0,0.0,57.0,13.14,4.55,0.38,0.35
1847,49.34,0.07,93.0,7.0,0.0,93.0,0.0,0.0,40.37,5.46,6.72,0.43,0.31
1848,63.61,0.0,100.0,0.0,0.0,100.0,0.0,0.0,38.69,11.83,4.78,0.39,0.38
1849,47.02,0.0,100.0,0.0,0.0,100.0,0.0,0.0,36.79,6.53,7.02,0.54,0.39
1850,29.17,0.0,100.0,0.0,0.0,100.0,0.0,0.0,452.75,16.0,2.49,0.71,0.35
1851,58.79,0.0,100.0,0.0,0.0,100.0,0.0,0.0,78.0,5.7,7.72,0.4,0.6
1852,43.46,0.0,100.0,0.0,0.0,100.0,0.0,0.0,33.61,6.72,7.71,0.56,0.39
1853,36.12,0.0,100.0,0.0,0.0,100.0,0.0,0.0,135.18,8.0,5.37,0.64,0.36
1854,52.4,0.0,100.0,0.0,0.0,100.0,0.0,0.0,82.25,11.98,4.34,0.45,0.39
1855,60.23,0.0,100.0,0.0,0.0,100.0,0.0,0.0,76.93,5.84,6.9,0.39,0.37
1856,46.79,0.06,94.0,6.0,0.0,94.0,0.0,0.0,47.82,6.7,5.28,0.42,0.36
1857,58.73,0.0,100.0,0.0,0.0,100.0,0.0,0.0,30.49,10.39,6.52,0.4,0.4
1858,64.36,0.0,100.0,0.0,0.0,100.0,0.0,0.0,42.49,11.04,4.79,0.36,0.63
1859,59.56,0.0,100.0,0.0,0.0,100.0,0.0,0.0,50.66,11.36,5.34,0.39,0.42
1860,64.37,0.0,100.0,0.0,0.0,100.0,0.0,0.0,47.01,5.06,7.22,0.36,0.4
1861,64.2,0.0,100.0,0.0,0.0,100.0,0.0,0.0,33.56,9.21,6.23,0.37,0.43
1862,42.71,0.0,100.0,0.0,0.0,100.0,0.0,0.0,49.72,13.03,4.68,0.57,0.37
1863,66.42,0.0,100.0,0.0,0.0,100.0,0.0,0.0,47.77,12.22,4.71,0.34,0.38
1864,53.52,0.0,100.0,0.0,0.0,100.0,0.0,0.0,32.18,11.96,4.7,0.45,0.53
1865,54.18,0.07,93.0,7.0,0.0,93.0,0.0,0.0,33.69,4.99,7.49,0.32,0.45
1866,44.0,0.0,100.0,0.0,0.0,100.0,0.0,0.0,72.22,7.46,5.61,0.56,0.47
1867,34.84,0.0,100.0,0.0,0.0,100.0,0.0,0.0,241.57,15.29,4.04,0.65,0.48
1868,47.83,0.0,100.0,0.0,0.0,100.0,0.0,0.0,83.02,6.91,7.49,0.53,0.8
1869,66.91,0.06,94.0,6.0,0.0,94.0,0.0,0.0,49.41,2.02,9.09,0.32,0.49
1870,52.42,0.04,96.0,4.0,0.0,96.0,0.0,0.0,46.53,5.72,7.09,0.39,0.43
1871,51.53,0.0,100.0,0.0,0.0,100.0,0.0,0.0,58.36,5.8,7.09,0.47,0.43
1872,62.79,0.0,100.0,0.0,0.0,100.0,0.0,0.0,49.3,6.94,6.04,0.39,0.42
1873,60.68,0.0,100.0,0.0,0.0,100.0,0.0,0.0,50.86,5.75,6.34,0.41,0.44
1874,67.86,0.0,100.0,0.0,0.0,100.0,0.0,0.0,53.03,12.93,3.88,0.32,0.44
1875,35.44,0.0,100.0,0.0,0.0,100.0,0.0,0.0,223.56,14.29,4.28,0.65,0.4
1876,44.31,0.07,93.0,7.0,0.0,93.0,0.0,0.0,91.04,10.9,5.81,0.45,0.41
1877,71.05,0.0,100.0,0.0,0.0,100.0,0.0,0.0,75.96,5.5,7.13,0.34,0.42
1878,51.55,0.07,93.0,7.0,0.0,93.0,0.0,0.0,63.83,9.83,6.92,0.38,0.68
1879,62.15,0.0,100.0,0.0,0.0,100.0,0.0,0.0,30.32,10.24,6.32,0.38,0.64
1880,80.69,0.0,100.0,0.0,0.0,100.0,0.0,0.0,41.24,2.53,9.84,0.19,0.49
1881,47.04,0.09,91.0,9.0,0.0,91.0,0.0,0.0,54.08,5.08,6.88,0.37,0.47
1882,57.05,0.0,100.0,0.0,0.0,100.0,0.0,0.0,38.1,6.35,5.8,0.44,0.43
1883,72.93,0.0,100.0,0.0,0.0,100.0,0.0,0.0,33.6,2.25,8.88,0.28,0.44
1884,57.45,0.0,100.0,0.0,0.0,100.0,0.0,0.0,49.77,11.15,5.61,0.45,0.45
1885,42.04,0.0,100.0,0.0,0.0,100.0,0.0,0.0,101.54,7.44,5.62,0.55,0.41
1886,62.16,0.0,100.0,0.0,0.0,100.0,0.0,0.0,40.76,5.6,6.23,0.39,0.42
1887,70.36,0.0,100.0,0.0,0.0,100.0,0.0,0.0,47.68,2.73,8.48,0.34,0.46
1888,43.6,0.0,100.0,0.0,0.0,100.0,0.0,0.0,32.99,14.83,3.39,0.56,0.77
1889,65.36,0.0,100.0,0.0,0.0,100.0,0.0,0.0,61.92,13.05,4.05,0.36,0.49
1890,49.0,0.0,100.0,0.0,0.0,100.0,0.0,0.0,94.23,12.99,4.56,0.5,0.54
1891,45.44,0.1,90.0,10.0,0.0,90.0,0.0,0.0,50.12,5.65,7.31,0.37,0.38
1892,43.87,0.08,92.0,8.0,0.0,92.0,0.0,0.0,69.18,13.08,3.95,0.43,0.33
1893,62.96,0.0,100.0,0.0,0.0,100.0,0.0,0.0,63.7,1.97,8.44,0.35,0.34
1894,61.4,0.0,100.0,0.0,0.0,100.0,0.0,0.0,37.71,5.07,7.31,0.37,0.35
1895,42.99,0.0,100.0,0.0,0.0,100.0,0.0,0.0,66.14,6.85,6.24,0.57,0.34
1896,35.16,0.0,100.0,0.0,0.0,100.0,0.0,0.0,214.46,15.5,3.35,0.65,0.32
1897,59.71,0.0,100.0,0.0,0.0,100.0,0.0,0.0,41.08,11.39,5.3,0.41,0.35
1898,36.17,0.0,100.0,0.0,0.0,100.0,0.0,0.0,165.3,14.17,4.16,0.64,0.31
1899,58.51,0.0,100.0,0.0,0.0,100.0,0.0,0.0,59.39,10.64,6.35,0.4,0.34
1900,63.76,0.0,100.0,0.0,0.0,100.0,0.0,0.0,42.68,2.35,9.17,0.37,0.36
1901,47.07,0.0,100.0,0.0,0.0,100.0,0.0,0.0,98.26,12.89,4.6,0.54,0.34
1902,35.52,0.0,100.0,0.0,0.0,100.0,0.0,0.0,185.96,14.28,4.45,0.65,0.33
1903,55.3,0.0,100.0,0.0,0.0,100.0,0.0,0.0,41.87,12.0,4.62,0.44,0.33
1904,60.69,0.0,100.0,0.0,0.0,100.0,0.0,0.0,73.97,9.98,5.46,0.39,0.34
1905,70.39,0.0,100.0,0.0,0.0,100.0,0.0,0.0,44.99,2.67,8.52,0.3,0.35
1906,47.31,0.0,100.0,0.0,0.0,100.0,0.0,0.0,101.88,13.42,4.24,0.53,0.34
1907,59.5,0.0,100.0,0.0,0.0,100.0,0.0,0.0,71.9,11.21,5.78,0.43,0.34
1908,63.14,0.0,100.0,0.0,0.0,100.0,0.0,0.0,43.08,2.78,9.22,0.37,0.34
1909,35.55,0.0,100.0,0.0,0.0,100.0,0.0,0.0,217.32,14.55,3.67,0.64,0.34
1910,61.34,0.0,100.0,0.0,0.0,100.0,0.0,0.0,68.92,11.38,5.19,0.41,0.38
1911,44.84,0.0,100.0,0.0,0.0,100.0,0.0,0.0,74.9,13.57,4.53,0.57,0.39
1912,43.33,0.0,100.0,0.0,0.0,100.0,0.0,0.0,68.93,13.36,5.03,0.57,0.48
1913,75.42,0.0,100.0,0.0,0.0,100.0,0.0,0.0,53.09,1.48,6.53,0.21,0.52
1914,80.33,0.0,100.0,0.0,0.0,100.0,0.0,0.0,65.67,2.23,8.55,0.2,0.47
1915,62.12,0.0,100.0,0.0,0.0,100.0,0.0,0.0,42.84,5.16,7.06,0.37,0.45
1916,46.89,0.0,100.0,0.0,0.0,100.0,0.0,0.0,48.53,7.33,6.22,0.54,0.4
1917,35.73,0.0,100.0,0.0,0.0,100.0,0.0,0.0,127.26,7.75,5.96,0.65,0.41
1918,66.13,0.0,100.0,0.0,0.0,100.0,0.0,0.0,61.77,9.25,6.97,0.32,0.43
1919,62.15,0.0,100.0,0.0,0.0,100.0,0.0,0.0,36.39,6.8,6.36,0.4,0.41
1920,60.73,0.0,100.0,0.0,0.0,100.0,0.0,0.0,26.5,11.04,5.88,0.36,0.47
1921,35.47,0.0,100.0,0.0,0.0,100.0,0.0,0.0,243.95,14.63,3.53,0.65,0.44
1922,72.29,0.0,100.0,0.0,0.0,100.0,0.0,0.0,56.3,1.86,9.38,0.24,0.4
1923,67.58,0.0,100.0,0.0,0.0,100.0,0.0,0.0,48.53,9.8,6.71,0.34,0.42
1924,56.99,0.0,100.0,0.0,0.0,100.0,0.0,0.0,62.28,12.02,4.89,0.43,0.37
1925,54.3,0.0,100.0,0.0,0.0,100.0,0.0,0.0,52.64,11.91,4.32,0.45,0.36
1926,51.46,0.06,94.0,6.0,0.0,94.0,0.0,0.0,58.95,10.07,5.21,0.4,0.37
1927,53.58,0.0,100.0,0.0,0.0,100.0,0.0,0.0,60.9,11.86,4.44,0.44,0.4
1928,57.46,0.0,100.0,0.0,0.0,100.0,0.0,0.0,49.51,5.9,7.55,0.44,0.41
1929,59.36,0.0,100.0,0.0,0.0,100.0,0.0,0.0,35.06,11.65,5.26,0.4,0.4
1930,46.43,0.0,100.0,0.0,0.0,100.0,0.0,0.0,86.6,13.04,5.82,0.54,0.36
1931,65.56,0.0,100.0,0.0,0.0,100.0,0.0,0.0,43.06,5.19,7.32,0.35,0.38
1932,60.93,0.0,100.0,0.0,0.0,100.0,0.0,0.0,36.28,6.61,5.6,0.4,0.4
1933,39.96,0.0,100.0,0.0,0.0,100.0,0.0,0.0,110.11,14.26,3.39,0.58,0.38
1934,43.85,0.0,100.0,0.0,0.0,100.0,0.0,0.0,78.78,14.87,2.85,0.57,0.37
1935,60.46,0.0,100.0,0.0,0.0,100.0,0.0,0.0,53.69,9.89,5.77,0.37,0.38
1936,47.81,0.06,94.0,6.0,0.0,94.0,0.0,0.0,50.55,10.0,5.31,0.4,0.39
1937,36.12,0.0,100.0,0.0,0.0,100.0,0.0,0.0,209.29,14.8,3.6,0.64,0.34
1938,60.5,0.0,100.0,0.0,0.0,100.0,0.0,0.0,38.52,12.84,4.17,0.4,0.4
1939,45.21,0.0,100.0,0.0,0.0,100.0,0.0,0.0,60.77,14.19,3.52,0.54,0.4
1940,48.21,0.0,100.0,0.0,0.0,100.0,0.0,0.0,87.89,13.14,4.45,0.51,0.38
1941,60.68,0.0,100.0,0.0,0.0,100.0,0.0,0.0,66.85,12.93,4.09,0.38,0.44
1942,69.01,0.0,100.0,0.0,0.0,100.0,0.0,0.0,50.21,2.46,7.12,0.26,0.41
1943,43.1,0.0,100.0,0.0,0.0,100.0,0.0,0.0,85.26,14.25,3.27,0.58,0.41
1944,47.73,0.0,100.0,0.0,0.0,100.0,0.0,0.0,61.13,12.99,4.84,0.53,0.42
1945,79.22,0.0,100.0,0.0,0.0,100.0,0.0,0.0,61.21,1.66,9.45,0.17,0.39
1946,29.17,0.0,100.0,0.0,0.0,100.0,0.0,0.0,303.65,16.0,2.18,0.71,0.32
1947,61.67,0.0,100.0,0.0,0.0,100.0,0.0,0.0,57.56,5.36,7.64,0.39,0.47
1948,47.41,0.0,100.0,0.0,0.0,100.0,0.0,0.0,99.43,7.36,6.2,0.53,0.49
1949,59.21,0.0,100.0,0.0,0.0,100.0,0.0,0.0,36.8,13.26,3.8,0.41,0.42
1950,51.75,0.07,93.0,7.0,0.0,93.0,0.0,0.0,64.0,5.01,7.72,0.38,0.38
1951,64.63,0.0,100.0,0.0,0.0,100.0,0.0,0.0,47.82,1.79,10.98,0.34,0.42
1952,45.48,0.06,94.0,6.0,0.0,94.0,0.0,0.0,67.35,10.7,5.93,0.44,0.4
1953,70.94,0.1,90.0,10.0,0.0,90.0,0.0,0.0,75.18,3.02,8.95,0.28,0.4
1954,35.17,0.0,100.0,0.0,0.0,100.0,0.0,0.0,80.83,14.89,2.97,0.65,0.52
1955,35.03,0.0,100.0,0.0,0.0,100.0,0.0,0.0,120.45,7.43,5.13,0.65,0.4
1956,44.77,0.0,100.0,0.0,0.0,100.0,0.0,0.0,69.21,13.53,4.61,0.55,0.39
1957,29.17,0.0,100.0,0.0,0.0,100.0,0.0,0.0,257.44,16.0,2.93,0.71,0.35
1958,51.55,0.05,95.0,5.0,0.0,95.0,0.0,0.0,50.62,9.58,5.93,0.38,0.42
1959,43.47,0.0,100.0,0.0,0.0,100.0,0.0,0.0,107.54,7.47,5.47,0.58,0.41
1960,58.88,0.0,100.0,0.0,0.0,100.0,0.0,0.0,22.29,12.06,4.17,0.45,0.42
1961,63.0,0.0,100.0,0.0,0.0,100.0,0.0,0.0,73.01,3.56,8.43,0.34,0.44
1962,74.1,0.22,78.0,22.0,0.0,78.0,0.0,0.0,84.81,2.74,7.81,0.32,0.37
1963,57.21,0.0,100.0,0.0,0.0,100.0,0.0,0.0,30.16,7.03,5.57,0.44,0.39
1964,44.42,0.0,100.0,0.0,0.0,100.0,0.0,0.0,87.94,13.6,4.62,0.56,0.38
1965,61.62,0.0,100.0,0.0,0.0,100.0,0.0,0.0,61.82,10.61,5.68,0.41,0.35
1966,67.43,0.0,100.0,0.0,0.0,100.0,0.0,0.0,21.9,9.8,5.64,0.33,0.34
1967,62.02,0.0,100.0,0.0,0.0,100.0,0.0,0.0,34.73,9.88,6.76,0.38,0.34
1968,62.26,0.0,100.0,0.0,0.0,100.0,0.0,0.0,48.17,12.9,4.02,0.39,0.33
1969,45.93,0.0,100.0,0.0,0.0,100.0,0.0,0.0,49.93,14.36,4.15,0.54,0.32
1970,68.09,0.0,100.0,0.0,0.0,100.0,0.0,0.0,31.04,1.74,7.97,0.33,0.37
1971,45.05,0.0,100.0,0.0,0.0,100.0,0.0,0.0,82.59,13.93,4.2,0.55,0.33
1972,64.22,0.0,100.0,0.0,0.0,100.0,0.0,0.0,61.38,5.5,7.87,0.35,0.34
1973,71.67,0.0,100.0,0.0,0.0,100.0,0.0,0.0,46.64,2.8,9.15,0.26,0.35
1974,41.92,0.0,100.0,0.0,0.0,100.0,0.0,0.0,69.1,14.71,4.02,0.59,0.32
1975,64.72,0.0,100.0,0.0,0.0,100.0,0.0,0.0,68.77,10.78,4.8,0.31,0.33
1976,40.95,0.0,100.0,0.0,0.0,100.0,0.0,0.0,95.88,13.8,4.77,0.57,0.34
1977,34.86,0.0,100.0,0.0,0.0,100.0,0.0,0.0,107.44,14.62,3.45,0.65,0.32
1978,56.53,0.0,100.0,0.0,0.0,100.0,0.0,0.0,69.32,5.66,6.87,0.41,0.34
1979,56.9,0.0,100.0,0.0,0.0,100.0,0.0,0.0,44.97,12.85,4.08,0.4,0.34
1980,59.81,0.0,100.0,0.0,0.0,100.0,0.0,0.0,40.62,11.45,4.97,0.41,0.35
1981,66.93,0.0,100.0,0.0,0.0,100.0,0.0,0.0,57.52,5.58,7.13,0.33,0.42
1982,62.51,0.0,100.0,0.0,0.0,100.0,0.0,0.0,60.66,9.41,6.6,0.38,0.48
1983,60.76,0.0,100.0,0.0,0.0,100.0,0.0,0.0,57.52,3.35,8.83,0.39,0.4
1984,61.17,0.0,100.0,0.0,0.0,100.0,0.0,0.0,56.6,11.26,5.39,0.39,0.39
1985,50.05,0.0,100.0,0.0,0.0,100.0,0.0,0.0,83.39,12.85,5.23,0.53,0.38
1986,42.07,0.0,100.0,0.0,0.0,100.0,0.0,0.0,73.62,14.17,3.64,0.57,0.38
1987,59.63,0.0,100.0,0.0,0.0,100.0,0.0,0.0,37.0,11.44,5.56,0.39,0.44
1988,61.63,0.0,100.0,0.0,0.0,100.0,0.0,0.0,63.27,9.39,6.97,0.38,0.44
1989,46.99,0.0,100.0,0.0,0.0,100.0,0.0,0.0,60.31,13.02,4.39,0.52,0.39
1990,58.37,0.0,100.0,0.0,0.0,100.0,0.0,0.0,63.17,10.38,5.91,0.39,0.45
1991,72.54,0.0,100.0,0.0,0.0,100.0,0.0,0.0,35.32,2.44,8.29,0.24,0.44
1992,57.79,0.0,100.0,0.0,0.0,100.0,0.0,0.0,33.13,11.73,4.98,0.43,0.42
1993,41.51,0.0,100.0,0.0,0.0,100.0,0.0,0.0,83.76,6.9,6.37,0.56,0.43
1994,63.84,0.0,100.0,0.0,0.0,100.0,0.0,0.0,62.94,5.58,7.91,0.36,0.39
1995,51.53,0.0,100.0,0.0,0.0,100.0,0.0,0.0,60.56,6.52,6.11,0.51,0.41
1996,75.23,0.0,100.0,0.0,0.0,100.0,0.0,0.0,47.78,2.74,9.96,0.25,0.42
1997,66.51,0.11,89.0,11.0,0.0,89.0,0.0,0.0,58.53,1.47,7.11,0.35,0.38
1998,42.06,0.0,100.0,0.0,0.0,100.0,0.0,0.0,94.16,13.73,4.13,0.57,0.39
1999,65.05,0.0,100.0,0.0,0.0,100.0,0.0,0.0,25.6,10.89,5.06,0.35,0.39
2000,35.48,0.0,100.0,0.0,0.0,100.0,0.0,0.0,160.22,14.83,3.72,0.65,0.36
