1,67.09,0.0,100.0,0.0,0.0,100.0,0.0,0.0,65.85,6.29,5.97,0.31,0.39
2,80.84,0.03,97.0,3.0,0.0,97.0,0.0,0.0,62.67,2.01,7.28,0.2,0.41
3,28.12,0.0,100.0,0.0,0.0,100.0,0.0,0.0,268.17,16.0,2.55,0.72,0.37
4,85.48,0.0,100.0,0.0,0.0,100.0,0.0,0.0,51.16,1.63,7.61,0.12,0.44
5,56.4,0.0,100.0,0.0,0.0,100.0,0.0,0.0,57.86,12.51,3.53,0.44,0.41
6,70.79,0.0,100.0,0.0,0.0,100.0,0.0,0.0,35.87,10.88,4.24,0.31,0.44
7,63.47,0.0,100.0,0.0,0.0,100.0,0.0,0.0,60.02,8.91,5.96,0.34,0.42
8,47.51,0.0,100.0,0.0,0.0,100.0,0.0,0.0,52.91,12.85,4.63,0.52,0.4
9,48.67,0.09,91.0,9.0,0.0,91.0,0.0,0.0,48.95,4.75,6.37,0.37,0.41
10,67.18,0.0,100.0,0.0,0.0,100.0,0.0,0.0,76.41,5.5,6.9,0.31,0.4
11,73.0,0.0,100.0,0.0,0.0,100.0,0.0,0.0,32.35,6.19,5.53,0.31,0.4
12,53.59,0.0,100.0,0.0,0.0,100.0,0.0,0.0,57.77,14.15,2.95,0.46,0.39
13,52.18,0.0,100.0,0.0,0.0,100.0,0.0,0.0,59.88,12.55,4.13,0.47,0.35
14,71.71,0.0,100.0,0.0,0.0,100.0,0.0,0.0,61.47,12.24,4.14,0.31,0.43
15,56.22,0.05,95.0,5.0,0.0,95.0,0.0,0.0,63.66,8.41,4.66,0.36,0.42
16,28.12,0.0,100.0,0.0,0.0,100.0,0.0,0.0,190.31,16.0,2.09,0.72,0.33
17,47.94,0.0,100.0,0.0,0.0,100.0,0.0,0.0,57.3,13.52,3.86,0.54,0.4
18,69.64,0.0,100.0,0.0,0.0,100.0,0.0,0.0,48.95,9.39,6.75,0.32,0.4
19,56.78,0.0,100.0,0.0,0.0,100.0,0.0,0.0,26.88,6.34,6.28,0.44,0.45
20,69.36,0.0,100.0,0.0,0.0,100.0,0.0,0.0,40.48,9.78,5.59,0.29,0.42
21,50.5,0.0,100.0,0.0,0.0,100.0,0.0,0.0,64.96,7.18,5.25,0.5,0.38
22,49.75,0.06,94.0,6.0,0.0,94.0,0.0,0.0,52.99,8.61,4.2,0.38,0.4
23,65.44,0.0,100.0,0.0,0.0,100.0,0.0,0.0,39.49,6.76,5.7,0.35,0.41
24,70.16,0.0,100.0,0.0,0.0,100.0,0.0,0.0,57.52,11.41,4.49,0.28,0.44
25,52.55,0.0,100.0,0.0,0.0,100.0,0.0,0.0,72.53,13.66,3.86,0.47,0.41
26,65.59,0.0,100.0,0.0,0.0,100.0,0.0,0.0,35.13,9.37,5.96,0.38,0.44
27,67.06,0.0,100.0,0.0,0.0,100.0,0.0,0.0,59.32,13.12,3.69,0.34,0.49
28,73.84,0.0,100.0,0.0,0.0,100.0,0.0,0.0,54.28,5.34,6.98,0.27,0.43
29,52.64,0.0,100.0,0.0,0.0,100.0,0.0,0.0,76.54,12.79,4.11,0.47,0.41
30,53.78,0.05,95.0,5.0,0.0,95.0,0.0,0.0,53.46,8.87,6.12,0.38,0.4
31,75.87,0.0,100.0,0.0,0.0,100.0,0.0,0.0,30.88,3.33,8.06,0.28,0.42
32,77.0,0.0,100.0,0.0,0.0,100.0,0.0,0.0,43.34,1.08,6.7,0.23,0.44
33,70.54,0.0,100.0,0.0,0.0,100.0,0.0,0.0,33.68,2.06,6.53,0.32,0.43
34,64.42,0.02,98.0,2.0,0.0,98.0,0.0,0.0,38.41,4.51,6.51,0.34,0.47
35,82.26,0.0,100.0,0.0,0.0,100.0,0.0,0.0,36.82,2.27,7.45,0.17,0.44
36,65.94,0.0,100.0,0.0,0.0,100.0,0.0,0.0,43.28,6.65,5.8,0.34,0.42
37,47.44,0.0,100.0,0.0,0.0,100.0,0.0,0.0,31.12,11.79,4.5,0.5,0.38
38,72.46,0.0,100.0,0.0,0.0,100.0,0.0,0.0,37.01,9.44,6.04,0.27,0.36
39,51.89,0.0,100.0,0.0,0.0,100.0,0.0,0.0,63.91,12.63,4.06,0.48,0.41
40,46.63,0.0,100.0,0.0,0.0,100.0,0.0,0.0,88.71,14.92,3.24,0.54,0.42
41,70.79,0.0,100.0,0.0,0.0,100.0,0.0,0.0,54.82,10.13,4.86,0.32,0.36
42,48.12,0.11,89.0,11.0,0.0,89.0,0.0,0.0,44.6,4.22,6.16,0.35,0.34
43,46.68,0.0,100.0,0.0,0.0,100.0,0.0,0.0,56.63,14.62,3.32,0.55,0.34
44,67.59,0.0,100.0,0.0,0.0,100.0,0.0,0.0,56.63,12.71,4.36,0.34,0.34
45,54.53,0.0,100.0,0.0,0.0,100.0,0.0,0.0,57.53,12.25,4.16,0.46,0.33
46,64.95,0.0,100.0,0.0,0.0,100.0,0.0,0.0,52.93,5.11,5.89,0.37,0.43
47,51.8,0.07,93.0,7.0,0.0,93.0,0.0,0.0,38.15,4.58,6.44,0.36,0.38
48,66.54,0.0,100.0,0.0,0.0,100.0,0.0,0.0,60.83,9.26,6.15,0.33,0.33
49,50.18,0.0,100.0,0.0,0.0,100.0,0.0,0.0,86.99,12.74,3.91,0.5,0.35
50,66.04,0.0,100.0,0.0,0.0,100.0,0.0,0.0,56.4,8.91,6.55,0.3,0.34
51,44.93,0.0,100.0,0.0,0.0,100.0,0.0,0.0,39.33,7.0,6.36,0.53,0.35
52,69.96,0.0,100.0,0.0,0.0,100.0,0.0,0.0,41.82,12.55,3.58,0.29,0.38
53,68.33,0.0,100.0,0.0,0.0,100.0,0.0,0.0,63.64,10.29,5.4,0.31,0.39
54,68.58,0.0,100.0,0.0,0.0,100.0,0.0,0.0,60.43,10.04,5.23,0.31,0.4
55,53.07,0.0,100.0,0.0,0.0,100.0,0.0,0.0,72.31,6.46,7.21,0.47,0.38
56,67.46,0.0,100.0,0.0,0.0,100.0,0.0,0.0,33.14,10.32,4.98,0.34,0.38
57,28.12,0.0,100.0,0.0,0.0,100.0,0.0,0.0,316.31,15.5,2.61,0.72,0.38
58,69.54,0.0,100.0,0.0,0.0,100.0,0.0,0.0,72.89,8.58,6.68,0.29,0.42
59,50.37,0.0,100.0,0.0,0.0,100.0,0.0,0.0,58.1,13.01,4.46,0.5,0.41
60,75.94,0.31,69.0,31.0,0.0,69.0,0.0,0.0,114.83,2.15,6.61,0.33,0.39
61,66.24,0.0,100.0,0.0,0.0,100.0,0.0,0.0,46.8,6.42,6.36,0.34,0.37
62,74.65,0.0,100.0,0.0,0.0,100.0,0.0,0.0,47.45,8.96,6.77,0.31,0.47
63,45.59,0.0,100.0,0.0,0.0,100.0,0.0,0.0,88.91,14.32,2.95,0.51,0.41
64,73.74,0.0,100.0,0.0,0.0,100.0,0.0,0.0,32.19,8.46,6.79,0.26,0.42
65,70.52,0.0,100.0,0.0,0.0,100.0,0.0,0.0,40.86,11.13,4.42,0.31,0.4
66,64.08,0.0,100.0,0.0,0.0,100.0,0.0,0.0,52.42,2.02,7.64,0.32,0.42
67,68.67,0.0,100.0,0.0,0.0,100.0,0.0,0.0,50.14,8.04,5.24,0.32,0.39
68,72.23,0.0,100.0,0.0,0.0,100.0,0.0,0.0,46.89,10.08,5.75,0.29,0.4
69,71.01,0.0,100.0,0.0,0.0,100.0,0.0,0.0,42.91,8.58,5.59,0.31,0.38
70,64.81,0.0,100.0,0.0,0.0,100.0,0.0,0.0,39.94,11.77,3.83,0.36,0.38
71,49.25,0.0,100.0,0.0,0.0,100.0,0.0,0.0,61.82,14.13,3.44,0.51,0.39
72,66.17,0.0,100.0,0.0,0.0,100.0,0.0,0.0,44.66,8.97,6.05,0.32,0.48
73,70.01,0.0,100.0,0.0,0.0,100.0,0.0,0.0,33.95,2.21,8.08,0.29,0.52
74,78.06,0.0,100.0,0.0,0.0,100.0,0.0,0.0,46.3,9.71,5.42,0.27,0.45
75,64.57,0.0,100.0,0.0,0.0,100.0,0.0,0.0,45.55,10.01,4.12,0.36,0.38
76,28.12,0.0,100.0,0.0,0.0,100.0,0.0,0.0,212.09,16.0,2.34,0.72,0.32
77,55.44,0.07,93.0,7.0,0.0,93.0,0.0,0.0,32.55,8.34,4.54,0.35,0.37
78,51.55,0.0,100.0,0.0,0.0,100.0,0.0,0.0,46.63,14.77,3.15,0.49,0.44
79,54.26,0.0,100.0,0.0,0.0,100.0,0.0,0.0,38.77,11.53,5.65,0.46,0.43
80,63.27,0.0,100.0,0.0,0.0,100.0,0.0,0.0,39.11,12.33,3.91,0.34,0.38
81,74.35,0.0,100.0,0.0,0.0,100.0,0.0,0.0,48.0,1.69,7.45,0.29,0.42
82,66.98,0.0,100.0,0.0,0.0,100.0,0.0,0.0,30.51,11.09,3.79,0.33,0.41
83,63.23,0.0,100.0,0.0,0.0,100.0,0.0,0.0,56.66,12.64,4.39,0.34,0.42
84,56.26,0.03,97.0,3.0,0.0,97.0,0.0,0.0,46.33,8.82,4.29,0.39,0.41
85,67.99,0.0,100.0,0.0,0.0,100.0,0.0,0.0,46.48,8.66,6.04,0.32,0.43
86,71.03,0.0,100.0,0.0,0.0,100.0,0.0,0.0,52.31,6.41,6.15,0.29,0.41
87,53.55,0.07,93.0,7.0,0.0,93.0,0.0,0.0,46.93,9.39,5.4,0.37,0.4
88,77.97,0.0,100.0,0.0,0.0,100.0,0.0,0.0,35.56,1.41,8.03,0.18,0.43
89,76.53,0.0,100.0,0.0,0.0,100.0,0.0,0.0,23.58,2.23,7.69,0.26,0.38
90,70.33,0.0,100.0,0.0,0.0,100.0,0.0,0.0,38.29,8.19,5.86,0.33,0.42
91,66.69,0.0,100.0,0.0,0.0,100.0,0.0,0.0,59.33,5.24,7.2,0.34,0.38
92,51.21,0.0,100.0,0.0,0.0,100.0,0.0,0.0,72.79,7.12,4.89,0.48,0.38
93,63.92,0.0,100.0,0.0,0.0,100.0,0.0,0.0,64.81,12.92,3.75,0.37,0.47
94,62.85,0.0,100.0,0.0,0.0,100.0,0.0,0.0,34.89,5.02,5.95,0.37,0.48
95,66.83,0.0,100.0,0.0,0.0,100.0,0.0,0.0,43.97,4.71,6.75,0.31,0.42
96,65.44,0.0,100.0,0.0,0.0,100.0,0.0,0.0,56.21,8.98,6.2,0.32,0.43
97,72.23,0.0,100.0,0.0,0.0,100.0,0.0,0.0,55.79,4.49,8.74,0.27,0.44
98,65.87,0.0,100.0,0.0,0.0,100.0,0.0,0.0,42.38,11.43,3.6,0.35,0.38
99,64.08,0.0,100.0,0.0,0.0,100.0,0.0,0.0,58.51,10.43,5.39,0.33,0.41
100,62.35,0.0,100.0,0.0,0.0,100.0,0.0,0.0,58.76,12.18,3.58,0.37,0.36
101,54.5,0.34,66.0,34.0,0.0,66.0,0.0,0.0,36.06,1.99,6.99,0.23,0.34
102,42.09,0.12,88.0,12.0,0.0,88.0,0.0,0.0,44.82,4.65,5.46,0.39,0.37
103,72.4,0.0,100.0,0.0,0.0,100.0,0.0,0.0,34.05,6.12,5.51,0.3,0.39
104,69.24,0.0,100.0,0.0,0.0,100.0,0.0,0.0,44.77,10.16,5.19,0.32,0.42
105,46.8,0.0,100.0,0.0,0.0,100.0,0.0,0.0,43.69,14.17,3.53,0.5,0.38
106,68.46,0.0,100.0,0.0,0.0,100.0,0.0,0.0,41.03,8.79,5.58,0.31,0.38
107,64.39,0.0,100.0,0.0,0.0,100.0,0.0,0.0,44.99,10.0,4.45,0.36,0.33
108,65.78,0.0,100.0,0.0,0.0,100.0,0.0,0.0,53.88,10.92,5.13,0.35,0.34
109,52.11,0.0,100.0,0.0,0.0,100.0,0.0,0.0,47.5,6.53,6.65,0.48,0.38
110,65.07,0.0,100.0,0.0,0.0,100.0,0.0,0.0,38.47,9.31,6.33,0.32,0.41
111,65.77,0.0,100.0,0.0,0.0,100.0,0.0,0.0,61.53,12.89,3.65,0.31,0.47
112,49.77,0.0,100.0,0.0,0.0,100.0,0.0,0.0,52.19,12.09,4.74,0.49,0.35
113,65.47,0.0,100.0,0.0,0.0,100.0,0.0,0.0,23.98,6.69,5.49,0.35,0.34
114,77.58,0.11,89.0,11.0,0.0,89.0,0.0,0.0,40.86,1.13,6.14,0.17,0.39
115,45.12,0.0,100.0,0.0,0.0,100.0,0.0,0.0,71.92,14.81,2.74,0.55,0.37
116,68.35,0.0,100.0,0.0,0.0,100.0,0.0,0.0,46.98,13.0,3.98,0.32,0.35
117,72.76,0.0,100.0,0.0,0.0,100.0,0.0,0.0,48.67,2.82,8.27,0.29,0.34
118,70.76,0.0,100.0,0.0,0.0,100.0,0.0,0.0,33.45,1.18,6.98,0.31,0.35
119,53.49,0.0,100.0,0.0,0.0,100.0,0.0,0.0,43.35,12.47,3.92,0.47,0.34
120,55.52,0.0,100.0,0.0,0.0,100.0,0.0,0.0,70.79,12.74,3.72,0.46,0.34
121,50.6,0.0,100.0,0.0,0.0,100.0,0.0,0.0,28.03,13.04,4.76,0.5,0.38
122,53.39,0.0,100.0,0.0,0.0,100.0,0.0,0.0,89.55,12.61,3.83,0.47,0.43
123,45.61,0.1,90.0,10.0,0.0,90.0,0.0,0.0,54.72,10.44,4.28,0.39,0.37
124,65.18,0.0,100.0,0.0,0.0,100.0,0.0,0.0,40.28,6.07,5.45,0.36,0.42
125,70.3,0.0,100.0,0.0,0.0,100.0,0.0,0.0,38.83,9.79,5.01,0.3,0.4
126,71.61,0.0,100.0,0.0,0.0,100.0,0.0,0.0,69.17,11.86,3.89,0.31,0.38
127,48.39,0.0,100.0,0.0,0.0,100.0,0.0,0.0,39.41,7.26,5.99,0.52,0.41
128,55.43,0.08,92.0,8.0,0.0,92.0,0.0,0.0,38.15,4.58,6.01,0.34,0.38
129,48.71,0.0,100.0,0.0,0.0,100.0,0.0,0.0,42.81,13.72,3.85,0.51,0.37
130,58.64,0.0,100.0,0.0,0.0,100.0,0.0,0.0,61.28,11.13,5.6,0.42,0.38
131,68.2,0.0,100.0,0.0,0.0,100.0,0.0,0.0,13.97,5.45,7.21,0.29,0.37
132,49.14,0.0,100.0,0.0,0.0,100.0,0.0,0.0,82.14,12.02,4.72,0.5,0.41
133,66.11,0.0,100.0,0.0,0.0,100.0,0.0,0.0,36.52,5.33,7.36,0.33,0.38
134,51.07,0.0,100.0,0.0,0.0,100.0,0.0,0.0,33.15,14.17,2.8,0.48,0.45
135,52.49,0.0,100.0,0.0,0.0,100.0,0.0,0.0,40.4,12.46,4.51,0.48,0.42
136,69.67,0.0,100.0,0.0,0.0,100.0,0.0,0.0,53.08,9.92,4.75,0.31,0.37
137,74.53,0.0,100.0,0.0,0.0,100.0,0.0,0.0,41.91,2.6,8.06,0.29,0.42
138,53.37,0.0,100.0,0.0,0.0,100.0,0.0,0.0,46.05,11.64,4.56,0.48,0.37
139,49.76,0.0,100.0,0.0,0.0,100.0,0.0,0.0,75.3,13.64,4.17,0.49,0.36
140,52.11,0.0,100.0,0.0,0.0,100.0,0.0,0.0,35.45,11.71,5.45,0.46,0.4
141,51.38,0.0,100.0,0.0,0.0,100.0,0.0,0.0,29.68,12.56,4.32,0.49,0.37
142,49.46,0.0,100.0,0.0,0.0,100.0,0.0,0.0,29.56,14.34,3.95,0.51,0.39
143,54.61,0.0,100.0,0.0,0.0,100.0,0.0,0.0,50.84,6.79,5.79,0.45,0.42
144,54.53,0.0,100.0,0.0,0.0,100.0,0.0,0.0,49.51,6.32,6.65,0.48,0.38
145,52.58,0.0,100.0,0.0,0.0,100.0,0.0,0.0,53.98,7.0,5.62,0.48,0.51
146,49.89,0.0,100.0,0.0,0.0,100.0,0.0,0.0,56.98,13.62,4.21,0.52,0.41
147,63.82,0.06,94.0,6.0,0.0,94.0,0.0,0.0,65.48,2.64,6.98,0.35,0.38
148,76.57,0.0,100.0,0.0,0.0,100.0,0.0,0.0,34.04,2.99,8.71,0.24,0.44
149,70.82,0.0,100.0,0.0,0.0,100.0,0.0,0.0,37.87,1.92,7.48,0.3,0.37
150,28.12,0.0,100.0,0.0,0.0,100.0,0.0,0.0,466.84,16.0,2.22,0.72,0.34
151,70.65,0.07,93.0,7.0,0.0,93.0,0.0,0.0,46.99,1.45,7.7,0.29,0.39
152,51.75,0.0,100.0,0.0,0.0,100.0,0.0,0.0,52.27,13.85,4.18,0.48,0.37
153,53.63,0.08,92.0,8.0,0.0,92.0,0.0,0.0,36.9,8.67,6.21,0.34,0.37
154,70.81,0.0,100.0,0.0,0.0,100.0,0.0,0.0,48.58,10.07,4.9,0.29,0.41
155,50.07,0.0,100.0,0.0,0.0,100.0,0.0,0.0,47.44,14.06,2.77,0.49,0.36
156,48.46,0.0,100.0,0.0,0.0,100.0,0.0,0.0,39.88,12.82,4.91,0.52,0.4
157,46.67,0.0,100.0,0.0,0.0,100.0,0.0,0.0,33.4,14.36,3.9,0.54,0.39
158,70.54,0.0,100.0,0.0,0.0,100.0,0.0,0.0,34.74,9.76,5.21,0.3,0.38
159,70.9,0.0,100.0,0.0,0.0,100.0,0.0,0.0,25.44,9.57,5.54,0.28,0.42
160,53.63,0.0,100.0,0.0,0.0,100.0,0.0,0.0,79.74,6.42,6.93,0.47,0.42
161,72.04,0.0,100.0,0.0,0.0,100.0,0.0,0.0,43.63,11.41,5.23,0.26,0.4
162,72.9,0.0,100.0,0.0,0.0,100.0,0.0,0.0,39.28,9.58,5.83,0.28,0.41
163,48.04,0.08,92.0,8.0,0.0,92.0,0.0,0.0,37.18,10.94,4.1,0.42,0.37
164,74.66,0.0,100.0,0.0,0.0,100.0,0.0,0.0,50.95,9.13,5.86,0.29,0.44
165,53.89,0.05,95.0,5.0,0.0,95.0,0.0,0.0,42.1,9.43,4.58,0.39,0.38
166,73.84,0.0,100.0,0.0,0.0,100.0,0.0,0.0,51.95,9.29,5.6,0.26,0.41
167,67.63,0.0,100.0,0.0,0.0,100.0,0.0,0.0,52.82,12.6,4.67,0.33,0.47
168,63.8,0.0,100.0,0.0,0.0,100.0,0.0,0.0,57.74,10.65,4.8,0.34,0.46
169,28.12,0.0,100.0,0.0,0.0,100.0,0.0,0.0,427.08,15.5,2.43,0.72,0.41
170,66.68,0.0,100.0,0.0,0.0,100.0,0.0,0.0,39.62,6.23,5.79,0.34,0.38
171,28.12,0.0,100.0,0.0,0.0,100.0,0.0,0.0,239.45,16.0,2.61,0.72,0.33
172,69.66,0.0,100.0,0.0,0.0,100.0,0.0,0.0,43.73,2.94,9.02,0.3,0.39
173,48.9,0.0,100.0,0.0,0.0,100.0,0.0,0.0,60.79,13.13,4.29,0.51,0.38
174,71.97,0.0,100.0,0.0,0.0,100.0,0.0,0.0,38.54,8.85,6.54,0.3,0.4
175,73.83,0.0,100.0,0.0,0.0,100.0,0.0,0.0,56.15,10.64,4.46,0.28,0.42
176,72.57,0.0,100.0,0.0,0.0,100.0,0.0,0.0,39.49,9.93,4.67,0.3,0.41
177,53.56,0.0,100.0,0.0,0.0,100.0,0.0,0.0,72.15,12.4,5.18,0.46,0.4
178,67.1,0.0,100.0,0.0,0.0,100.0,0.0,0.0,41.19,11.95,3.6,0.36,0.42
179,65.62,0.0,100.0,0.0,0.0,100.0,0.0,0.0,37.61,6.43,5.63,0.34,0.42
180,69.27,0.0,100.0,0.0,0.0,100.0,0.0,0.0,33.71,14.21,2.91,0.3,0.37
181,55.7,0.0,100.0,0.0,0.0,100.0,0.0,0.0,53.51,12.05,4.34,0.45,0.32
182,48.71,0.0,100.0,0.0,0.0,100.0,0.0,0.0,67.9,7.41,6.41,0.52,0.34
183,73.68,0.0,100.0,0.0,0.0,100.0,0.0,0.0,42.01,10.44,4.92,0.26,0.33
184,55.73,0.0,100.0,0.0,0.0,100.0,0.0,0.0,30.63,13.73,3.67,0.43,0.33
185,58.78,0.05,95.0,5.0,0.0,95.0,0.0,0.0,37.17,8.9,5.58,0.35,0.41
186,49.17,0.0,100.0,0.0,0.0,100.0,0.0,0.0,47.42,7.13,5.73,0.49,0.38
187,39.08,0.11,89.0,11.0,0.0,89.0,0.0,0.0,58.71,10.91,3.88,0.41,0.32
188,51.32,0.0,100.0,0.0,0.0,100.0,0.0,0.0,25.85,7.02,5.51,0.46,0.35
189,64.15,0.0,100.0,0.0,0.0,100.0,0.0,0.0,61.37,5.21,7.05,0.37,0.34
190,52.69,0.0,100.0,0.0,0.0,100.0,0.0,0.0,88.54,11.99,4.4,0.43,0.34
191,69.29,0.0,100.0,0.0,0.0,100.0,0.0,0.0,33.62,3.06,8.78,0.26,0.37
192,58.61,0.0,100.0,0.0,0.0,100.0,0.0,0.0,24.72,11.26,5.2,0.43,0.39
193,56.91,0.0,100.0,0.0,0.0,100.0,0.0,0.0,61.65,11.24,5.77,0.44,0.36
194,67.75,0.0,100.0,0.0,0.0,100.0,0.0,0.0,54.1,2.13,8.41,0.3,0.38
195,61.2,0.09,91.0,9.0,0.0,91.0,0.0,0.0,42.4,2.63,8.74,0.22,0.34
196,71.86,0.0,100.0,0.0,0.0,100.0,0.0,0.0,51.89,3.44,8.52,0.29,0.36
197,46.81,0.0,100.0,0.0,0.0,100.0,0.0,0.0,66.96,13.68,3.69,0.54,0.36
198,72.01,0.0,100.0,0.0,0.0,100.0,0.0,0.0,41.09,3.4,8.48,0.26,0.41
199,70.16,0.0,100.0,0.0,0.0,100.0,0.0,0.0,42.43,4.69,6.44,0.29,0.48
200,65.37,0.0,100.0,0.0,0.0,100.0,0.0,0.0,47.51,10.77,4.9,0.35,0.38
201,66.19,0.0,100.0,0.0,0.0,100.0,0.0,0.0,32.76,6.48,5.9,0.33,0.39
202,49.28,0.0,100.0,0.0,0.0,100.0,0.0,0.0,63.96,12.86,3.78,0.5,0.4
203,48.14,0.17,83.0,17.0,0.0,83.0,0.0,0.0,44.6,2.11,7.17,0.23,0.46
204,57.56,0.0,100.0,0.0,0.0,100.0,0.0,0.0,44.13,12.47,3.72,0.44,0.42
205,72.09,0.0,100.0,0.0,0.0,100.0,0.0,0.0,57.43,5.07,7.57,0.29,0.43
206,67.26,0.0,100.0,0.0,0.0,100.0,0.0,0.0,38.27,5.61,7.37,0.32,0.39
207,50.53,0.0,100.0,0.0,0.0,100.0,0.0,0.0,59.28,11.74,5.41,0.48,0.42
208,71.53,0.0,100.0,0.0,0.0,100.0,0.0,0.0,44.11,9.92,5.79,0.29,0.43
209,64.05,0.0,100.0,0.0,0.0,100.0,0.0,0.0,47.88,8.82,4.96,0.35,0.38
210,44.07,0.0,100.0,0.0,0.0,100.0,0.0,0.0,67.21,14.64,3.45,0.55,0.37
211,65.36,0.0,100.0,0.0,0.0,100.0,0.0,0.0,57.65,5.03,6.27,0.36,0.48
212,52.29,0.0,100.0,0.0,0.0,100.0,0.0,0.0,40.58,12.51,4.09,0.47,0.42
213,63.64,0.0,100.0,0.0,0.0,100.0,0.0,0.0,52.06,13.4,3.53,0.36,0.49
214,56.84,0.0,100.0,0.0,0.0,100.0,0.0,0.0,43.29,12.29,5.33,0.45,0.49
215,64.36,0.0,100.0,0.0,0.0,100.0,0.0,0.0,22.42,9.61,6.05,0.34,0.46
216,55.34,0.0,100.0,0.0,0.0,100.0,0.0,0.0,42.89,7.02,5.96,0.46,0.49
217,77.4,0.0,100.0,0.0,0.0,100.0,0.0,0.0,59.58,2.29,7.46,0.2,0.46
218,66.06,0.0,100.0,0.0,0.0,100.0,0.0,0.0,60.58,4.62,7.43,0.32,0.47
219,55.68,0.0,100.0,0.0,0.0,100.0,0.0,0.0,60.6,12.21,5.71,0.44,0.42
220,49.71,0.0,100.0,0.0,0.0,100.0,0.0,0.0,34.16,13.68,3.46,0.52,0.59
221,69.03,0.0,100.0,0.0,0.0,100.0,0.0,0.0,42.83,2.81,7.58,0.31,0.44
222,39.85,0.08,92.0,8.0,0.0,92.0,0.0,0.0,39.3,11.97,4.88,0.48,0.47
223,72.57,0.0,100.0,0.0,0.0,100.0,0.0,0.0,35.74,12.06,4.88,0.28,0.46
224,67.53,0.0,100.0,0.0,0.0,100.0,0.0,0.0,29.2,5.58,6.79,0.31,0.43
225,61.69,0.0,100.0,0.0,0.0,100.0,0.0,0.0,55.65,10.05,4.49,0.37,0.42
226,44.01,0.08,92.0,8.0,0.0,92.0,0.0,0.0,89.37,11.27,4.63,0.43,0.43
227,58.83,0.0,100.0,0.0,0.0,100.0,0.0,0.0,39.47,10.94,5.96,0.42,0.46
228,38.59,0.08,92.0,8.0,0.0,92.0,0.0,0.0,80.09,6.1,6.08,0.47,0.42
229,29.05,0.13,87.0,13.0,0.0,87.0,0.0,0.0,60.1,6.06,6.28,0.49,0.43
230,47.7,0.0,100.0,0.0,0.0,100.0,0.0,0.0,47.25,13.94,3.63,0.5,0.43
231,49.76,0.0,100.0,0.0,0.0,100.0,0.0,0.0,68.53,7.06,5.46,0.47,0.45
232,46.09,0.0,100.0,0.0,0.0,100.0,0.0,0.0,50.24,14.5,3.19,0.53,0.45
233,66.78,0.0,100.0,0.0,0.0,100.0,0.0,0.0,55.03,8.38,5.63,0.34,0.43
234,64.95,0.0,100.0,0.0,0.0,100.0,0.0,0.0,53.76,10.63,5.05,0.36,0.42
235,65.84,0.0,100.0,0.0,0.0,100.0,0.0,0.0,25.47,7.46,5.1,0.36,0.41
236,50.82,0.08,92.0,8.0,0.0,92.0,0.0,0.0,50.8,9.42,5.73,0.38,0.55
237,53.14,0.06,94.0,6.0,0.0,94.0,0.0,0.0,48.8,6.15,5.73,0.37,0.49
238,74.82,0.0,100.0,0.0,0.0,100.0,0.0,0.0,46.16,1.7,6.31,0.23,0.47
239,51.5,0.07,93.0,7.0,0.0,93.0,0.0,0.0,48.98,12.25,4.01,0.37,0.39
240,69.03,0.0,100.0,0.0,0.0,100.0,0.0,0.0,21.54,1.15,7.9,0.3,0.45
241,65.22,0.0,100.0,0.0,0.0,100.0,0.0,0.0,46.0,10.26,5.57,0.33,0.48
242,50.51,0.0,100.0,0.0,0.0,100.0,0.0,0.0,50.59,13.97,3.72,0.5,0.45
243,70.51,0.0,100.0,0.0,0.0,100.0,0.0,0.0,38.04,10.83,4.54,0.3,0.43
244,68.05,0.0,100.0,0.0,0.0,100.0,0.0,0.0,56.94,9.34,6.12,0.34,0.53
245,50.63,0.0,100.0,0.0,0.0,100.0,0.0,0.0,55.56,12.24,4.3,0.47,0.51
246,65.74,0.0,100.0,0.0,0.0,100.0,0.0,0.0,33.87,10.32,4.98,0.33,0.5
247,63.56,0.0,100.0,0.0,0.0,100.0,0.0,0.0,47.23,10.08,4.48,0.37,0.41
248,51.28,0.0,100.0,0.0,0.0,100.0,0.0,0.0,31.12,7.22,6.06,0.49,0.44
249,68.3,0.0,100.0,0.0,0.0,100.0,0.0,0.0,53.03,8.42,6.39,0.31,0.46
250,52.68,0.0,100.0,0.0,0.0,100.0,0.0,0.0,51.78,7.14,6.01,0.47,0.42
251,57.02,0.0,100.0,0.0,0.0,100.0,0.0,0.0,70.89,6.19,6.66,0.45,0.37
252,51.97,0.0,100.0,0.0,0.0,100.0,0.0,0.0,51.43,14.83,3.16,0.48,0.37
253,71.48,0.0,100.0,0.0,0.0,100.0,0.0,0.0,53.41,4.43,7.58,0.27,0.38
254,66.67,0.0,100.0,0.0,0.0,100.0,0.0,0.0,51.14,8.73,6.43,0.33,0.37
255,60.14,0.04,96.0,4.0,0.0,96.0,0.0,0.0,53.0,4.5,6.51,0.33,0.44
256,46.44,0.0,100.0,0.0,0.0,100.0,0.0,0.0,58.66,13.41,4.6,0.53,0.65
257,68.26,0.0,100.0,0.0,0.0,100.0,0.0,0.0,38.67,2.25,7.99,0.3,0.38
258,55.79,0.0,100.0,0.0,0.0,100.0,0.0,0.0,54.69,11.97,4.27,0.46,0.4
259,65.3,0.0,100.0,0.0,0.0,100.0,0.0,0.0,59.95,12.46,3.62,0.34,0.36
260,70.57,0.0,100.0,0.0,0.0,100.0,0.0,0.0,51.52,8.92,6.88,0.3,0.38
261,51.27,0.0,100.0,0.0,0.0,100.0,0.0,0.0,62.84,12.38,4.51,0.47,0.39
262,50.06,0.07,93.0,7.0,0.0,93.0,0.0,0.0,47.2,8.55,4.34,0.38,0.56
263,52.36,0.0,100.0,0.0,0.0,100.0,0.0,0.0,64.9,12.36,4.13,0.48,0.43
264,55.79,0.0,100.0,0.0,0.0,100.0,0.0,0.0,40.5,7.1,5.76,0.46,0.46
265,54.65,0.0,100.0,0.0,0.0,100.0,0.0,0.0,32.12,11.48,5.44,0.46,0.48
266,72.22,0.0,100.0,0.0,0.0,100.0,0.0,0.0,55.21,8.69,6.74,0.29,0.46
267,42.68,0.1,90.0,10.0,0.0,90.0,0.0,0.0,60.69,8.92,5.5,0.38,0.41
268,65.17,0.0,100.0,0.0,0.0,100.0,0.0,0.0,37.23,5.03,6.75,0.36,0.49
269,64.16,0.0,100.0,0.0,0.0,100.0,0.0,0.0,55.16,12.81,3.62,0.31,0.45
270,51.62,0.0,100.0,0.0,0.0,100.0,0.0,0.0,51.19,14.76,3.1,0.47,0.49
271,46.93,0.0,100.0,0.0,0.0,100.0,0.0,0.0,60.69,7.79,5.23,0.51,0.45
272,64.49,0.0,100.0,0.0,0.0,100.0,0.0,0.0,56.85,9.3,5.77,0.35,0.41
273,48.05,0.0,100.0,0.0,0.0,100.0,0.0,0.0,53.16,13.3,4.36,0.52,0.39
274,62.85,0.0,100.0,0.0,0.0,100.0,0.0,0.0,41.59,4.99,6.79,0.35,0.41
275,71.36,0.0,100.0,0.0,0.0,100.0,0.0,0.0,71.44,9.77,5.07,0.29,0.43
276,63.67,0.39,61.0,39.0,0.0,61.0,0.0,0.0,76.06,1.74,6.28,0.24,0.39
277,67.41,0.0,100.0,0.0,0.0,100.0,0.0,0.0,38.13,14.31,3.32,0.34,0.43
278,68.68,0.0,100.0,0.0,0.0,100.0,0.0,0.0,54.49,10.54,4.87,0.33,0.51
279,66.52,0.0,100.0,0.0,0.0,100.0,0.0,0.0,55.01,6.5,6.5,0.32,0.48
280,68.39,0.0,100.0,0.0,0.0,100.0,0.0,0.0,68.48,10.18,5.19,0.31,0.43
281,55.99,0.0,100.0,0.0,0.0,100.0,0.0,0.0,33.07,13.95,3.62,0.45,0.49
282,56.9,0.0,100.0,0.0,0.0,100.0,0.0,0.0,55.88,6.19,6.19,0.46,0.44
283,50.03,0.0,100.0,0.0,0.0,100.0,0.0,0.0,81.03,12.52,3.81,0.49,0.5
284,66.06,0.0,100.0,0.0,0.0,100.0,0.0,0.0,36.42,6.59,5.78,0.33,0.43
285,51.39,0.0,100.0,0.0,0.0,100.0,0.0,0.0,54.7,12.8,3.49,0.49,0.43
286,63.1,0.0,100.0,0.0,0.0,100.0,0.0,0.0,41.6,6.67,6.12,0.35,0.46
287,54.51,0.0,100.0,0.0,0.0,100.0,0.0,0.0,56.04,13.31,3.5,0.47,0.43
288,63.49,0.0,100.0,0.0,0.0,100.0,0.0,0.0,50.52,10.77,4.93,0.35,0.43
289,57.32,0.0,100.0,0.0,0.0,100.0,0.0,0.0,39.64,12.83,4.29,0.43,0.4
290,67.03,0.22,78.0,22.0,0.0,78.0,0.0,0.0,67.8,3.18,7.06,0.42,0.4
291,70.47,0.0,100.0,0.0,0.0,100.0,0.0,0.0,43.4,6.47,5.68,0.31,0.41
292,74.03,0.0,100.0,0.0,0.0,100.0,0.0,0.0,69.98,8.95,7.25,0.28,0.42
293,48.99,0.04,96.0,4.0,0.0,96.0,0.0,0.0,43.11,6.04,6.44,0.46,0.45
294,69.57,0.0,100.0,0.0,0.0,100.0,0.0,0.0,36.21,5.21,7.34,0.31,0.45
295,67.4,0.0,100.0,0.0,0.0,100.0,0.0,0.0,38.15,11.3,4.02,0.34,0.49
296,69.21,0.0,100.0,0.0,0.0,100.0,0.0,0.0,50.97,10.14,4.5,0.32,0.43
297,68.33,0.0,100.0,0.0,0.0,100.0,0.0,0.0,40.11,9.87,4.54,0.32,0.43
298,81.81,0.0,100.0,0.0,0.0,100.0,0.0,0.0,44.67,1.82,8.23,0.18,0.53
299,53.54,0.0,100.0,0.0,0.0,100.0,0.0,0.0,61.01,13.56,4.02,0.47,0.44
300,63.68,0.0,100.0,0.0,0.0,100.0,0.0,0.0,61.63,5.27,6.19,0.36,0.49
301,48.98,0.07,93.0,7.0,0.0,93.0,0.0,0.0,55.88,8.96,4.91,0.4,0.43
302,63.24,0.0,100.0,0.0,0.0,100.0,0.0,0.0,45.51,5.01,6.81,0.35,0.48
303,46.33,0.0,100.0,0.0,0.0,100.0,0.0,0.0,69.29,14.63,3.41,0.52,0.44
304,69.35,0.0,100.0,0.0,0.0,100.0,0.0,0.0,48.54,2.18,8.33,0.27,0.47
305,73.49,0.0,100.0,0.0,0.0,100.0,0.0,0.0,32.68,11.81,4.5,0.28,0.48
306,68.31,0.05,95.0,5.0,0.0,95.0,0.0,0.0,47.63,2.06,7.11,0.32,0.41
307,45.57,0.0,100.0,0.0,0.0,100.0,0.0,0.0,57.4,7.83,5.0,0.54,0.5
308,62.9,0.0,100.0,0.0,0.0,100.0,0.0,0.0,58.84,5.24,6.7,0.36,0.5
309,69.04,0.04,96.0,4.0,0.0,96.0,0.0,0.0,46.79,2.38,7.89,0.33,0.5
310,51.26,0.0,100.0,0.0,0.0,100.0,0.0,0.0,55.61,11.82,5.09,0.48,0.44
311,53.06,0.0,100.0,0.0,0.0,100.0,0.0,0.0,58.56,12.58,4.69,0.49,0.36
312,49.9,0.0,100.0,0.0,0.0,100.0,0.0,0.0,54.68,12.06,5.09,0.5,0.37
313,48.89,0.0,100.0,0.0,0.0,100.0,0.0,0.0,59.9,14.18,3.52,0.52,0.35
314,58.64,0.0,100.0,0.0,0.0,100.0,0.0,0.0,21.63,12.38,4.24,0.43,0.36
315,65.41,0.0,100.0,0.0,0.0,100.0,0.0,0.0,33.94,5.32,7.07,0.33,0.39
316,55.3,0.0,100.0,0.0,0.0,100.0,0.0,0.0,75.58,11.27,5.51,0.43,0.37
317,56.43,0.0,100.0,0.0,0.0,100.0,0.0,0.0,45.55,11.4,5.0,0.43,0.36
318,73.85,0.0,100.0,0.0,0.0,100.0,0.0,0.0,25.4,11.8,4.65,0.31,0.37
319,56.08,0.0,100.0,0.0,0.0,100.0,0.0,0.0,50.41,7.39,5.3,0.45,0.4
320,49.16,0.0,100.0,0.0,0.0,100.0,0.0,0.0,53.66,6.93,6.81,0.51,0.42
321,64.49,0.14,86.0,14.0,0.0,86.0,0.0,0.0,61.62,2.47,7.53,0.24,0.35
322,52.41,0.0,100.0,0.0,0.0,100.0,0.0,0.0,58.89,13.95,3.25,0.47,0.36
323,71.87,0.0,100.0,0.0,0.0,100.0,0.0,0.0,48.34,8.67,6.46,0.28,0.37
324,68.03,0.0,100.0,0.0,0.0,100.0,0.0,0.0,52.56,5.59,6.89,0.32,0.36
325,51.48,0.0,100.0,0.0,0.0,100.0,0.0,0.0,63.22,12.43,3.56,0.48,0.35
326,28.12,0.0,100.0,0.0,0.0,100.0,0.0,0.0,339.33,15.5,2.58,0.72,0.33
327,52.84,0.0,100.0,0.0,0.0,100.0,0.0,0.0,39.18,11.98,5.56,0.5,0.4
328,65.93,0.0,100.0,0.0,0.0,100.0,0.0,0.0,58.27,4.66,7.66,0.31,0.41
329,86.18,0.0,100.0,0.0,0.0,100.0,0.0,0.0,32.37,2.95,8.87,0.1,0.4
330,72.28,0.0,100.0,0.0,0.0,100.0,0.0,0.0,40.05,5.16,6.8,0.31,0.38
331,63.49,0.0,100.0,0.0,0.0,100.0,0.0,0.0,41.54,2.93,8.1,0.37,0.4
332,43.15,0.05,95.0,5.0,0.0,95.0,0.0,0.0,63.09,11.86,4.64,0.48,0.41
333,71.2,0.0,100.0,0.0,0.0,100.0,0.0,0.0,47.26,6.06,5.58,0.3,0.4
334,66.37,0.0,100.0,0.0,0.0,100.0,0.0,0.0,40.47,9.72,4.83,0.35,0.39
335,54.55,0.0,100.0,0.0,0.0,100.0,0.0,0.0,55.3,11.91,4.93,0.46,0.39
336,77.7,0.0,100.0,0.0,0.0,100.0,0.0,0.0,35.73,2.53,8.15,0.25,0.39
337,67.32,0.0,100.0,0.0,0.0,100.0,0.0,0.0,38.78,5.43,6.9,0.3,0.42
338,69.55,0.0,100.0,0.0,0.0,100.0,0.0,0.0,43.57,12.02,4.26,0.3,0.39
339,62.41,0.0,100.0,0.0,0.0,100.0,0.0,0.0,71.66,5.16,6.92,0.37,0.39
340,70.67,0.0,100.0,0.0,0.0,100.0,0.0,0.0,40.64,10.06,5.33,0.29,0.37
341,73.84,0.0,100.0,0.0,0.0,100.0,0.0,0.0,40.27,8.13,6.67,0.25,0.39
342,49.74,0.0,100.0,0.0,0.0,100.0,0.0,0.0,40.35,7.16,5.16,0.49,0.4
343,28.12,0.0,100.0,0.0,0.0,100.0,0.0,0.0,252.63,16.0,2.32,0.72,0.36
344,45.79,0.0,100.0,0.0,0.0,100.0,0.0,0.0,61.52,13.38,4.04,0.53,0.43
345,61.01,0.0,100.0,0.0,0.0,100.0,0.0,0.0,40.26,10.19,4.19,0.37,0.42
346,47.64,0.0,100.0,0.0,0.0,100.0,0.0,0.0,74.93,13.36,4.3,0.52,0.4
347,57.38,0.0,100.0,0.0,0.0,100.0,0.0,0.0,54.0,12.25,3.99,0.45,0.41
348,60.06,0.0,100.0,0.0,0.0,100.0,0.0,0.0,21.81,12.65,3.55,0.45,0.42
349,52.79,0.0,100.0,0.0,0.0,100.0,0.0,0.0,69.72,13.66,4.12,0.47,0.47
350,67.63,0.0,100.0,0.0,0.0,100.0,0.0,0.0,58.13,13.13,3.46,0.32,0.41
351,71.74,0.0,100.0,0.0,0.0,100.0,0.0,0.0,62.22,12.59,3.5,0.27,0.57
352,46.04,0.0,100.0,0.0,0.0,100.0,0.0,0.0,69.52,13.72,3.85,0.52,0.55
353,28.12,0.0,100.0,0.0,0.0,100.0,0.0,0.0,462.06,15.5,2.49,0.72,0.44
354,49.66,0.0,100.0,0.0,0.0,100.0,0.0,0.0,75.47,7.23,5.77,0.51,0.42
355,65.77,0.0,100.0,0.0,0.0,100.0,0.0,0.0,48.83,9.28,5.55,0.35,0.49
356,50.84,0.0,100.0,0.0,0.0,100.0,0.0,0.0,33.64,14.12,3.54,0.48,0.44
357,47.29,0.0,100.0,0.0,0.0,100.0,0.0,0.0,94.64,14.25,3.6,0.53,0.48
358,67.21,0.0,100.0,0.0,0.0,100.0,0.0,0.0,43.73,2.85,6.81,0.37,0.46
359,90.32,0.0,100.0,0.0,0.0,100.0,0.0,0.0,34.47,3.18,9.23,0.11,0.43
360,80.49,0.0,100.0,0.0,0.0,100.0,0.0,0.0,49.17,2.06,7.77,0.19,0.51
361,68.85,0.0,100.0,0.0,0.0,100.0,0.0,0.0,47.2,10.26,5.11,0.3,0.5
362,49.2,0.0,100.0,0.0,0.0,100.0,0.0,0.0,45.73,13.55,3.84,0.51,0.47
363,61.95,0.03,97.0,3.0,0.0,97.0,0.0,0.0,40.8,4.91,6.69,0.33,0.44
364,69.59,0.0,100.0,0.0,0.0,100.0,0.0,0.0,51.16,8.66,6.81,0.33,0.41
365,72.56,0.0,100.0,0.0,0.0,100.0,0.0,0.0,47.88,9.06,7.14,0.3,0.41
366,65.93,0.0,100.0,0.0,0.0,100.0,0.0,0.0,26.09,12.63,4.26,0.35,0.46
367,45.08,0.0,100.0,0.0,0.0,100.0,0.0,0.0,30.7,13.49,4.17,0.54,0.4
368,59.58,0.0,100.0,0.0,0.0,100.0,0.0,0.0,54.18,6.87,6.29,0.41,0.42
369,70.3,0.0,100.0,0.0,0.0,100.0,0.0,0.0,61.58,4.62,7.7,0.28,0.42
370,69.48,0.0,100.0,0.0,0.0,100.0,0.0,0.0,57.09,8.75,6.4,0.32,0.41
371,48.23,0.0,100.0,0.0,0.0,100.0,0.0,0.0,63.8,12.37,4.36,0.47,0.41
372,73.32,0.0,100.0,0.0,0.0,100.0,0.0,0.0,34.2,2.56,8.58,0.27,0.44
373,66.88,0.0,100.0,0.0,0.0,100.0,0.0,0.0,38.78,12.93,3.51,0.32,0.38
374,68.1,0.0,100.0,0.0,0.0,100.0,0.0,0.0,32.3,5.54,7.58,0.31,0.41
375,50.77,0.0,100.0,0.0,0.0,100.0,0.0,0.0,50.55,12.31,3.86,0.47,0.48
376,46.79,0.0,100.0,0.0,0.0,100.0,0.0,0.0,80.42,13.36,4.87,0.52,0.38
377,69.7,0.0,100.0,0.0,0.0,100.0,0.0,0.0,53.28,2.57,8.29,0.28,0.44
378,47.69,0.0,100.0,0.0,0.0,100.0,0.0,0.0,62.4,13.77,3.71,0.53,0.4
379,62.78,0.02,98.0,2.0,0.0,98.0,0.0,0.0,43.14,9.21,5.01,0.35,0.4
380,71.56,0.0,100.0,0.0,0.0,100.0,0.0,0.0,35.55,5.39,7.25,0.28,0.35
381,51.7,0.08,92.0,8.0,0.0,92.0,0.0,0.0,53.28,6.12,5.88,0.35,0.33
382,50.59,0.0,100.0,0.0,0.0,100.0,0.0,0.0,65.07,12.12,4.34,0.47,0.35
383,86.1,0.0,100.0,0.0,0.0,100.0,0.0,0.0,58.3,2.36,8.55,0.13,0.33
384,71.44,0.0,100.0,0.0,0.0,100.0,0.0,0.0,22.39,10.02,5.14,0.31,0.33
385,51.82,0.0,100.0,0.0,0.0,100.0,0.0,0.0,48.97,13.96,3.48,0.48,0.33
386,70.5,0.0,100.0,0.0,0.0,100.0,0.0,0.0,48.9,2.22,8.66,0.29,0.36
387,62.37,0.0,100.0,0.0,0.0,100.0,0.0,0.0,53.8,3.17,7.12,0.41,0.34
388,53.35,0.0,100.0,0.0,0.0,100.0,0.0,0.0,35.73,14.22,3.16,0.47,0.39
389,77.24,0.08,92.0,8.0,0.0,92.0,0.0,0.0,34.15,1.13,6.4,0.26,0.38
390,55.75,0.0,100.0,0.0,0.0,100.0,0.0,0.0,71.23,12.1,4.66,0.44,0.36
391,66.34,0.0,100.0,0.0,0.0,100.0,0.0,0.0,58.41,11.87,4.51,0.32,0.4
392,52.18,0.0,100.0,0.0,0.0,100.0,0.0,0.0,68.55,13.36,4.03,0.46,0.34
393,65.51,0.0,100.0,0.0,0.0,100.0,0.0,0.0,58.15,6.62,6.08,0.34,0.41
394,54.58,0.05,95.0,5.0,0.0,95.0,0.0,0.0,53.42,8.6,5.85,0.37,0.37
395,72.56,0.0,100.0,0.0,0.0,100.0,0.0,0.0,55.03,9.93,5.16,0.31,0.35
396,58.95,0.0,100.0,0.0,0.0,100.0,0.0,0.0,47.64,11.11,5.57,0.43,0.38
397,28.12,0.0,100.0,0.0,0.0,100.0,0.0,0.0,144.91,16.0,2.56,0.72,0.41
398,62.17,0.0,100.0,0.0,0.0,100.0,0.0,0.0,43.25,10.86,4.55,0.36,0.43
399,68.68,0.0,100.0,0.0,0.0,100.0,0.0,0.0,34.06,6.14,5.98,0.31,0.45
400,70.91,0.0,100.0,0.0,0.0,100.0,0.0,0.0,33.08,9.41,6.23,0.31,0.4
401,70.35,0.0,100.0,0.0,0.0,100.0,0.0,0.0,21.18,10.11,4.86,0.32,0.4
402,69.62,0.0,100.0,0.0,0.0,100.0,0.0,0.0,47.66,6.23,5.93,0.31,0.38
403,59.78,0.0,100.0,0.0,0.0,100.0,0.0,0.0,45.12,2.61,6.98,0.4,0.39
404,52.35,0.0,100.0,0.0,0.0,100.0,0.0,0.0,28.29,11.7,4.77,0.5,0.38
405,70.33,0.0,100.0,0.0,0.0,100.0,0.0,0.0,63.53,11.68,4.87,0.28,0.41
406,69.28,0.0,100.0,0.0,0.0,100.0,0.0,0.0,44.69,5.06,6.82,0.29,0.37
407,72.45,0.0,100.0,0.0,0.0,100.0,0.0,0.0,60.94,11.56,4.63,0.3,0.38
408,52.18,0.0,100.0,0.0,0.0,100.0,0.0,0.0,29.75,13.74,3.97,0.5,0.43
409,65.21,0.0,100.0,0.0,0.0,100.0,0.0,0.0,61.66,10.1,5.02,0.32,0.41
410,69.82,0.0,100.0,0.0,0.0,100.0,0.0,0.0,32.15,12.01,4.78,0.3,0.47
411,58.27,0.03,97.0,3.0,0.0,97.0,0.0,0.0,42.63,4.34,5.08,0.37,0.62
412,49.4,0.0,100.0,0.0,0.0,100.0,0.0,0.0,40.78,7.45,5.05,0.54,1.52
413,44.69,0.0,100.0,0.0,0.0,100.0,0.0,0.0,68.93,7.47,5.77,0.54,0.86
414,52.83,0.0,100.0,0.0,0.0,100.0,0.0,0.0,62.38,12.41,4.31,0.49,0.88
415,84.13,0.0,100.0,0.0,0.0,100.0,0.0,0.0,51.29,2.73,8.23,0.16,0.93
416,28.12,0.0,100.0,0.0,0.0,100.0,0.0,0.0,365.66,15.5,2.77,0.72,0.42
417,50.28,0.0,100.0,0.0,0.0,100.0,0.0,0.0,64.5,11.97,4.73,0.5,0.46
418,69.74,0.0,100.0,0.0,0.0,100.0,0.0,0.0,31.39,12.6,3.78,0.3,0.37
419,46.95,0.0,100.0,0.0,0.0,100.0,0.0,0.0,43.11,14.8,3.13,0.52,0.38
420,40.74,0.06,94.0,6.0,0.0,94.0,0.0,0.0,78.75,6.49,5.38,0.5,0.39
421,47.88,0.0,100.0,0.0,0.0,100.0,0.0,0.0,66.12,14.88,3.32,0.52,0.36
422,55.48,0.06,94.0,6.0,0.0,94.0,0.0,0.0,33.46,8.12,6.31,0.34,0.38
423,48.03,0.0,100.0,0.0,0.0,100.0,0.0,0.0,84.42,14.07,3.8,0.51,0.38
424,47.36,0.0,100.0,0.0,0.0,100.0,0.0,0.0,44.6,7.41,6.32,0.52,0.4
425,65.02,0.0,100.0,0.0,0.0,100.0,0.0,0.0,63.24,9.1,6.09,0.36,0.42
426,63.84,0.0,100.0,0.0,0.0,100.0,0.0,0.0,47.62,6.13,5.11,0.36,0.42
427,66.2,0.0,100.0,0.0,0.0,100.0,0.0,0.0,53.68,12.22,4.55,0.35,0.4
428,57.44,0.0,100.0,0.0,0.0,100.0,0.0,0.0,39.58,6.17,6.16,0.45,0.4
429,64.17,0.0,100.0,0.0,0.0,100.0,0.0,0.0,39.65,5.1,6.01,0.36,0.41
430,68.03,0.0,100.0,0.0,0.0,100.0,0.0,0.0,23.16,10.4,5.31,0.31,0.43
431,68.3,0.0,100.0,0.0,0.0,100.0,0.0,0.0,56.93,6.19,6.19,0.31,0.42
432,56.65,0.04,96.0,4.0,0.0,96.0,0.0,0.0,49.69,4.69,6.85,0.36,0.37
433,63.25,0.0,100.0,0.0,0.0,100.0,0.0,0.0,58.89,2.09,7.06,0.33,0.4
434,50.45,0.0,100.0,0.0,0.0,100.0,0.0,0.0,88.06,12.62,3.98,0.48,0.44
435,65.41,0.0,100.0,0.0,0.0,100.0,0.0,0.0,54.39,12.07,3.83,0.33,0.41
436,52.3,0.0,100.0,0.0,0.0,100.0,0.0,0.0,55.9,6.33,6.02,0.49,0.47
437,28.12,0.0,100.0,0.0,0.0,100.0,0.0,0.0,345.95,16.0,2.51,0.72,0.35
438,47.38,0.0,100.0,0.0,0.0,100.0,0.0,0.0,42.57,13.44,4.27,0.53,0.42
439,64.02,0.0,100.0,0.0,0.0,100.0,0.0,0.0,55.61,4.51,6.87,0.36,0.44
440,71.79,0.0,100.0,0.0,0.0,100.0,0.0,0.0,71.79,9.11,6.34,0.28,0.46
441,66.65,0.0,100.0,0.0,0.0,100.0,0.0,0.0,42.48,10.49,4.63,0.34,0.68
442,28.12,0.0,100.0,0.0,0.0,100.0,0.0,0.0,237.14,16.0,2.5,0.72,0.89
443,59.48,0.0,100.0,0.0,0.0,100.0,0.0,0.0,49.67,9.4,4.09,0.41,0.8
444,66.64,0.0,100.0,0.0,0.0,100.0,0.0,0.0,30.69,9.52,4.69,0.33,0.5
445,54.76,0.0,100.0,0.0,0.0,100.0,0.0,0.0,61.88,11.31,6.26,0.45,0.49
446,71.86,0.0,100.0,0.0,0.0,100.0,0.0,0.0,39.61,9.89,5.27,0.3,0.69
447,86.96,0.0,100.0,0.0,0.0,100.0,0.0,0.0,50.0,1.64,8.78,0.15,0.37
448,54.31,0.0,100.0,0.0,0.0,100.0,0.0,0.0,60.39,13.43,4.05,0.46,0.33
449,60.84,0.03,97.0,3.0,0.0,97.0,0.0,0.0,43.26,9.03,5.73,0.34,0.33
450,69.54,0.0,100.0,0.0,0.0,100.0,0.0,0.0,48.37,9.45,5.13,0.28,0.37
451,72.89,0.0,100.0,0.0,0.0,100.0,0.0,0.0,40.56,10.9,4.36,0.3,0.34
452,61.92,0.0,100.0,0.0,0.0,100.0,0.0,0.0,58.77,10.3,5.0,0.35,0.38
453,28.12,0.0,100.0,0.0,0.0,100.0,0.0,0.0,312.95,16.0,2.28,0.72,0.32
454,63.54,0.0,100.0,0.0,0.0,100.0,0.0,0.0,51.78,6.4,5.7,0.36,0.37
455,71.42,0.0,100.0,0.0,0.0,100.0,0.0,0.0,66.27,9.85,4.94,0.3,0.37
456,69.19,0.0,100.0,0.0,0.0,100.0,0.0,0.0,53.58,12.12,4.74,0.3,0.46
457,50.07,0.0,100.0,0.0,0.0,100.0,0.0,0.0,58.01,13.99,3.14,0.48,0.47
458,71.44,0.0,100.0,0.0,0.0,100.0,0.0,0.0,29.03,6.4,6.15,0.3,0.5
459,48.67,0.0,100.0,0.0,0.0,100.0,0.0,0.0,25.23,6.93,6.53,0.51,0.44
460,70.36,0.0,100.0,0.0,0.0,100.0,0.0,0.0,69.71,8.07,6.29,0.27,0.42
461,64.56,0.0,100.0,0.0,0.0,100.0,0.0,0.0,49.31,8.85,5.13,0.35,0.42
462,67.22,0.0,100.0,0.0,0.0,100.0,0.0,0.0,53.78,9.93,5.06,0.3,0.4
463,46.17,0.0,100.0,0.0,0.0,100.0,0.0,0.0,78.5,7.65,4.91,0.53,0.4
464,44.29,0.08,92.0,8.0,0.0,92.0,0.0,0.0,47.07,11.26,5.45,0.43,0.44
465,64.0,0.0,100.0,0.0,0.0,100.0,0.0,0.0,49.82,4.67,7.31,0.32,0.42
466,28.12,0.0,100.0,0.0,0.0,100.0,0.0,0.0,336.35,15.5,2.51,0.72,0.35
467,68.21,0.0,100.0,0.0,0.0,100.0,0.0,0.0,66.23,9.34,6.63,0.32,0.42
468,53.76,0.07,93.0,7.0,0.0,93.0,0.0,0.0,35.7,4.17,6.08,0.33,0.38
469,56.9,0.05,95.0,5.0,0.0,95.0,0.0,0.0,53.29,5.09,6.17,0.37,0.44
470,69.19,0.0,100.0,0.0,0.0,100.0,0.0,0.0,66.22,5.28,6.8,0.31,0.42
471,65.91,0.0,100.0,0.0,0.0,100.0,0.0,0.0,32.23,8.66,5.81,0.33,0.39
472,68.54,0.0,100.0,0.0,0.0,100.0,0.0,0.0,50.91,9.23,6.21,0.32,0.42
473,55.4,0.0,100.0,0.0,0.0,100.0,0.0,0.0,60.04,13.48,4.07,0.45,0.43
474,51.05,0.0,100.0,0.0,0.0,100.0,0.0,0.0,50.88,12.39,3.74,0.49,0.48
475,66.2,0.0,100.0,0.0,0.0,100.0,0.0,0.0,62.52,5.35,6.85,0.33,0.56
476,66.73,0.0,100.0,0.0,0.0,100.0,0.0,0.0,41.52,2.73,6.52,0.34,0.4
477,51.46,0.0,100.0,0.0,0.0,100.0,0.0,0.0,27.57,12.8,3.83,0.47,0.41
478,73.47,0.0,100.0,0.0,0.0,100.0,0.0,0.0,47.96,12.63,3.51,0.28,0.45
479,67.74,0.0,100.0,0.0,0.0,100.0,0.0,0.0,34.98,12.31,4.17,0.33,0.44
480,61.99,0.49,51.0,49.0,0.0,51.0,0.0,0.0,107.02,1.72,7.32,0.19,0.34
481,67.59,0.0,100.0,0.0,0.0,100.0,0.0,0.0,66.15,10.06,4.87,0.31,0.43
482,68.01,0.0,100.0,0.0,0.0,100.0,0.0,0.0,22.39,10.33,4.84,0.31,0.38
483,52.38,0.0,100.0,0.0,0.0,100.0,0.0,0.0,53.08,12.15,5.07,0.48,0.47
484,72.17,0.0,100.0,0.0,0.0,100.0,0.0,0.0,41.42,2.63,7.34,0.29,0.46
485,54.78,0.06,94.0,6.0,0.0,94.0,0.0,0.0,45.23,4.58,6.62,0.36,0.44
486,73.93,0.0,100.0,0.0,0.0,100.0,0.0,0.0,34.44,6.39,5.92,0.28,0.47
487,67.56,0.0,100.0,0.0,0.0,100.0,0.0,0.0,52.71,10.33,4.34,0.35,0.45
488,69.63,0.0,100.0,0.0,0.0,100.0,0.0,0.0,29.45,8.71,5.74,0.34,0.45
489,71.11,0.05,95.0,5.0,0.0,95.0,0.0,0.0,32.82,2.32,7.33,0.31,0.46
490,48.21,0.0,100.0,0.0,0.0,100.0,0.0,0.0,31.62,14.85,3.13,0.53,0.44
491,40.98,0.09,91.0,9.0,0.0,91.0,0.0,0.0,75.77,6.05,5.82,0.48,0.4
492,41.59,0.12,88.0,12.0,0.0,88.0,0.0,0.0,52.34,4.6,6.81,0.36,0.46
493,64.67,0.0,100.0,0.0,0.0,100.0,0.0,0.0,55.59,2.69,7.65,0.34,0.46
494,28.12,0.0,100.0,0.0,0.0,100.0,0.0,0.0,398.9,15.5,2.75,0.72,0.42
495,68.57,0.0,100.0,0.0,0.0,100.0,0.0,0.0,71.21,6.43,6.35,0.29,0.45
496,28.12,0.0,100.0,0.0,0.0,100.0,0.0,0.0,217.97,16.0,2.17,0.72,0.38
497,66.33,0.0,100.0,0.0,0.0,100.0,0.0,0.0,31.55,12.23,4.58,0.33,0.5
498,68.69,0.0,100.0,0.0,0.0,100.0,0.0,0.0,52.49,9.31,5.97,0.32,0.52
499,88.54,0.0,100.0,0.0,0.0,100.0,0.0,0.0,41.8,1.96,9.08,0.1,0.49
500,55.98,0.0,100.0,0.0,0.0,100.0,0.0,0.0,86.09,7.3,5.54,0.43,0.53
501,47.9,0.0,100.0,0.0,0.0,100.0,0.0,0.0,65.2,13.16,4.49,0.51,0.42
502,40.56,0.08,92.0,8.0,0.0,92.0,0.0,0.0,64.32,5.78,6.07,0.43,0.41
503,70.99,0.0,100.0,0.0,0.0,100.0,0.0,0.0,38.0,9.34,6.16,0.31,0.42
504,52.57,0.0,100.0,0.0,0.0,100.0,0.0,0.0,40.6,11.45,5.06,0.47,0.42
505,71.18,0.0,100.0,0.0,0.0,100.0,0.0,0.0,35.52,3.14,8.19,0.28,0.41
506,51.3,0.09,91.0,9.0,0.0,91.0,0.0,0.0,50.23,10.25,4.48,0.37,0.38
507,71.6,0.0,100.0,0.0,0.0,100.0,0.0,0.0,54.38,4.96,7.83,0.29,0.36
508,58.01,0.05,95.0,5.0,0.0,95.0,0.0,0.0,39.01,9.79,4.85,0.35,0.37
509,50.11,0.0,100.0,0.0,0.0,100.0,0.0,0.0,29.82,13.56,3.66,0.48,0.35
510,47.81,0.0,100.0,0.0,0.0,100.0,0.0,0.0,25.02,14.86,3.31,0.53,0.34
511,49.35,0.0,100.0,0.0,0.0,100.0,0.0,0.0,32.67,13.25,4.27,0.52,0.35
512,71.07,0.0,100.0,0.0,0.0,100.0,0.0,0.0,34.88,9.85,5.02,0.3,0.36
513,50.61,0.0,100.0,0.0,0.0,100.0,0.0,0.0,76.66,12.04,5.45,0.5,0.36
514,53.65,0.0,100.0,0.0,0.0,100.0,0.0,0.0,53.31,12.98,4.73,0.47,0.38
515,68.0,0.0,100.0,0.0,0.0,100.0,0.0,0.0,37.87,4.99,7.83,0.32,0.36
516,52.87,0.06,94.0,6.0,0.0,94.0,0.0,0.0,59.36,9.25,4.53,0.4,0.34
517,69.76,0.0,100.0,0.0,0.0,100.0,0.0,0.0,37.75,6.09,6.05,0.3,0.37
518,67.63,0.0,100.0,0.0,0.0,100.0,0.0,0.0,40.14,2.0,6.96,0.3,0.36
519,64.72,0.0,100.0,0.0,0.0,100.0,0.0,0.0,56.41,9.56,6.57,0.35,0.33
520,62.79,0.0,100.0,0.0,0.0,100.0,0.0,0.0,52.14,8.85,4.93,0.36,0.36
521,54.15,0.0,100.0,0.0,0.0,100.0,0.0,0.0,75.5,11.69,5.67,0.47,0.33
522,56.71,0.0,100.0,0.0,0.0,100.0,0.0,0.0,25.58,12.1,5.2,0.44,0.33
523,50.22,0.0,100.0,0.0,0.0,100.0,0.0,0.0,60.4,12.76,3.4,0.47,0.33
524,73.15,0.0,100.0,0.0,0.0,100.0,0.0,0.0,44.74,12.8,4.1,0.29,0.35
525,48.2,0.0,100.0,0.0,0.0,100.0,0.0,0.0,63.68,13.49,4.28,0.54,0.42
526,51.04,0.0,100.0,0.0,0.0,100.0,0.0,0.0,60.9,6.36,5.94,0.48,0.49
527,28.12,0.0,100.0,0.0,0.0,100.0,0.0,0.0,413.17,15.5,2.45,0.72,0.33
528,65.66,0.0,100.0,0.0,0.0,100.0,0.0,0.0,35.64,11.08,4.59,0.33,0.37
529,66.01,0.0,100.0,0.0,0.0,100.0,0.0,0.0,55.35,5.65,6.76,0.34,0.39
530,70.54,0.0,100.0,0.0,0.0,100.0,0.0,0.0,50.97,8.56,6.89,0.28,0.37
531,54.35,0.0,100.0,0.0,0.0,100.0,0.0,0.0,61.1,14.67,3.23,0.47,0.41
532,54.08,0.0,100.0,0.0,0.0,100.0,0.0,0.0,35.53,14.16,3.08,0.46,0.37
533,70.54,0.0,100.0,0.0,0.0,100.0,0.0,0.0,41.65,9.91,5.46,0.3,0.4
534,65.68,0.0,100.0,0.0,0.0,100.0,0.0,0.0,51.1,6.66,5.76,0.34,0.38
535,76.97,0.0,100.0,0.0,0.0,100.0,0.0,0.0,33.98,2.44,5.69,0.26,0.38
536,28.12,0.0,100.0,0.0,0.0,100.0,0.0,0.0,465.42,16.0,2.36,0.72,0.34
537,70.44,0.0,100.0,0.0,0.0,100.0,0.0,0.0,43.76,10.34,4.79,0.31,0.42
538,28.12,0.0,100.0,0.0,0.0,100.0,0.0,0.0,346.79,15.5,2.92,0.72,0.35
539,49.09,0.0,100.0,0.0,0.0,100.0,0.0,0.0,40.82,12.61,4.01,0.5,0.39
540,67.66,0.0,100.0,0.0,0.0,100.0,0.0,0.0,60.11,9.92,4.52,0.3,0.39
541,62.98,0.0,100.0,0.0,0.0,100.0,0.0,0.0,52.77,5.75,6.69,0.36,0.4
542,74.4,0.0,100.0,0.0,0.0,100.0,0.0,0.0,26.31,5.92,6.05,0.26,0.43
543,49.01,0.0,100.0,0.0,0.0,100.0,0.0,0.0,72.66,13.3,4.14,0.52,0.38
544,52.23,0.0,100.0,0.0,0.0,100.0,0.0,0.0,69.02,12.47,4.18,0.48,0.39
545,75.99,0.0,100.0,0.0,0.0,100.0,0.0,0.0,31.78,9.64,5.38,0.26,0.38
546,28.12,0.0,100.0,0.0,0.0,100.0,0.0,0.0,251.87,16.0,2.13,0.72,0.33
547,63.07,0.0,100.0,0.0,0.0,100.0,0.0,0.0,63.87,9.52,6.05,0.34,0.4
548,66.72,0.0,100.0,0.0,0.0,100.0,0.0,0.0,55.33,9.12,6.1,0.34,0.42
549,68.82,0.02,98.0,2.0,0.0,98.0,0.0,0.0,34.95,2.39,7.38,0.32,0.39
550,55.37,0.0,100.0,0.0,0.0,100.0,0.0,0.0,61.84,12.66,4.95,0.44,0.39
551,50.77,0.0,100.0,0.0,0.0,100.0,0.0,0.0,45.58,12.4,4.3,0.49,0.37
552,78.22,0.0,100.0,0.0,0.0,100.0,0.0,0.0,36.63,2.2,7.99,0.26,0.39
553,62.12,0.0,100.0,0.0,0.0,100.0,0.0,0.0,51.97,10.37,4.77,0.35,0.41
554,66.18,0.0,100.0,0.0,0.0,100.0,0.0,0.0,48.07,5.97,5.52,0.34,0.37
555,55.11,0.0,100.0,0.0,0.0,100.0,0.0,0.0,23.71,14.44,3.31,0.45,0.38
556,60.51,0.04,96.0,4.0,0.0,96.0,0.0,0.0,53.32,8.33,6.45,0.32,0.39
557,65.41,0.0,100.0,0.0,0.0,100.0,0.0,0.0,59.1,5.21,7.4,0.35,0.37
558,28.12,0.0,100.0,0.0,0.0,100.0,0.0,0.0,328.99,16.0,2.14,0.72,0.35
559,55.4,0.07,93.0,7.0,0.0,93.0,0.0,0.0,34.9,5.06,6.77,0.35,0.42
560,51.06,0.0,100.0,0.0,0.0,100.0,0.0,0.0,61.31,12.55,3.61,0.49,0.38
561,68.23,0.0,100.0,0.0,0.0,100.0,0.0,0.0,49.93,10.04,5.15,0.31,0.4
562,69.63,0.0,100.0,0.0,0.0,100.0,0.0,0.0,42.45,9.63,6.78,0.32,0.4
563,52.35,0.0,100.0,0.0,0.0,100.0,0.0,0.0,44.92,15.03,2.88,0.5,0.39
564,69.77,0.0,100.0,0.0,0.0,100.0,0.0,0.0,37.55,9.06,6.7,0.31,0.46
565,69.52,0.0,100.0,0.0,0.0,100.0,0.0,0.0,70.22,11.88,4.28,0.31,0.39
566,68.8,0.0,100.0,0.0,0.0,100.0,0.0,0.0,32.75,4.92,6.23,0.34,0.39
567,73.76,0.0,100.0,0.0,0.0,100.0,0.0,0.0,39.8,11.44,4.14,0.29,0.37
568,66.94,0.0,100.0,0.0,0.0,100.0,0.0,0.0,53.9,4.96,6.68,0.34,0.38
569,52.43,0.0,100.0,0.0,0.0,100.0,0.0,0.0,68.12,13.84,3.94,0.49,0.43
570,65.13,0.0,100.0,0.0,0.0,100.0,0.0,0.0,30.11,12.29,4.92,0.34,0.4
571,62.34,0.09,91.0,9.0,0.0,91.0,0.0,0.0,49.65,2.25,6.67,0.23,0.44
572,58.51,0.13,87.0,13.0,0.0,87.0,0.0,0.0,39.07,2.47,8.08,0.18,0.43
573,67.99,0.0,100.0,0.0,0.0,100.0,0.0,0.0,51.35,2.34,7.78,0.32,0.42
574,58.69,0.0,100.0,0.0,0.0,100.0,0.0,0.0,25.26,6.89,6.03,0.43,0.41
575,55.3,0.0,100.0,0.0,0.0,100.0,0.0,0.0,62.56,6.83,6.08,0.46,0.4
576,73.24,0.0,100.0,0.0,0.0,100.0,0.0,0.0,43.15,4.97,7.72,0.29,0.37
577,78.41,0.09,91.0,9.0,0.0,91.0,0.0,0.0,35.45,1.73,6.29,0.24,0.38
578,68.51,0.0,100.0,0.0,0.0,100.0,0.0,0.0,51.51,12.5,4.71,0.33,0.38
579,62.95,0.0,100.0,0.0,0.0,100.0,0.0,0.0,41.16,10.7,4.7,0.35,0.38
580,68.8,0.0,100.0,0.0,0.0,100.0,0.0,0.0,56.61,11.91,4.84,0.28,0.42
581,65.1,0.0,100.0,0.0,0.0,100.0,0.0,0.0,58.0,4.47,6.68,0.33,0.36
582,65.88,0.0,100.0,0.0,0.0,100.0,0.0,0.0,38.75,10.32,5.47,0.32,0.36
583,53.69,0.0,100.0,0.0,0.0,100.0,0.0,0.0,54.81,13.44,4.02,0.46,0.47
584,73.53,0.0,100.0,0.0,0.0,100.0,0.0,0.0,60.95,10.89,4.61,0.3,0.43
585,68.78,0.0,100.0,0.0,0.0,100.0,0.0,0.0,43.06,9.98,5.04,0.31,0.37
586,49.14,0.0,100.0,0.0,0.0,100.0,0.0,0.0,86.59,14.12,3.8,0.52,0.34
587,47.19,0.0,100.0,0.0,0.0,100.0,0.0,0.0,74.1,14.44,3.13,0.52,0.35
588,55.37,0.2,80.0,20.0,0.0,80.0,0.0,0.0,54.7,2.13,7.96,0.24,0.32
589,59.79,0.0,100.0,0.0,0.0,100.0,0.0,0.0,48.87,6.26,7.12,0.43,0.35
590,67.16,0.0,100.0,0.0,0.0,100.0,0.0,0.0,27.35,8.36,5.65,0.33,0.36
591,66.69,0.0,100.0,0.0,0.0,100.0,0.0,0.0,50.82,10.33,5.51,0.32,0.37
592,55.07,0.0,100.0,0.0,0.0,100.0,0.0,0.0,46.23,14.2,3.18,0.47,0.35
593,64.69,0.0,100.0,0.0,0.0,100.0,0.0,0.0,53.74,6.32,6.3,0.32,0.4
594,54.46,0.0,100.0,0.0,0.0,100.0,0.0,0.0,64.07,11.66,5.32,0.45,0.38
595,50.96,0.19,81.0,19.0,0.0,81.0,0.0,0.0,56.12,2.24,8.19,0.25,0.44
596,50.55,0.0,100.0,0.0,0.0,100.0,0.0,0.0,59.56,11.81,4.94,0.48,0.51
597,67.19,0.0,100.0,0.0,0.0,100.0,0.0,0.0,34.68,4.68,7.48,0.3,0.54
598,54.81,0.06,94.0,6.0,0.0,94.0,0.0,0.0,34.78,5.16,6.47,0.37,0.48
599,55.2,0.0,100.0,0.0,0.0,100.0,0.0,0.0,67.61,11.81,4.81,0.48,0.58
600,52.56,0.0,100.0,0.0,0.0,100.0,0.0,0.0,44.73,12.68,3.7,0.5,0.42
601,28.12,0.0,100.0,0.0,0.0,100.0,0.0,0.0,198.81,16.0,2.65,0.72,0.4
602,65.12,0.0,100.0,0.0,0.0,100.0,0.0,0.0,69.65,13.21,3.84,0.32,0.45
603,66.29,0.0,100.0,0.0,0.0,100.0,0.0,0.0,54.94,9.23,5.44,0.32,0.43
604,69.56,0.0,100.0,0.0,0.0,100.0,0.0,0.0,41.54,3.48,8.36,0.3,0.47
605,53.63,0.06,94.0,6.0,0.0,94.0,0.0,0.0,51.19,4.66,5.63,0.35,0.51
606,57.84,0.0,100.0,0.0,0.0,100.0,0.0,0.0,43.47,13.88,3.41,0.45,0.46
607,81.19,0.08,92.0,8.0,0.0,92.0,0.0,0.0,41.83,1.93,7.63,0.19,0.42
608,67.86,0.0,100.0,0.0,0.0,100.0,0.0,0.0,66.66,12.33,4.18,0.34,0.46
609,51.64,0.0,100.0,0.0,0.0,100.0,0.0,0.0,38.24,14.1,3.51,0.49,0.44
610,66.28,0.0,100.0,0.0,0.0,100.0,0.0,0.0,45.62,6.7,6.52,0.33,0.47
611,44.29,0.0,100.0,0.0,0.0,100.0,0.0,0.0,59.43,13.69,4.2,0.55,0.49
612,68.62,0.0,100.0,0.0,0.0,100.0,0.0,0.0,41.68,5.25,7.18,0.31,0.44
613,68.14,0.0,100.0,0.0,0.0,100.0,0.0,0.0,45.78,8.79,6.33,0.33,0.41
614,46.1,0.0,100.0,0.0,0.0,100.0,0.0,0.0,50.11,13.52,3.94,0.54,0.41
615,66.49,0.0,100.0,0.0,0.0,100.0,0.0,0.0,36.9,8.89,5.41,0.34,0.6
616,59.19,0.0,100.0,0.0,0.0,100.0,0.0,0.0,49.17,6.37,4.83,0.41,0.46
617,69.06,0.0,100.0,0.0,0.0,100.0,0.0,0.0,50.49,2.1,8.35,0.33,0.43
618,57.18,0.0,100.0,0.0,0.0,100.0,0.0,0.0,38.31,12.02,4.66,0.44,0.41
619,69.34,0.0,100.0,0.0,0.0,100.0,0.0,0.0,48.32,9.11,6.81,0.32,0.47
620,54.54,0.0,100.0,0.0,0.0,100.0,0.0,0.0,42.61,13.4,3.91,0.45,0.47
621,49.89,0.0,100.0,0.0,0.0,100.0,0.0,0.0,42.36,13.53,3.92,0.51,0.49
622,57.34,0.03,97.0,3.0,0.0,97.0,0.0,0.0,33.53,8.62,4.01,0.38,0.48
623,52.47,0.0,100.0,0.0,0.0,100.0,0.0,0.0,33.08,14.63,2.71,0.46,0.46
624,69.17,0.0,100.0,0.0,0.0,100.0,0.0,0.0,48.62,6.14,6.18,0.32,0.44
625,46.11,0.0,100.0,0.0,0.0,100.0,0.0,0.0,75.37,14.86,3.34,0.53,0.42
626,66.4,0.0,100.0,0.0,0.0,100.0,0.0,0.0,41.96,5.1,7.84,0.33,0.48
627,74.14,0.0,100.0,0.0,0.0,100.0,0.0,0.0,30.41,5.36,7.11,0.28,0.43
628,70.52,0.0,100.0,0.0,0.0,100.0,0.0,0.0,51.4,8.81,6.51,0.31,0.57
629,62.96,0.0,100.0,0.0,0.0,100.0,0.0,0.0,57.16,9.11,5.74,0.32,0.45
630,64.3,0.0,100.0,0.0,0.0,100.0,0.0,0.0,34.45,10.43,5.2,0.35,0.46
631,80.13,0.0,100.0,0.0,0.0,100.0,0.0,0.0,39.23,1.64,7.5,0.18,0.46
632,67.66,0.0,100.0,0.0,0.0,100.0,0.0,0.0,57.38,12.94,3.45,0.32,0.44
633,67.53,0.0,100.0,0.0,0.0,100.0,0.0,0.0,41.74,5.49,7.63,0.31,0.42
634,58.03,0.0,100.0,0.0,0.0,100.0,0.0,0.0,34.92,8.63,6.37,0.37,0.43
635,56.54,0.0,100.0,0.0,0.0,100.0,0.0,0.0,56.03,6.96,6.07,0.45,0.44
636,55.72,0.0,100.0,0.0,0.0,100.0,0.0,0.0,85.41,12.46,3.75,0.44,0.41
637,71.21,0.0,100.0,0.0,0.0,100.0,0.0,0.0,53.06,4.66,7.19,0.29,0.44
638,48.4,0.0,100.0,0.0,0.0,100.0,0.0,0.0,64.03,14.86,3.14,0.51,0.4
639,50.33,0.0,100.0,0.0,0.0,100.0,0.0,0.0,71.46,12.42,4.07,0.48,0.57
640,66.42,0.0,100.0,0.0,0.0,100.0,0.0,0.0,51.1,10.63,4.69,0.35,0.43
641,28.12,0.0,100.0,0.0,0.0,100.0,0.0,0.0,196.85,15.5,2.45,0.72,0.46
642,73.13,0.0,100.0,0.0,0.0,100.0,0.0,0.0,58.7,2.52,7.86,0.3,0.5
643,68.47,0.0,100.0,0.0,0.0,100.0,0.0,0.0,52.34,1.96,7.63,0.33,0.41
644,51.71,0.0,100.0,0.0,0.0,100.0,0.0,0.0,82.76,11.35,4.95,0.48,0.48
645,50.9,0.0,100.0,0.0,0.0,100.0,0.0,0.0,59.8,12.52,4.41,0.49,0.43
646,78.69,0.0,100.0,0.0,0.0,100.0,0.0,0.0,53.64,1.89,7.32,0.18,0.52
647,57.23,0.0,100.0,0.0,0.0,100.0,0.0,0.0,50.25,12.13,4.33,0.44,0.39
648,66.49,0.0,100.0,0.0,0.0,100.0,0.0,0.0,63.79,9.3,6.39,0.31,0.41
649,28.12,0.0,100.0,0.0,0.0,100.0,0.0,0.0,316.41,15.5,2.76,0.72,0.41
650,28.12,0.0,100.0,0.0,0.0,100.0,0.0,0.0,347.55,16.0,2.26,0.72,0.35
651,64.77,0.0,100.0,0.0,0.0,100.0,0.0,0.0,29.48,3.13,7.01,0.39,0.38
652,70.2,0.0,100.0,0.0,0.0,100.0,0.0,0.0,44.23,6.58,5.4,0.33,0.38
653,53.17,0.0,100.0,0.0,0.0,100.0,0.0,0.0,44.33,7.06,5.47,0.47,0.38
654,80.25,0.0,100.0,0.0,0.0,100.0,0.0,0.0,35.11,1.71,6.79,0.21,0.39
655,67.88,0.0,100.0,0.0,0.0,100.0,0.0,0.0,23.42,8.59,5.95,0.28,0.4
656,70.02,0.0,100.0,0.0,0.0,100.0,0.0,0.0,55.21,9.18,6.84,0.29,0.37
657,59.91,0.05,95.0,5.0,0.0,95.0,0.0,0.0,32.46,8.98,5.62,0.34,0.39
658,65.34,0.0,100.0,0.0,0.0,100.0,0.0,0.0,31.6,5.71,6.79,0.36,0.42
659,61.19,0.0,100.0,0.0,0.0,100.0,0.0,0.0,67.0,2.54,7.52,0.37,0.44
660,54.13,0.0,100.0,0.0,0.0,100.0,0.0,0.0,40.89,7.22,6.29,0.45,0.49
661,60.47,0.04,96.0,4.0,0.0,96.0,0.0,0.0,56.8,8.88,5.51,0.34,0.42
662,63.92,0.0,100.0,0.0,0.0,100.0,0.0,0.0,41.04,12.13,3.44,0.38,0.44
663,57.15,0.0,100.0,0.0,0.0,100.0,0.0,0.0,41.11,11.29,5.02,0.43,0.41
664,46.57,0.0,100.0,0.0,0.0,100.0,0.0,0.0,76.83,13.68,3.52,0.54,0.4
665,70.25,0.0,100.0,0.0,0.0,100.0,0.0,0.0,41.33,2.91,8.67,0.29,0.45
666,55.2,0.0,100.0,0.0,0.0,100.0,0.0,0.0,36.93,13.75,4.11,0.46,0.46
667,28.12,0.0,100.0,0.0,0.0,100.0,0.0,0.0,270.83,16.0,2.32,0.72,0.36
668,67.89,0.0,100.0,0.0,0.0,100.0,0.0,0.0,46.43,5.29,7.5,0.32,0.41
669,71.4,0.0,100.0,0.0,0.0,100.0,0.0,0.0,27.65,4.53,6.92,0.28,0.4
670,70.05,0.0,100.0,0.0,0.0,100.0,0.0,0.0,68.58,4.81,6.65,0.33,0.45
671,48.27,0.0,100.0,0.0,0.0,100.0,0.0,0.0,66.6,13.31,4.3,0.52,0.39
672,53.49,0.0,100.0,0.0,0.0,100.0,0.0,0.0,63.68,11.94,4.53,0.44,0.39
673,47.37,0.08,92.0,8.0,0.0,92.0,0.0,0.0,35.03,12.24,3.41,0.38,0.39
674,73.2,0.0,100.0,0.0,0.0,100.0,0.0,0.0,54.07,8.55,6.21,0.3,0.4
675,47.27,0.0,100.0,0.0,0.0,100.0,0.0,0.0,72.15,7.63,5.04,0.52,0.41
676,28.12,0.0,100.0,0.0,0.0,100.0,0.0,0.0,264.08,15.5,2.77,0.72,0.34
677,69.29,0.0,100.0,0.0,0.0,100.0,0.0,0.0,33.0,4.49,6.62,0.34,0.39
678,69.92,0.0,100.0,0.0,0.0,100.0,0.0,0.0,23.91,8.67,6.74,0.3,0.4
679,86.63,0.0,100.0,0.0,0.0,100.0,0.0,0.0,39.32,2.25,7.01,0.12,0.38
680,50.0,0.07,93.0,7.0,0.0,93.0,0.0,0.0,42.14,6.28,5.18,0.38,0.37
681,63.29,0.0,100.0,0.0,0.0,100.0,0.0,0.0,60.68,5.42,7.19,0.36,0.42
682,77.89,0.03,97.0,3.0,0.0,97.0,0.0,0.0,50.13,2.31,7.59,0.2,0.38
683,58.44,0.06,94.0,6.0,0.0,94.0,0.0,0.0,41.95,8.68,5.56,0.33,0.37
684,73.09,0.0,100.0,0.0,0.0,100.0,0.0,0.0,49.81,9.32,5.6,0.27,0.38
685,47.85,0.0,100.0,0.0,0.0,100.0,0.0,0.0,25.07,6.97,6.47,0.51,0.38
686,64.66,0.0,100.0,0.0,0.0,100.0,0.0,0.0,35.71,9.71,4.54,0.34,0.43
687,51.93,0.0,100.0,0.0,0.0,100.0,0.0,0.0,73.5,13.74,3.9,0.48,0.38
688,48.61,0.0,100.0,0.0,0.0,100.0,0.0,0.0,55.92,13.79,3.8,0.53,0.39
689,51.39,0.0,100.0,0.0,0.0,100.0,0.0,0.0,73.27,12.71,4.12,0.49,0.39
690,58.74,0.03,97.0,3.0,0.0,97.0,0.0,0.0,24.5,9.04,5.51,0.37,0.39
691,65.3,0.0,100.0,0.0,0.0,100.0,0.0,0.0,43.21,12.0,4.53,0.33,0.58
692,54.96,0.0,100.0,0.0,0.0,100.0,0.0,0.0,62.38,12.38,4.29,0.46,0.43
693,66.82,0.0,100.0,0.0,0.0,100.0,0.0,0.0,63.52,9.37,5.68,0.33,0.41
694,52.08,0.0,100.0,0.0,0.0,100.0,0.0,0.0,69.83,13.67,4.09,0.47,0.47
695,43.3,0.0,100.0,0.0,0.0,100.0,0.0,0.0,91.99,14.81,3.37,0.55,0.48
696,66.82,0.0,100.0,0.0,0.0,100.0,0.0,0.0,53.91,13.01,3.61,0.32,0.45
697,70.99,0.0,100.0,0.0,0.0,100.0,0.0,0.0,54.24,5.56,7.72,0.32,0.41
698,52.94,0.0,100.0,0.0,0.0,100.0,0.0,0.0,75.56,14.85,3.04,0.45,0.4
699,52.97,0.0,100.0,0.0,0.0,100.0,0.0,0.0,52.29,7.08,5.47,0.46,0.42
700,56.76,0.04,96.0,4.0,0.0,96.0,0.0,0.0,50.2,9.05,5.99,0.36,0.57
701,74.51,0.0,100.0,0.0,0.0,100.0,0.0,0.0,38.0,2.94,7.73,0.24,0.42
702,69.66,0.0,100.0,0.0,0.0,100.0,0.0,0.0,34.66,9.04,6.74,0.31,0.44
703,69.55,0.0,100.0,0.0,0.0,100.0,0.0,0.0,55.52,9.91,4.97,0.32,0.45
704,70.28,0.0,100.0,0.0,0.0,100.0,0.0,0.0,56.62,8.5,5.99,0.29,0.53
705,57.62,0.05,95.0,5.0,0.0,95.0,0.0,0.0,38.89,8.38,5.31,0.35,0.49
706,69.22,0.0,100.0,0.0,0.0,100.0,0.0,0.0,48.91,11.14,4.3,0.33,0.51
707,74.16,0.07,93.0,7.0,0.0,93.0,0.0,0.0,35.16,1.4,7.33,0.29,0.48
708,54.86,0.0,100.0,0.0,0.0,100.0,0.0,0.0,37.33,6.35,6.82,0.45,0.47
709,51.81,0.08,92.0,8.0,0.0,92.0,0.0,0.0,63.1,8.68,6.22,0.34,0.6
710,50.74,0.0,100.0,0.0,0.0,100.0,0.0,0.0,57.95,6.25,5.95,0.47,0.4
711,69.44,0.0,100.0,0.0,0.0,100.0,0.0,0.0,46.57,6.51,6.55,0.31,0.4
712,64.78,0.0,100.0,0.0,0.0,100.0,0.0,0.0,36.84,5.25,7.49,0.33,0.41
713,71.91,0.0,100.0,0.0,0.0,100.0,0.0,0.0,41.52,2.12,8.8,0.28,0.42
714,69.97,0.0,100.0,0.0,0.0,100.0,0.0,0.0,51.99,9.79,5.38,0.31,0.4
715,56.49,0.0,100.0,0.0,0.0,100.0,0.0,0.0,45.71,11.66,5.78,0.45,0.37
716,67.29,0.0,100.0,0.0,0.0,100.0,0.0,0.0,41.14,6.19,6.19,0.33,0.43
717,47.82,0.0,100.0,0.0,0.0,100.0,0.0,0.0,60.18,12.91,5.44,0.52,0.44
718,28.12,0.0,100.0,0.0,0.0,100.0,0.0,0.0,123.85,8.0,4.29,0.72,0.37
719,63.13,0.0,100.0,0.0,0.0,100.0,0.0,0.0,56.48,5.3,7.15,0.33,0.43
720,58.63,0.0,100.0,0.0,0.0,100.0,0.0,0.0,34.41,11.88,4.82,0.44,0.43
721,67.36,0.0,100.0,0.0,0.0,100.0,0.0,0.0,40.86,10.59,4.64,0.33,0.36
722,54.11,0.0,100.0,0.0,0.0,100.0,0.0,0.0,62.73,12.59,3.9,0.46,0.37
723,76.5,0.06,94.0,6.0,0.0,94.0,0.0,0.0,52.28,1.49,7.86,0.23,0.36
724,48.05,0.0,100.0,0.0,0.0,100.0,0.0,0.0,59.41,7.12,5.53,0.5,0.39
725,66.87,0.0,100.0,0.0,0.0,100.0,0.0,0.0,73.15,4.81,7.32,0.31,0.41
726,72.09,0.0,100.0,0.0,0.0,100.0,0.0,0.0,34.3,10.03,5.82,0.28,0.41
727,47.94,0.0,100.0,0.0,0.0,100.0,0.0,0.0,37.84,13.46,4.09,0.53,0.43
728,78.83,0.0,100.0,0.0,0.0,100.0,0.0,0.0,33.68,1.78,8.56,0.19,0.42
729,53.77,0.0,100.0,0.0,0.0,100.0,0.0,0.0,40.27,6.46,7.0,0.48,0.4
730,64.58,0.0,100.0,0.0,0.0,100.0,0.0,0.0,54.88,8.36,5.96,0.36,0.41
731,56.71,0.0,100.0,0.0,0.0,100.0,0.0,0.0,49.06,13.86,3.72,0.45,0.4
732,52.46,0.0,100.0,0.0,0.0,100.0,0.0,0.0,89.95,7.62,5.41,0.46,0.41
733,68.34,0.0,100.0,0.0,0.0,100.0,0.0,0.0,50.68,5.58,7.57,0.32,0.45
734,45.44,0.0,100.0,0.0,0.0,100.0,0.0,0.0,61.12,7.45,5.62,0.54,0.4
735,52.45,0.0,100.0,0.0,0.0,100.0,0.0,0.0,51.63,6.36,6.59,0.47,0.41
736,72.11,0.0,100.0,0.0,0.0,100.0,0.0,0.0,60.04,12.3,3.84,0.31,0.41
737,55.39,0.04,96.0,4.0,0.0,96.0,0.0,0.0,55.29,4.89,6.13,0.39,0.4
738,65.72,0.0,100.0,0.0,0.0,100.0,0.0,0.0,60.38,6.32,5.26,0.34,0.43
739,64.6,0.0,100.0,0.0,0.0,100.0,0.0,0.0,29.81,2.93,7.11,0.39,0.46
740,77.93,0.03,97.0,3.0,0.0,97.0,0.0,0.0,41.3,1.07,6.53,0.24,0.44
741,52.2,0.0,100.0,0.0,0.0,100.0,0.0,0.0,68.39,12.57,3.97,0.49,0.46
742,28.12,0.0,100.0,0.0,0.0,100.0,0.0,0.0,256.11,16.0,2.42,0.72,0.4
743,63.21,0.0,100.0,0.0,0.0,100.0,0.0,0.0,61.07,5.69,6.83,0.35,0.43
744,47.32,0.0,100.0,0.0,0.0,100.0,0.0,0.0,43.25,13.3,4.42,0.52,0.42
745,45.41,0.0,100.0,0.0,0.0,100.0,0.0,0.0,70.04,7.01,6.36,0.53,0.46
746,80.74,0.05,95.0,5.0,0.0,95.0,0.0,0.0,19.84,1.35,8.24,0.19,0.58
747,67.02,0.0,100.0,0.0,0.0,100.0,0.0,0.0,44.09,4.76,7.19,0.33,0.52
748,54.74,0.0,100.0,0.0,0.0,100.0,0.0,0.0,68.92,14.55,3.22,0.46,0.49
749,47.05,0.03,97.0,3.0,0.0,97.0,0.0,0.0,82.13,11.66,5.02,0.49,0.49
750,68.6,0.0,100.0,0.0,0.0,100.0,0.0,0.0,53.54,4.77,7.46,0.31,0.48
751,68.83,0.0,100.0,0.0,0.0,100.0,0.0,0.0,46.63,2.02,7.55,0.33,0.44
752,87.46,0.0,100.0,0.0,0.0,100.0,0.0,0.0,53.58,1.62,8.65,0.09,0.43
753,52.34,0.0,100.0,0.0,0.0,100.0,0.0,0.0,69.83,11.82,4.49,0.49,0.4
754,63.69,0.0,100.0,0.0,0.0,100.0,0.0,0.0,50.58,12.9,3.55,0.37,0.42
755,50.78,0.0,100.0,0.0,0.0,100.0,0.0,0.0,58.99,11.35,4.51,0.48,0.41
756,54.0,0.0,100.0,0.0,0.0,100.0,0.0,0.0,68.36,12.16,4.56,0.46,0.39
757,53.9,0.0,100.0,0.0,0.0,100.0,0.0,0.0,45.61,6.36,6.93,0.47,0.44
758,68.7,0.0,100.0,0.0,0.0,100.0,0.0,0.0,40.38,6.29,5.97,0.33,0.41
759,46.28,0.0,100.0,0.0,0.0,100.0,0.0,0.0,81.23,14.1,3.89,0.51,0.39
760,46.87,0.0,100.0,0.0,0.0,100.0,0.0,0.0,76.35,6.97,5.62,0.52,0.42
761,69.0,0.0,100.0,0.0,0.0,100.0,0.0,0.0,44.99,2.91,8.26,0.31,0.4
762,76.36,0.0,100.0,0.0,0.0,100.0,0.0,0.0,46.7,1.74,8.74,0.25,0.49
763,52.05,0.0,100.0,0.0,0.0,100.0,0.0,0.0,59.73,12.84,4.5,0.46,0.46
764,66.94,0.0,100.0,0.0,0.0,100.0,0.0,0.0,24.37,10.05,4.87,0.33,0.53
765,52.15,0.0,100.0,0.0,0.0,100.0,0.0,0.0,58.49,13.94,3.99,0.5,0.46
766,64.77,0.0,100.0,0.0,0.0,100.0,0.0,0.0,64.8,12.54,3.61,0.33,0.47
767,28.12,0.0,100.0,0.0,0.0,100.0,0.0,0.0,318.35,16.0,2.34,0.72,0.37
768,66.15,0.0,100.0,0.0,0.0,100.0,0.0,0.0,31.73,8.8,6.29,0.34,0.45
769,57.36,0.03,97.0,3.0,0.0,97.0,0.0,0.0,46.57,5.15,5.98,0.36,0.56
770,64.97,0.0,100.0,0.0,0.0,100.0,0.0,0.0,31.94,4.41,5.61,0.37,0.43
771,65.86,0.0,100.0,0.0,0.0,100.0,0.0,0.0,48.16,2.85,7.98,0.32,0.47
772,67.29,0.0,100.0,0.0,0.0,100.0,0.0,0.0,60.39,9.12,6.25,0.31,0.44
773,70.7,0.0,100.0,0.0,0.0,100.0,0.0,0.0,37.54,8.18,6.77,0.3,0.43
774,64.49,0.0,100.0,0.0,0.0,100.0,0.0,0.0,51.84,6.37,5.78,0.35,0.41
775,69.63,0.0,100.0,0.0,0.0,100.0,0.0,0.0,54.67,5.16,7.91,0.3,0.4
776,69.55,0.0,100.0,0.0,0.0,100.0,0.0,0.0,47.61,9.0,6.38,0.32,0.45
777,65.6,0.0,100.0,0.0,0.0,100.0,0.0,0.0,55.47,10.79,4.79,0.36,0.38
778,68.03,0.0,100.0,0.0,0.0,100.0,0.0,0.0,54.17,9.27,6.48,0.32,0.41
779,47.15,0.0,100.0,0.0,0.0,100.0,0.0,0.0,48.8,14.25,3.25,0.53,0.4
780,61.42,0.0,100.0,0.0,0.0,100.0,0.0,0.0,59.67,4.71,5.94,0.37,0.39
781,68.87,0.0,100.0,0.0,0.0,100.0,0.0,0.0,36.1,12.57,3.7,0.28,0.44
782,62.96,0.0,100.0,0.0,0.0,100.0,0.0,0.0,53.16,12.3,4.36,0.34,0.43
783,69.21,0.0,100.0,0.0,0.0,100.0,0.0,0.0,34.18,6.61,6.37,0.33,0.37
784,62.02,0.0,100.0,0.0,0.0,100.0,0.0,0.0,44.86,6.21,5.36,0.38,0.37
785,53.16,0.0,100.0,0.0,0.0,100.0,0.0,0.0,57.94,12.49,4.31,0.47,0.51
786,72.44,0.0,100.0,0.0,0.0,100.0,0.0,0.0,47.76,5.47,6.8,0.29,0.43
787,54.67,0.0,100.0,0.0,0.0,100.0,0.0,0.0,62.22,13.83,3.16,0.46,0.4
788,81.26,0.06,94.0,6.0,0.0,94.0,0.0,0.0,81.53,2.02,7.39,0.18,0.43
789,55.86,0.0,100.0,0.0,0.0,100.0,0.0,0.0,46.82,11.65,5.26,0.48,0.36
790,54.49,0.0,100.0,0.0,0.0,100.0,0.0,0.0,47.37,12.58,4.14,0.45,0.43
791,67.75,0.0,100.0,0.0,0.0,100.0,0.0,0.0,42.82,6.21,5.99,0.32,0.5
792,28.12,0.0,100.0,0.0,0.0,100.0,0.0,0.0,175.04,16.0,2.68,0.72,0.39
793,73.12,0.0,100.0,0.0,0.0,100.0,0.0,0.0,38.68,2.07,7.9,0.27,0.46
794,54.93,0.03,97.0,3.0,0.0,97.0,0.0,0.0,44.38,10.32,4.34,0.38,0.42
795,69.07,0.0,100.0,0.0,0.0,100.0,0.0,0.0,48.18,2.45,8.55,0.33,0.42
796,53.6,0.0,100.0,0.0,0.0,100.0,0.0,0.0,64.34,6.9,5.28,0.48,0.43
797,65.74,0.0,100.0,0.0,0.0,100.0,0.0,0.0,25.63,4.97,6.56,0.33,0.46
798,53.65,0.0,100.0,0.0,0.0,100.0,0.0,0.0,61.04,7.01,6.32,0.46,0.43
799,53.71,0.0,100.0,0.0,0.0,100.0,0.0,0.0,69.84,11.65,4.86,0.47,0.44
800,52.81,0.06,94.0,6.0,0.0,94.0,0.0,0.0,46.33,10.06,4.59,0.37,0.51
801,52.59,0.14,86.0,14.0,0.0,86.0,0.0,0.0,48.0,2.82,8.2,0.22,0.51
802,71.06,0.0,100.0,0.0,0.0,100.0,0.0,0.0,42.39,8.26,6.81,0.29,0.47
803,69.25,0.0,100.0,0.0,0.0,100.0,0.0,0.0,48.35,12.17,4.42,0.31,0.47
804,65.5,0.0,100.0,0.0,0.0,100.0,0.0,0.0,69.72,10.54,5.49,0.32,0.42
805,69.21,0.0,100.0,0.0,0.0,100.0,0.0,0.0,44.7,2.78,7.3,0.32,0.44
806,75.13,0.31,69.0,31.0,0.0,69.0,0.0,0.0,38.16,1.84,7.15,0.18,0.44
807,69.39,0.0,100.0,0.0,0.0,100.0,0.0,0.0,57.05,4.56,7.41,0.29,0.47
808,79.44,0.0,100.0,0.0,0.0,100.0,0.0,0.0,53.62,2.34,7.8,0.19,0.5
809,67.5,0.0,100.0,0.0,0.0,100.0,0.0,0.0,57.33,9.21,6.77,0.32,0.44
810,56.97,0.0,100.0,0.0,0.0,100.0,0.0,0.0,32.28,12.66,4.34,0.45,0.47
811,77.79,0.0,100.0,0.0,0.0,100.0,0.0,0.0,25.75,3.35,8.49,0.24,0.59
812,68.15,0.0,100.0,0.0,0.0,100.0,0.0,0.0,36.14,4.77,7.8,0.33,0.51
813,28.12,0.0,100.0,0.0,0.0,100.0,0.0,0.0,184.26,16.0,2.22,0.72,0.44
814,69.61,0.05,95.0,5.0,0.0,95.0,0.0,0.0,35.83,2.84,8.17,0.32,0.48
815,51.52,0.0,100.0,0.0,0.0,100.0,0.0,0.0,50.81,12.63,4.04,0.46,0.58
816,63.13,0.0,100.0,0.0,0.0,100.0,0.0,0.0,44.89,10.51,4.79,0.35,0.48
817,65.31,0.0,100.0,0.0,0.0,100.0,0.0,0.0,58.25,8.73,6.71,0.32,0.51
818,50.3,0.08,92.0,8.0,0.0,92.0,0.0,0.0,45.35,5.26,6.16,0.38,0.48
819,72.1,0.0,100.0,0.0,0.0,100.0,0.0,0.0,43.85,5.48,7.66,0.28,0.5
820,64.95,0.0,100.0,0.0,0.0,100.0,0.0,0.0,48.68,6.26,5.92,0.33,0.44
821,53.04,0.0,100.0,0.0,0.0,100.0,0.0,0.0,45.65,6.15,6.69,0.45,0.42
822,54.99,0.0,100.0,0.0,0.0,100.0,0.0,0.0,46.51,12.26,4.4,0.48,0.4
823,75.56,0.0,100.0,0.0,0.0,100.0,0.0,0.0,49.6,3.23,8.67,0.27,0.42
824,72.78,0.0,100.0,0.0,0.0,100.0,0.0,0.0,43.73,8.32,6.52,0.3,0.45
825,67.03,0.0,100.0,0.0,0.0,100.0,0.0,0.0,50.49,6.44,6.13,0.29,0.5
826,68.06,0.0,100.0,0.0,0.0,100.0,0.0,0.0,40.63,9.95,5.65,0.32,0.47
827,63.93,0.0,100.0,0.0,0.0,100.0,0.0,0.0,24.52,3.13,6.93,0.41,0.43
828,54.37,0.0,100.0,0.0,0.0,100.0,0.0,0.0,38.83,11.77,5.45,0.48,0.42
829,68.8,0.0,100.0,0.0,0.0,100.0,0.0,0.0,41.5,10.69,4.81,0.35,0.41
830,52.47,0.0,100.0,0.0,0.0,100.0,0.0,0.0,41.15,13.52,4.07,0.47,0.4
831,67.74,0.0,100.0,0.0,0.0,100.0,0.0,0.0,36.88,5.49,7.32,0.31,0.41
832,69.12,0.0,100.0,0.0,0.0,100.0,0.0,0.0,42.77,7.3,5.73,0.32,0.41
833,48.57,0.07,93.0,7.0,0.0,93.0,0.0,0.0,46.08,9.4,5.6,0.4,0.39
834,74.27,0.08,92.0,8.0,0.0,92.0,0.0,0.0,47.39,1.96,8.04,0.3,0.44
835,75.2,0.0,100.0,0.0,0.0,100.0,0.0,0.0,26.94,1.74,7.33,0.24,0.42
836,68.44,0.34,66.0,34.0,0.0,66.0,0.0,0.0,49.46,1.88,6.88,0.27,0.34
837,53.75,0.0,100.0,0.0,0.0,100.0,0.0,0.0,29.13,12.45,4.47,0.48,0.4
838,70.84,0.0,100.0,0.0,0.0,100.0,0.0,0.0,30.08,7.15,5.39,0.3,0.35
839,71.75,0.0,100.0,0.0,0.0,100.0,0.0,0.0,40.22,5.49,7.85,0.3,0.36
840,57.38,0.04,96.0,4.0,0.0,96.0,0.0,0.0,46.81,8.97,5.76,0.35,0.34
841,54.49,0.0,100.0,0.0,0.0,100.0,0.0,0.0,37.75,7.29,5.28,0.45,0.33
842,47.59,0.0,100.0,0.0,0.0,100.0,0.0,0.0,32.64,7.43,5.82,0.53,0.33
843,52.22,0.0,100.0,0.0,0.0,100.0,0.0,0.0,44.05,12.3,4.38,0.47,0.34
844,66.36,0.0,100.0,0.0,0.0,100.0,0.0,0.0,36.82,5.95,5.47,0.34,0.43
845,72.25,0.0,100.0,0.0,0.0,100.0,0.0,0.0,48.54,12.44,4.46,0.32,0.43
846,70.87,0.0,100.0,0.0,0.0,100.0,0.0,0.0,58.99,2.91,8.22,0.29,0.39
847,45.99,0.03,97.0,3.0,0.0,97.0,0.0,0.0,44.1,6.32,5.15,0.51,0.35
848,54.05,0.0,100.0,0.0,0.0,100.0,0.0,0.0,61.84,7.64,5.01,0.47,0.35
849,49.07,0.0,100.0,0.0,0.0,100.0,0.0,0.0,42.45,7.41,5.71,0.52,0.35
850,48.94,0.08,92.0,8.0,0.0,92.0,0.0,0.0,68.47,9.57,5.24,0.38,0.37
851,55.99,0.0,100.0,0.0,0.0,100.0,0.0,0.0,54.96,7.09,5.44,0.45,0.5
852,45.64,0.0,100.0,0.0,0.0,100.0,0.0,0.0,43.28,13.03,4.57,0.53,0.52
853,72.6,0.0,100.0,0.0,0.0,100.0,0.0,0.0,62.03,2.9,8.36,0.26,0.51
854,28.12,0.0,100.0,0.0,0.0,100.0,0.0,0.0,252.25,16.0,2.53,0.72,0.5
855,75.54,0.0,100.0,0.0,0.0,100.0,0.0,0.0,37.76,3.0,8.88,0.24,0.51
856,50.69,0.0,100.0,0.0,0.0,100.0,0.0,0.0,55.9,12.17,4.4,0.47,0.46
857,62.87,0.0,100.0,0.0,0.0,100.0,0.0,0.0,73.29,12.54,4.02,0.34,0.44
858,68.74,0.0,100.0,0.0,0.0,100.0,0.0,0.0,57.2,4.62,7.46,0.31,0.47
859,65.76,0.0,100.0,0.0,0.0,100.0,0.0,0.0,55.18,5.32,6.98,0.35,0.44
860,63.67,0.0,100.0,0.0,0.0,100.0,0.0,0.0,40.46,8.92,5.57,0.35,0.45
861,53.52,0.0,100.0,0.0,0.0,100.0,0.0,0.0,54.84,11.5,4.82,0.46,0.45
862,68.76,0.0,100.0,0.0,0.0,100.0,0.0,0.0,56.09,9.68,6.18,0.32,0.49
863,53.42,0.0,100.0,0.0,0.0,100.0,0.0,0.0,61.18,13.58,3.67,0.45,0.46
864,53.58,0.0,100.0,0.0,0.0,100.0,0.0,0.0,35.59,6.34,6.12,0.49,0.49
865,45.76,0.0,100.0,0.0,0.0,100.0,0.0,0.0,51.47,13.62,4.12,0.53,0.45
866,55.12,0.0,100.0,0.0,0.0,100.0,0.0,0.0,41.64,12.2,4.06,0.46,0.43
867,45.6,0.0,100.0,0.0,0.0,100.0,0.0,0.0,59.13,13.66,3.77,0.55,0.42
868,54.11,0.0,100.0,0.0,0.0,100.0,0.0,0.0,49.19,5.99,6.16,0.46,0.42
869,75.96,0.0,100.0,0.0,0.0,100.0,0.0,0.0,57.7,3.41,8.05,0.25,0.48
870,54.41,0.06,94.0,6.0,0.0,94.0,0.0,0.0,50.96,4.54,6.4,0.36,0.53
871,54.12,0.0,100.0,0.0,0.0,100.0,0.0,0.0,81.01,14.1,3.77,0.46,0.49
872,64.61,0.0,100.0,0.0,0.0,100.0,0.0,0.0,46.17,9.37,6.1,0.38,0.46
873,71.07,0.0,100.0,0.0,0.0,100.0,0.0,0.0,31.98,5.04,8.23,0.28,0.56
874,54.39,0.0,100.0,0.0,0.0,100.0,0.0,0.0,41.69,7.12,5.36,0.48,0.6
875,61.68,0.37,63.0,37.0,0.0,63.0,0.0,0.0,38.47,1.97,7.14,0.14,0.39
876,69.77,0.0,100.0,0.0,0.0,100.0,0.0,0.0,38.38,8.93,6.45,0.28,0.47
877,52.26,0.0,100.0,0.0,0.0,100.0,0.0,0.0,57.48,12.49,4.4,0.48,0.43
878,71.37,0.0,100.0,0.0,0.0,100.0,0.0,0.0,28.44,10.21,5.17,0.31,0.5
879,65.98,0.0,100.0,0.0,0.0,100.0,0.0,0.0,40.59,12.58,4.43,0.36,0.43
880,64.28,0.0,100.0,0.0,0.0,100.0,0.0,0.0,53.48,8.76,5.13,0.34,0.46
881,38.28,0.08,92.0,8.0,0.0,92.0,0.0,0.0,70.27,12.15,4.83,0.49,0.39
882,53.28,0.0,100.0,0.0,0.0,100.0,0.0,0.0,53.24,12.82,3.66,0.49,0.46
883,67.11,0.0,100.0,0.0,0.0,100.0,0.0,0.0,65.94,5.04,7.08,0.32,0.43
884,63.75,0.0,100.0,0.0,0.0,100.0,0.0,0.0,63.63,5.79,6.12,0.36,0.42
885,55.51,0.0,100.0,0.0,0.0,100.0,0.0,0.0,29.89,12.31,4.42,0.45,0.46
886,49.22,0.0,100.0,0.0,0.0,100.0,0.0,0.0,67.75,13.22,4.12,0.51,0.45
887,68.59,0.0,100.0,0.0,0.0,100.0,0.0,0.0,17.0,6.59,6.01,0.32,0.52
888,73.81,0.0,100.0,0.0,0.0,100.0,0.0,0.0,41.12,6.32,5.65,0.29,0.53
889,51.69,0.06,94.0,6.0,0.0,94.0,0.0,0.0,47.7,4.79,5.96,0.39,0.49
890,47.71,0.0,100.0,0.0,0.0,100.0,0.0,0.0,78.9,12.62,3.75,0.49,0.48
891,67.59,0.0,100.0,0.0,0.0,100.0,0.0,0.0,50.51,8.55,6.37,0.32,0.55
892,44.24,0.0,100.0,0.0,0.0,100.0,0.0,0.0,71.54,14.31,3.73,0.53,0.56
893,73.55,0.0,100.0,0.0,0.0,100.0,0.0,0.0,43.46,3.04,8.21,0.26,0.47
894,44.22,0.07,93.0,7.0,0.0,93.0,0.0,0.0,57.32,11.58,4.8,0.46,0.41
895,48.04,0.08,92.0,8.0,0.0,92.0,0.0,0.0,40.42,10.08,4.33,0.36,0.44
896,64.1,0.0,100.0,0.0,0.0,100.0,0.0,0.0,50.13,9.48,6.58,0.33,0.43
897,54.28,0.06,94.0,6.0,0.0,94.0,0.0,0.0,76.82,8.45,6.24,0.36,0.41
898,68.63,0.0,100.0,0.0,0.0,100.0,0.0,0.0,40.5,10.55,5.17,0.33,0.42
899,49.97,0.0,100.0,0.0,0.0,100.0,0.0,0.0,74.2,12.41,4.35,0.49,0.4
900,48.03,0.0,100.0,0.0,0.0,100.0,0.0,0.0,66.45,13.57,4.57,0.5,0.41
901,49.16,0.0,100.0,0.0,0.0,100.0,0.0,0.0,26.33,7.39,5.82,0.52,0.41
902,67.8,0.0,100.0,0.0,0.0,100.0,0.0,0.0,38.62,10.13,5.37,0.31,0.36
903,69.82,0.0,100.0,0.0,0.0,100.0,0.0,0.0,51.09,1.52,7.93,0.32,0.37
904,58.22,0.03,97.0,3.0,0.0,97.0,0.0,0.0,33.2,9.57,4.83,0.38,0.35
905,68.05,0.0,100.0,0.0,0.0,100.0,0.0,0.0,47.37,8.71,5.9,0.31,0.36
906,68.43,0.0,100.0,0.0,0.0,100.0,0.0,0.0,36.3,4.69,6.86,0.31,0.37
907,54.66,0.0,100.0,0.0,0.0,100.0,0.0,0.0,41.75,12.07,4.21,0.46,0.39
908,74.92,0.0,100.0,0.0,0.0,100.0,0.0,0.0,39.65,10.52,4.44,0.26,0.36
909,71.33,0.0,100.0,0.0,0.0,100.0,0.0,0.0,44.71,10.31,4.83,0.3,0.36
910,74.16,0.0,100.0,0.0,0.0,100.0,0.0,0.0,51.94,2.14,9.04,0.25,0.36
911,63.48,0.0,100.0,0.0,0.0,100.0,0.0,0.0,60.81,11.87,3.51,0.36,0.37
912,50.92,0.0,100.0,0.0,0.0,100.0,0.0,0.0,79.3,12.76,3.56,0.47,0.36
913,53.82,0.06,94.0,6.0,0.0,94.0,0.0,0.0,53.27,8.7,4.55,0.38,0.41
914,54.76,0.0,100.0,0.0,0.0,100.0,0.0,0.0,56.35,14.25,3.27,0.48,0.43
915,67.2,0.0,100.0,0.0,0.0,100.0,0.0,0.0,52.99,8.87,6.38,0.31,0.43
916,66.96,0.0,100.0,0.0,0.0,100.0,0.0,0.0,53.03,10.53,5.32,0.35,0.38
917,55.22,0.0,100.0,0.0,0.0,100.0,0.0,0.0,32.12,12.12,4.77,0.45,0.39
918,57.94,0.0,100.0,0.0,0.0,100.0,0.0,0.0,76.3,5.96,6.64,0.41,0.45
919,68.39,0.0,100.0,0.0,0.0,100.0,0.0,0.0,55.53,2.62,8.58,0.29,0.44
920,69.68,0.0,100.0,0.0,0.0,100.0,0.0,0.0,60.19,8.76,7.26,0.3,0.37
921,75.42,0.0,100.0,0.0,0.0,100.0,0.0,0.0,44.35,12.8,3.88,0.27,0.38
922,68.89,0.0,100.0,0.0,0.0,100.0,0.0,0.0,32.15,5.16,7.04,0.3,0.4
923,56.2,0.0,100.0,0.0,0.0,100.0,0.0,0.0,33.77,14.77,3.4,0.44,0.44
924,51.44,0.0,100.0,0.0,0.0,100.0,0.0,0.0,65.63,12.54,4.61,0.47,0.42
925,55.22,0.0,100.0,0.0,0.0,100.0,0.0,0.0,50.01,6.49,6.88,0.46,0.39
926,64.16,0.0,100.0,0.0,0.0,100.0,0.0,0.0,53.87,5.84,6.49,0.38,0.39
927,64.94,0.0,100.0,0.0,0.0,100.0,0.0,0.0,52.83,12.53,4.48,0.34,0.43
928,54.26,0.0,100.0,0.0,0.0,100.0,0.0,0.0,80.66,11.55,5.55,0.47,0.48
929,74.49,0.0,100.0,0.0,0.0,100.0,0.0,0.0,49.35,3.01,7.62,0.3,0.39
930,74.37,0.0,100.0,0.0,0.0,100.0,0.0,0.0,35.44,2.46,7.81,0.26,0.4
931,54.48,0.0,100.0,0.0,0.0,100.0,0.0,0.0,53.26,11.0,5.89,0.43,0.39
932,67.75,0.0,100.0,0.0,0.0,100.0,0.0,0.0,55.72,6.58,6.37,0.32,0.37
933,68.68,0.0,100.0,0.0,0.0,100.0,0.0,0.0,41.63,9.73,5.54,0.35,0.44
934,57.92,0.06,94.0,6.0,0.0,94.0,0.0,0.0,50.95,4.54,6.05,0.34,0.45
935,58.2,0.05,95.0,5.0,0.0,95.0,0.0,0.0,34.42,8.89,5.46,0.35,0.44
936,73.33,0.0,100.0,0.0,0.0,100.0,0.0,0.0,47.47,12.02,5.05,0.3,0.45
937,70.86,0.0,100.0,0.0,0.0,100.0,0.0,0.0,41.21,9.36,5.87,0.32,0.42
938,56.52,0.06,94.0,6.0,0.0,94.0,0.0,0.0,63.56,4.93,7.3,0.34,0.43
939,54.82,0.0,100.0,0.0,0.0,100.0,0.0,0.0,38.8,13.49,3.84,0.45,0.41
940,46.01,0.0,100.0,0.0,0.0,100.0,0.0,0.0,33.59,14.31,3.82,0.53,0.63
941,85.2,0.0,100.0,0.0,0.0,100.0,0.0,0.0,49.36,2.02,8.6,0.14,0.57
942,73.99,0.0,100.0,0.0,0.0,100.0,0.0,0.0,32.79,9.74,5.19,0.27,0.68
943,62.63,0.0,100.0,0.0,0.0,100.0,0.0,0.0,45.58,8.98,5.33,0.36,0.53
944,69.63,0.0,100.0,0.0,0.0,100.0,0.0,0.0,65.33,12.02,4.65,0.28,0.56
945,73.06,0.0,100.0,0.0,0.0,100.0,0.0,0.0,33.47,1.77,8.32,0.27,0.59
946,46.97,0.09,91.0,9.0,0.0,91.0,0.0,0.0,54.81,6.23,5.48,0.38,0.64
947,63.93,0.0,100.0,0.0,0.0,100.0,0.0,0.0,61.23,1.97,7.45,0.34,0.66
948,69.45,0.0,100.0,0.0,0.0,100.0,0.0,0.0,46.66,3.0,7.59,0.31,0.84
949,77.51,0.0,100.0,0.0,0.0,100.0,0.0,0.0,55.49,2.99,9.09,0.25,0.61
950,54.89,0.0,100.0,0.0,0.0,100.0,0.0,0.0,50.57,11.23,5.44,0.45,0.54
951,67.2,0.04,96.0,4.0,0.0,96.0,0.0,0.0,46.18,1.59,6.91,0.35,0.75
952,56.87,0.0,100.0,0.0,0.0,100.0,0.0,0.0,59.67,13.13,3.74,0.45,0.48
953,52.54,0.0,100.0,0.0,0.0,100.0,0.0,0.0,62.61,12.59,4.62,0.47,0.56
954,67.3,0.0,100.0,0.0,0.0,100.0,0.0,0.0,62.73,6.11,5.83,0.31,0.49
955,51.24,0.0,100.0,0.0,0.0,100.0,0.0,0.0,57.02,12.44,4.03,0.48,0.48
956,66.89,0.0,100.0,0.0,0.0,100.0,0.0,0.0,41.65,8.12,5.28,0.32,0.5
957,57.74,0.0,100.0,0.0,0.0,100.0,0.0,0.0,62.75,13.02,4.17,0.42,0.53
958,69.93,0.0,100.0,0.0,0.0,100.0,0.0,0.0,49.05,4.52,7.25,0.28,0.55
959,70.59,0.0,100.0,0.0,0.0,100.0,0.0,0.0,58.88,12.13,4.22,0.29,0.55
960,66.42,0.0,100.0,0.0,0.0,100.0,0.0,0.0,55.15,6.57,6.02,0.34,0.55
961,46.06,0.1,90.0,10.0,0.0,90.0,0.0,0.0,40.14,9.95,4.39,0.36,0.41
962,48.58,0.03,97.0,3.0,0.0,97.0,0.0,0.0,73.69,6.16,6.91,0.44,0.42
963,73.13,0.0,100.0,0.0,0.0,100.0,0.0,0.0,59.57,8.64,7.04,0.28,0.42
964,74.55,0.0,100.0,0.0,0.0,100.0,0.0,0.0,42.14,8.55,6.87,0.29,0.37
965,50.51,0.0,100.0,0.0,0.0,100.0,0.0,0.0,61.87,11.91,5.12,0.5,0.37
966,69.08,0.0,100.0,0.0,0.0,100.0,0.0,0.0,31.3,11.96,4.21,0.32,0.37
967,71.24,0.0,100.0,0.0,0.0,100.0,0.0,0.0,52.81,3.1,7.45,0.29,0.38
968,72.17,0.0,100.0,0.0,0.0,100.0,0.0,0.0,37.69,8.47,6.45,0.31,0.34
969,70.63,0.0,100.0,0.0,0.0,100.0,0.0,0.0,41.02,4.58,6.68,0.28,0.34
970,49.78,0.0,100.0,0.0,0.0,100.0,0.0,0.0,69.72,14.74,3.12,0.47,0.33
971,62.97,0.0,100.0,0.0,0.0,100.0,0.0,0.0,55.5,11.43,3.69,0.36,0.34
972,72.87,0.0,100.0,0.0,0.0,100.0,0.0,0.0,39.15,2.08,8.29,0.26,0.37
973,87.4,0.0,100.0,0.0,0.0,100.0,0.0,0.0,44.16,1.92,8.47,0.11,0.38
974,56.34,0.0,100.0,0.0,0.0,100.0,0.0,0.0,62.11,12.26,4.6,0.45,0.34
975,49.17,0.0,100.0,0.0,0.0,100.0,0.0,0.0,70.32,12.51,3.95,0.5,0.34
976,68.18,0.0,100.0,0.0,0.0,100.0,0.0,0.0,44.02,11.07,3.82,0.31,0.35
977,67.25,0.0,100.0,0.0,0.0,100.0,0.0,0.0,40.32,9.46,5.88,0.33,0.33
978,69.12,0.08,92.0,8.0,0.0,92.0,0.0,0.0,36.64,2.4,7.01,0.33,0.34
979,64.54,0.0,100.0,0.0,0.0,100.0,0.0,0.0,55.71,9.25,6.58,0.32,0.38
980,66.63,0.0,100.0,0.0,0.0,100.0,0.0,0.0,35.08,5.03,6.21,0.35,0.33
981,52.63,0.0,100.0,0.0,0.0,100.0,0.0,0.0,49.0,6.42,6.18,0.48,0.34
982,68.03,0.0,100.0,0.0,0.0,100.0,0.0,0.0,51.7,7.21,5.12,0.32,0.35
983,68.78,0.0,100.0,0.0,0.0,100.0,0.0,0.0,38.96,4.46,7.12,0.34,0.33
984,70.45,0.0,100.0,0.0,0.0,100.0,0.0,0.0,65.31,5.09,7.77,0.29,0.35
985,57.16,0.05,95.0,5.0,0.0,95.0,0.0,0.0,65.66,8.99,5.94,0.35,0.37
986,51.0,0.06,94.0,6.0,0.0,94.0,0.0,0.0,60.5,5.44,5.37,0.4,0.33
987,67.4,0.0,100.0,0.0,0.0,100.0,0.0,0.0,33.51,10.36,4.38,0.33,0.33
988,65.94,0.0,100.0,0.0,0.0,100.0,0.0,0.0,60.55,7.3,4.82,0.34,0.43
989,67.22,0.0,100.0,0.0,0.0,100.0,0.0,0.0,47.94,6.27,5.64,0.34,0.33
990,77.32,0.0,100.0,0.0,0.0,100.0,0.0,0.0,63.43,1.7,7.43,0.19,0.35
991,56.08,0.0,100.0,0.0,0.0,100.0,0.0,0.0,62.31,14.8,3.17,0.44,0.35
992,49.38,0.0,100.0,0.0,0.0,100.0,0.0,0.0,55.91,12.94,3.55,0.5,0.33
993,68.91,0.0,100.0,0.0,0.0,100.0,0.0,0.0,71.62,11.36,3.87,0.34,0.42
994,85.63,0.0,100.0,0.0,0.0,100.0,0.0,0.0,59.96,1.55,7.6,0.12,0.36
995,70.76,0.0,100.0,0.0,0.0,100.0,0.0,0.0,53.16,6.52,5.6,0.3,0.34
996,49.97,0.0,100.0,0.0,0.0,100.0,0.0,0.0,77.78,12.47,4.7,0.49,0.33
997,66.15,0.0,100.0,0.0,0.0,100.0,0.0,0.0,46.4,10.62,5.16,0.34,0.56
998,48.32,0.0,100.0,0.0,0.0,100.0,0.0,0.0,39.63,7.44,5.46,0.53,0.44
999,47.1,0.0,100.0,0.0,0.0,100.0,0.0,0.0,54.18,7.66,4.94,0.55,0.37
1000,73.45,0.0,100.0,0.0,0.0,100.0,0.0,0.0,49.86,12.07,4.83,0.29,0.51
1001,45.54,0.0,100.0,0.0,0.0,100.0,0.0,0.0,56.09,13.71,3.68,0.56,0.46
1002,49.43,0.0,100.0,0.0,0.0,100.0,0.0,0.0,32.6,14.6,3.61,0.52,0.44
1003,71.66,0.0,100.0,0.0,0.0,100.0,0.0,0.0,53.68,3.0,8.55,0.27,0.55
1004,67.88,0.0,100.0,0.0,0.0,100.0,0.0,0.0,69.29,5.26,6.88,0.33,0.44
1005,53.36,0.0,100.0,0.0,0.0,100.0,0.0,0.0,57.92,14.46,3.18,0.47,0.46
1006,73.1,0.0,100.0,0.0,0.0,100.0,0.0,0.0,39.53,14.23,3.11,0.27,0.47
1007,56.34,0.0,100.0,0.0,0.0,100.0,0.0,0.0,37.6,12.47,3.84,0.45,0.42
1008,73.34,0.0,100.0,0.0,0.0,100.0,0.0,0.0,42.61,2.98,7.33,0.3,0.42
1009,52.17,0.0,100.0,0.0,0.0,100.0,0.0,0.0,57.36,11.89,5.29,0.47,0.4
1010,74.64,0.0,100.0,0.0,0.0,100.0,0.0,0.0,60.67,11.95,4.85,0.28,0.41
1011,65.48,0.0,100.0,0.0,0.0,100.0,0.0,0.0,53.9,9.41,5.58,0.37,0.44
1012,28.12,0.0,100.0,0.0,0.0,100.0,0.0,0.0,185.07,16.0,2.46,0.72,0.34
1013,52.1,0.0,100.0,0.0,0.0,100.0,0.0,0.0,53.46,12.3,4.41,0.47,0.42
1014,54.84,0.0,100.0,0.0,0.0,100.0,0.0,0.0,63.94,12.8,4.65,0.45,0.41
1015,71.31,0.0,100.0,0.0,0.0,100.0,0.0,0.0,40.31,9.15,6.04,0.3,0.4
1016,48.55,0.0,100.0,0.0,0.0,100.0,0.0,0.0,64.23,12.46,3.98,0.49,0.44
1017,50.24,0.0,100.0,0.0,0.0,100.0,0.0,0.0,61.8,12.82,4.44,0.51,0.41
1018,58.19,0.0,100.0,0.0,0.0,100.0,0.0,0.0,43.4,2.88,7.57,0.39,0.41
1019,74.28,0.0,100.0,0.0,0.0,100.0,0.0,0.0,41.11,8.16,6.57,0.27,0.41
1020,50.6,0.0,100.0,0.0,0.0,100.0,0.0,0.0,58.22,13.43,3.73,0.5,0.39
1021,66.61,0.0,100.0,0.0,0.0,100.0,0.0,0.0,30.52,10.22,5.27,0.31,0.41
1022,69.21,0.0,100.0,0.0,0.0,100.0,0.0,0.0,55.99,10.14,5.14,0.29,0.43
1023,59.17,0.0,100.0,0.0,0.0,100.0,0.0,0.0,52.96,3.27,7.31,0.41,0.44
1024,67.79,0.0,100.0,0.0,0.0,100.0,0.0,0.0,56.19,3.44,7.74,0.3,0.45
1025,67.22,0.0,100.0,0.0,0.0,100.0,0.0,0.0,80.73,10.04,4.86,0.32,0.43
1026,71.55,0.0,100.0,0.0,0.0,100.0,0.0,0.0,57.47,9.79,5.2,0.29,0.44
1027,48.52,0.0,100.0,0.0,0.0,100.0,0.0,0.0,59.46,13.7,3.45,0.52,0.39
1028,48.44,0.0,100.0,0.0,0.0,100.0,0.0,0.0,39.23,14.48,3.73,0.53,0.56
1029,70.11,0.04,96.0,4.0,0.0,96.0,0.0,0.0,27.14,2.08,6.96,0.33,0.44
1030,69.42,0.0,100.0,0.0,0.0,100.0,0.0,0.0,55.41,12.37,4.15,0.32,0.54
1031,52.14,0.0,100.0,0.0,0.0,100.0,0.0,0.0,73.71,6.5,6.58,0.48,0.46
1032,73.43,0.0,100.0,0.0,0.0,100.0,0.0,0.0,44.6,2.12,8.26,0.27,0.45
1033,65.83,0.0,100.0,0.0,0.0,100.0,0.0,0.0,30.34,8.83,6.23,0.33,0.49
1034,47.71,0.0,100.0,0.0,0.0,100.0,0.0,0.0,36.56,14.83,3.26,0.52,0.45
1035,53.85,0.0,100.0,0.0,0.0,100.0,0.0,0.0,35.14,11.41,5.9,0.46,0.44
1036,58.62,0.0,100.0,0.0,0.0,100.0,0.0,0.0,47.38,6.98,6.09,0.44,0.4
1037,72.19,0.0,100.0,0.0,0.0,100.0,0.0,0.0,49.1,1.98,7.83,0.29,0.48
1038,65.08,0.0,100.0,0.0,0.0,100.0,0.0,0.0,49.31,9.78,4.4,0.35,0.44
1039,67.78,0.0,100.0,0.0,0.0,100.0,0.0,0.0,47.03,10.31,5.18,0.3,0.38
1040,53.76,0.0,100.0,0.0,0.0,100.0,0.0,0.0,72.08,5.96,6.26,0.46,0.38
1041,55.06,0.0,100.0,0.0,0.0,100.0,0.0,0.0,47.83,11.65,5.32,0.45,0.42
1042,70.73,0.0,100.0,0.0,0.0,100.0,0.0,0.0,36.39,9.1,6.67,0.3,0.4
1043,86.57,0.0,100.0,0.0,0.0,100.0,0.0,0.0,57.2,2.61,8.2,0.13,0.38
1044,72.85,0.0,100.0,0.0,0.0,100.0,0.0,0.0,33.19,2.59,7.82,0.26,0.36
1045,59.11,0.0,100.0,0.0,0.0,100.0,0.0,0.0,50.12,10.79,5.35,0.43,0.41
1046,68.86,0.0,100.0,0.0,0.0,100.0,0.0,0.0,41.48,2.2,8.76,0.28,0.53
1047,65.55,0.0,100.0,0.0,0.0,100.0,0.0,0.0,48.52,10.75,4.58,0.34,0.43
1048,64.21,0.0,100.0,0.0,0.0,100.0,0.0,0.0,52.35,8.31,6.14,0.34,0.55
1049,47.61,0.09,91.0,9.0,0.0,91.0,0.0,0.0,52.26,8.54,4.89,0.36,0.4
1050,49.59,0.09,91.0,9.0,0.0,91.0,0.0,0.0,33.74,8.28,4.04,0.36,0.45
1051,51.54,0.08,92.0,8.0,0.0,92.0,0.0,0.0,47.98,6.14,5.28,0.35,0.43
1052,67.59,0.0,100.0,0.0,0.0,100.0,0.0,0.0,54.16,6.12,5.87,0.32,0.44
1053,68.01,0.0,100.0,0.0,0.0,100.0,0.0,0.0,58.06,4.75,6.69,0.31,0.42
1054,52.45,0.0,100.0,0.0,0.0,100.0,0.0,0.0,61.91,12.42,4.62,0.46,0.37
1055,68.25,0.0,100.0,0.0,0.0,100.0,0.0,0.0,43.02,8.89,6.27,0.32,0.42
1056,28.12,0.0,100.0,0.0,0.0,100.0,0.0,0.0,211.51,15.5,2.48,0.72,0.41
1057,69.09,0.0,100.0,0.0,0.0,100.0,0.0,0.0,47.87,11.65,4.45,0.3,0.36
1058,68.08,0.0,100.0,0.0,0.0,100.0,0.0,0.0,49.76,2.39,7.54,0.33,0.37
1059,56.03,0.0,100.0,0.0,0.0,100.0,0.0,0.0,32.67,12.22,4.5,0.45,0.36
1060,28.12,0.0,100.0,0.0,0.0,100.0,0.0,0.0,287.76,16.0,2.6,0.72,0.31
1061,56.09,0.51,49.0,51.0,0.0,49.0,0.0,0.0,90.8,2.12,7.16,0.23,0.3
1062,47.5,0.0,100.0,0.0,0.0,100.0,0.0,0.0,26.68,13.46,3.49,0.53,0.38
1063,67.28,0.0,100.0,0.0,0.0,100.0,0.0,0.0,54.8,10.41,5.32,0.31,0.36
1064,64.84,0.0,100.0,0.0,0.0,100.0,0.0,0.0,61.15,12.96,3.91,0.32,0.36
1065,53.91,0.0,100.0,0.0,0.0,100.0,0.0,0.0,41.96,5.97,6.74,0.46,0.36
1066,52.75,0.0,100.0,0.0,0.0,100.0,0.0,0.0,76.36,13.64,4.31,0.48,0.37
1067,50.18,0.0,100.0,0.0,0.0,100.0,0.0,0.0,56.83,12.84,3.7,0.51,0.38
1068,58.22,0.0,100.0,0.0,0.0,100.0,0.0,0.0,58.99,13.73,3.98,0.42,0.41
1069,52.94,0.0,100.0,0.0,0.0,100.0,0.0,0.0,46.29,14.55,2.78,0.47,0.41
1070,55.01,0.0,100.0,0.0,0.0,100.0,0.0,0.0,80.58,14.07,3.53,0.45,0.4
1071,66.83,0.0,100.0,0.0,0.0,100.0,0.0,0.0,52.99,5.26,7.26,0.31,0.39
1072,69.21,0.0,100.0,0.0,0.0,100.0,0.0,0.0,62.06,5.51,6.79,0.31,0.38
1073,69.53,0.0,100.0,0.0,0.0,100.0,0.0,0.0,54.01,12.83,3.67,0.3,0.42
1074,53.11,0.0,100.0,0.0,0.0,100.0,0.0,0.0,32.68,7.07,5.72,0.47,0.37
1075,51.41,0.0,100.0,0.0,0.0,100.0,0.0,0.0,38.87,12.5,4.19,0.5,0.38
1076,52.24,0.0,100.0,0.0,0.0,100.0,0.0,0.0,52.55,13.58,4.14,0.46,0.4
1077,65.55,0.0,100.0,0.0,0.0,100.0,0.0,0.0,36.65,5.57,7.73,0.33,0.39
1078,51.58,0.0,100.0,0.0,0.0,100.0,0.0,0.0,84.75,13.78,4.13,0.49,0.4
1079,66.66,0.0,100.0,0.0,0.0,100.0,0.0,0.0,61.07,8.42,7.05,0.3,0.38
1080,74.21,0.0,100.0,0.0,0.0,100.0,0.0,0.0,40.52,2.93,8.56,0.26,0.38
1081,70.01,0.0,100.0,0.0,0.0,100.0,0.0,0.0,67.04,5.16,6.87,0.3,0.4
1082,49.0,0.0,100.0,0.0,0.0,100.0,0.0,0.0,51.04,7.17,5.19,0.51,0.38
1083,66.1,0.0,100.0,0.0,0.0,100.0,0.0,0.0,48.39,8.97,5.53,0.31,0.41
1084,46.53,0.0,100.0,0.0,0.0,100.0,0.0,0.0,57.29,7.43,5.67,0.53,0.4
1085,70.96,0.35,65.0,35.0,0.0,65.0,0.0,0.0,48.69,1.7,6.76,0.26,0.33
1086,48.02,0.0,100.0,0.0,0.0,100.0,0.0,0.0,36.45,13.46,3.42,0.53,0.39
1087,66.0,0.0,100.0,0.0,0.0,100.0,0.0,0.0,42.76,10.34,5.28,0.32,0.39
1088,50.76,0.0,100.0,0.0,0.0,100.0,0.0,0.0,58.16,13.6,3.77,0.48,0.37
1089,68.86,0.0,100.0,0.0,0.0,100.0,0.0,0.0,44.12,12.52,3.72,0.27,0.41
1090,69.87,0.0,100.0,0.0,0.0,100.0,0.0,0.0,38.63,13.03,3.58,0.33,0.38
1091,57.25,0.06,94.0,6.0,0.0,94.0,0.0,0.0,59.98,10.14,3.87,0.37,0.36
1092,57.28,0.0,100.0,0.0,0.0,100.0,0.0,0.0,29.75,7.59,5.77,0.44,0.38
1093,66.74,0.0,100.0,0.0,0.0,100.0,0.0,0.0,41.24,12.67,4.1,0.35,0.37
1094,73.03,0.0,100.0,0.0,0.0,100.0,0.0,0.0,68.16,6.41,5.96,0.3,0.38
1095,49.89,0.0,100.0,0.0,0.0,100.0,0.0,0.0,54.94,14.0,4.18,0.51,0.42
1096,65.1,0.0,100.0,0.0,0.0,100.0,0.0,0.0,64.1,4.82,6.97,0.32,0.38
1097,67.02,0.0,100.0,0.0,0.0,100.0,0.0,0.0,28.77,5.03,6.56,0.35,0.39
1098,68.56,0.0,100.0,0.0,0.0,100.0,0.0,0.0,52.43,1.48,6.66,0.31,0.51
1099,48.46,0.0,100.0,0.0,0.0,100.0,0.0,0.0,56.96,13.76,3.82,0.49,0.41
1100,51.71,0.0,100.0,0.0,0.0,100.0,0.0,0.0,58.36,12.52,4.6,0.48,0.42
1101,49.92,0.0,100.0,0.0,0.0,100.0,0.0,0.0,71.48,14.09,3.06,0.49,0.38
1102,54.45,0.0,100.0,0.0,0.0,100.0,0.0,0.0,68.48,14.44,3.3,0.46,0.37
1103,56.85,0.0,100.0,0.0,0.0,100.0,0.0,0.0,47.93,13.49,4.54,0.45,0.39
1104,54.46,0.0,100.0,0.0,0.0,100.0,0.0,0.0,56.73,11.39,5.47,0.46,0.36
1105,65.51,0.0,100.0,0.0,0.0,100.0,0.0,0.0,59.69,2.93,7.64,0.32,0.38
1106,51.58,0.0,100.0,0.0,0.0,100.0,0.0,0.0,72.81,12.73,3.66,0.49,0.33
1107,28.12,0.0,100.0,0.0,0.0,100.0,0.0,0.0,304.99,16.0,2.57,0.72,0.29
1108,61.32,0.0,100.0,0.0,0.0,100.0,0.0,0.0,73.79,13.51,3.78,0.35,0.34
1109,64.91,0.0,100.0,0.0,0.0,100.0,0.0,0.0,32.18,8.84,5.89,0.32,0.34
1110,52.65,0.0,100.0,0.0,0.0,100.0,0.0,0.0,73.23,5.9,5.74,0.45,0.36
1111,55.66,0.0,100.0,0.0,0.0,100.0,0.0,0.0,58.08,6.16,5.99,0.44,0.34
1112,65.59,0.0,100.0,0.0,0.0,100.0,0.0,0.0,23.68,8.86,4.57,0.39,0.36
1113,69.58,0.0,100.0,0.0,0.0,100.0,0.0,0.0,56.34,10.15,5.48,0.3,0.34
1114,67.24,0.0,100.0,0.0,0.0,100.0,0.0,0.0,50.51,12.36,4.33,0.32,0.37
1115,70.04,0.0,100.0,0.0,0.0,100.0,0.0,0.0,60.68,12.21,4.47,0.28,0.37
1116,68.37,0.0,100.0,0.0,0.0,100.0,0.0,0.0,19.87,2.77,8.14,0.29,0.38
1117,50.36,0.0,100.0,0.0,0.0,100.0,0.0,0.0,96.46,13.65,3.37,0.48,0.34
1118,72.25,0.0,100.0,0.0,0.0,100.0,0.0,0.0,43.45,11.43,5.08,0.28,0.39
1119,50.53,0.03,97.0,3.0,0.0,97.0,0.0,0.0,45.91,11.53,4.72,0.47,0.39
1120,70.61,0.0,100.0,0.0,0.0,100.0,0.0,0.0,39.94,4.69,5.64,0.32,0.4
1121,49.2,0.0,100.0,0.0,0.0,100.0,0.0,0.0,49.77,11.85,5.69,0.48,0.35
1122,51.92,0.0,100.0,0.0,0.0,100.0,0.0,0.0,33.24,13.58,3.83,0.47,0.4
1123,55.48,0.0,100.0,0.0,0.0,100.0,0.0,0.0,43.41,12.44,4.06,0.46,0.42
1124,53.4,0.0,100.0,0.0,0.0,100.0,0.0,0.0,47.84,11.65,5.43,0.44,0.43
1125,51.2,0.0,100.0,0.0,0.0,100.0,0.0,0.0,39.64,7.62,5.0,0.51,0.44
1126,68.74,0.0,100.0,0.0,0.0,100.0,0.0,0.0,50.07,8.37,6.04,0.33,0.45
1127,55.64,0.0,100.0,0.0,0.0,100.0,0.0,0.0,23.32,12.7,3.93,0.48,0.4
1128,73.83,0.0,100.0,0.0,0.0,100.0,0.0,0.0,40.77,11.6,4.95,0.3,0.55
1129,67.88,0.0,100.0,0.0,0.0,100.0,0.0,0.0,48.42,5.28,5.99,0.34,0.47
1130,53.34,0.0,100.0,0.0,0.0,100.0,0.0,0.0,31.43,12.43,3.97,0.47,0.42
1131,71.49,0.0,100.0,0.0,0.0,100.0,0.0,0.0,66.56,8.62,6.76,0.28,0.44
1132,68.95,0.0,100.0,0.0,0.0,100.0,0.0,0.0,49.07,10.47,4.83,0.32,0.44
1133,47.93,0.0,100.0,0.0,0.0,100.0,0.0,0.0,62.93,7.0,4.86,0.49,0.5
1134,54.89,0.05,95.0,5.0,0.0,95.0,0.0,0.0,73.56,4.75,6.61,0.37,0.54
1135,54.14,0.0,100.0,0.0,0.0,100.0,0.0,0.0,76.68,6.38,5.53,0.48,0.45
1136,53.69,0.0,100.0,0.0,0.0,100.0,0.0,0.0,51.26,6.5,6.05,0.46,0.52
1137,55.91,0.0,100.0,0.0,0.0,100.0,0.0,0.0,41.78,12.88,4.18,0.46,0.54
1138,64.49,0.0,100.0,0.0,0.0,100.0,0.0,0.0,41.44,10.77,5.04,0.37,0.47
1139,47.58,0.0,100.0,0.0,0.0,100.0,0.0,0.0,27.14,13.62,3.8,0.53,0.44
1140,53.59,0.0,100.0,0.0,0.0,100.0,0.0,0.0,46.4,12.07,4.33,0.46,0.43
1141,57.17,0.0,100.0,0.0,0.0,100.0,0.0,0.0,29.82,12.46,4.39,0.47,0.41
1142,73.73,0.0,100.0,0.0,0.0,100.0,0.0,0.0,63.98,8.1,6.63,0.27,0.44
1143,55.95,0.0,100.0,0.0,0.0,100.0,0.0,0.0,42.46,11.79,5.41,0.46,0.41
1144,50.51,0.0,100.0,0.0,0.0,100.0,0.0,0.0,62.68,7.1,5.25,0.49,0.4
1145,35.94,0.14,86.0,14.0,0.0,86.0,0.0,0.0,47.37,8.64,5.76,0.37,0.39
1146,61.19,0.0,100.0,0.0,0.0,100.0,0.0,0.0,37.52,12.55,3.71,0.37,0.42
1147,59.59,0.0,100.0,0.0,0.0,100.0,0.0,0.0,46.89,6.21,7.22,0.42,0.48
1148,54.44,0.0,100.0,0.0,0.0,100.0,0.0,0.0,48.26,12.52,3.89,0.45,0.45
1149,54.36,0.0,100.0,0.0,0.0,100.0,0.0,0.0,77.95,11.61,4.89,0.45,0.54
1150,66.3,0.0,100.0,0.0,0.0,100.0,0.0,0.0,36.5,9.03,6.12,0.36,0.55
1151,50.48,0.0,100.0,0.0,0.0,100.0,0.0,0.0,50.6,7.19,5.61,0.48,0.49
1152,51.24,0.0,100.0,0.0,0.0,100.0,0.0,0.0,58.15,12.66,4.09,0.48,0.46
1153,67.96,0.0,100.0,0.0,0.0,100.0,0.0,0.0,64.71,5.7,6.82,0.35,0.5
1154,73.72,0.0,100.0,0.0,0.0,100.0,0.0,0.0,46.05,8.51,6.55,0.27,0.69
1155,69.73,0.0,100.0,0.0,0.0,100.0,0.0,0.0,52.53,12.22,4.67,0.33,0.56
1156,79.24,0.0,100.0,0.0,0.0,100.0,0.0,0.0,39.82,2.02,7.58,0.21,0.58
1157,50.58,0.0,100.0,0.0,0.0,100.0,0.0,0.0,48.99,7.44,5.08,0.49,0.6
1158,68.66,0.0,100.0,0.0,0.0,100.0,0.0,0.0,30.5,4.69,7.08,0.32,0.53
1159,53.05,0.0,100.0,0.0,0.0,100.0,0.0,0.0,53.33,6.26,6.13,0.46,0.66
1160,71.39,0.0,100.0,0.0,0.0,100.0,0.0,0.0,40.52,2.46,8.68,0.3,0.52
1161,57.57,0.0,100.0,0.0,0.0,100.0,0.0,0.0,49.06,6.17,6.51,0.44,0.49
1162,69.26,0.0,100.0,0.0,0.0,100.0,0.0,0.0,42.21,8.99,6.4,0.32,0.47
1163,62.42,0.0,100.0,0.0,0.0,100.0,0.0,0.0,33.34,11.18,4.64,0.38,0.44
1164,68.59,0.0,100.0,0.0,0.0,100.0,0.0,0.0,43.19,2.23,8.77,0.28,0.47
1165,73.11,0.0,100.0,0.0,0.0,100.0,0.0,0.0,48.05,4.89,6.98,0.29,0.48
1166,54.84,0.0,100.0,0.0,0.0,100.0,0.0,0.0,40.29,7.42,5.02,0.46,0.44
1167,64.7,0.0,100.0,0.0,0.0,100.0,0.0,0.0,40.3,4.58,6.58,0.35,0.38
1168,67.59,0.0,100.0,0.0,0.0,100.0,0.0,0.0,40.86,4.91,6.47,0.33,0.36
1169,53.49,0.0,100.0,0.0,0.0,100.0,0.0,0.0,65.01,6.39,6.78,0.45,0.34
1170,52.59,0.0,100.0,0.0,0.0,100.0,0.0,0.0,29.0,12.76,3.75,0.46,0.34
1171,69.71,0.0,100.0,0.0,0.0,100.0,0.0,0.0,31.75,6.42,6.14,0.31,0.34
1172,65.59,0.0,100.0,0.0,0.0,100.0,0.0,0.0,37.82,8.36,5.89,0.35,0.33
1173,46.33,0.05,95.0,5.0,0.0,95.0,0.0,0.0,62.96,5.95,5.73,0.47,0.34
1174,67.4,0.0,100.0,0.0,0.0,100.0,0.0,0.0,29.97,10.01,4.63,0.32,0.35
1175,56.14,0.0,100.0,0.0,0.0,100.0,0.0,0.0,45.37,14.18,3.5,0.47,0.33
1176,55.11,0.0,100.0,0.0,0.0,100.0,0.0,0.0,78.95,12.13,4.73,0.45,0.33
1177,66.26,0.0,100.0,0.0,0.0,100.0,0.0,0.0,26.07,3.15,8.25,0.31,0.34
1178,51.72,0.0,100.0,0.0,0.0,100.0,0.0,0.0,48.23,11.66,5.26,0.47,0.42
1179,71.0,0.08,92.0,8.0,0.0,92.0,0.0,0.0,60.68,1.8,7.4,0.32,0.35
1180,54.66,0.0,100.0,0.0,0.0,100.0,0.0,0.0,55.53,6.99,5.9,0.46,0.46
1181,72.05,0.0,100.0,0.0,0.0,100.0,0.0,0.0,57.55,8.59,6.07,0.3,0.37
1182,67.89,0.0,100.0,0.0,0.0,100.0,0.0,0.0,43.7,9.0,6.64,0.33,0.37
1183,54.88,0.0,100.0,0.0,0.0,100.0,0.0,0.0,43.3,6.97,6.18,0.45,0.35
1184,69.27,0.0,100.0,0.0,0.0,100.0,0.0,0.0,58.35,9.77,5.27,0.29,0.37
1185,51.98,0.0,100.0,0.0,0.0,100.0,0.0,0.0,47.44,6.31,6.32,0.48,0.39
1186,65.47,0.0,100.0,0.0,0.0,100.0,0.0,0.0,45.84,11.92,3.74,0.36,0.43
1187,62.01,0.0,100.0,0.0,0.0,100.0,0.0,0.0,76.18,10.1,3.72,0.36,0.42
1188,60.87,0.0,100.0,0.0,0.0,100.0,0.0,0.0,25.46,5.37,6.57,0.4,0.41
1189,54.63,0.0,100.0,0.0,0.0,100.0,0.0,0.0,60.88,13.83,3.26,0.44,0.38
1190,54.91,0.0,100.0,0.0,0.0,100.0,0.0,0.0,28.81,13.44,4.05,0.45,0.38
1191,64.53,0.0,100.0,0.0,0.0,100.0,0.0,0.0,34.01,11.15,4.02,0.32,0.42
1192,50.79,0.0,100.0,0.0,0.0,100.0,0.0,0.0,59.44,6.36,6.26,0.49,0.4
1193,41.42,0.05,95.0,5.0,0.0,95.0,0.0,0.0,31.07,12.12,4.98,0.5,0.4
1194,75.01,0.0,100.0,0.0,0.0,100.0,0.0,0.0,12.63,2.91,8.72,0.3,0.4
1195,71.28,0.0,100.0,0.0,0.0,100.0,0.0,0.0,32.6,5.53,8.54,0.31,0.43
1196,70.24,0.0,100.0,0.0,0.0,100.0,0.0,0.0,50.99,10.44,5.37,0.32,0.43
1197,66.58,0.0,100.0,0.0,0.0,100.0,0.0,0.0,50.93,4.74,6.8,0.37,0.4
1198,67.96,0.0,100.0,0.0,0.0,100.0,0.0,0.0,59.21,2.63,8.64,0.28,0.45
1199,66.66,0.0,100.0,0.0,0.0,100.0,0.0,0.0,49.55,1.84,7.07,0.34,0.41
1200,52.79,0.0,100.0,0.0,0.0,100.0,0.0,0.0,42.5,13.85,3.79,0.49,0.39
1201,67.38,0.0,100.0,0.0,0.0,100.0,0.0,0.0,43.4,1.76,6.98,0.3,0.47
1202,70.66,0.0,100.0,0.0,0.0,100.0,0.0,0.0,42.01,11.69,4.3,0.28,0.4
1203,50.54,0.06,94.0,6.0,0.0,94.0,0.0,0.0,48.95,5.29,7.29,0.38,0.41
1204,75.62,0.0,100.0,0.0,0.0,100.0,0.0,0.0,35.52,8.6,6.86,0.29,0.59
1205,49.89,0.0,100.0,0.0,0.0,100.0,0.0,0.0,30.31,14.38,3.56,0.52,0.5
1206,80.8,0.0,100.0,0.0,0.0,100.0,0.0,0.0,30.5,2.44,7.43,0.19,0.45
1207,62.85,0.01,99.0,1.0,0.0,99.0,0.0,0.0,72.34,9.4,5.36,0.37,0.63
1208,52.05,0.0,100.0,0.0,0.0,100.0,0.0,0.0,41.68,12.51,4.35,0.49,0.52
1209,56.77,0.0,100.0,0.0,0.0,100.0,0.0,0.0,63.39,13.39,3.71,0.45,0.47
1210,87.89,0.0,100.0,0.0,0.0,100.0,0.0,0.0,40.18,1.61,8.59,0.11,0.66
1211,53.38,0.0,100.0,0.0,0.0,100.0,0.0,0.0,58.44,7.62,5.22,0.46,0.6
1212,63.14,0.0,100.0,0.0,0.0,100.0,0.0,0.0,28.1,8.33,4.87,0.36,0.63
1213,63.52,0.0,100.0,0.0,0.0,100.0,0.0,0.0,48.14,12.16,4.05,0.33,0.58
1214,51.51,0.0,100.0,0.0,0.0,100.0,0.0,0.0,64.71,13.74,3.89,0.49,0.61
1215,53.44,0.0,100.0,0.0,0.0,100.0,0.0,0.0,36.5,12.1,4.72,0.47,0.48
1216,72.3,0.0,100.0,0.0,0.0,100.0,0.0,0.0,49.69,2.14,8.79,0.27,0.72
1217,47.59,0.0,100.0,0.0,0.0,100.0,0.0,0.0,30.12,13.44,4.01,0.53,0.56
1218,54.41,0.0,100.0,0.0,0.0,100.0,0.0,0.0,44.87,12.47,4.18,0.47,0.45
1219,65.93,0.0,100.0,0.0,0.0,100.0,0.0,0.0,48.02,8.39,5.99,0.32,0.43
1220,68.52,0.0,100.0,0.0,0.0,100.0,0.0,0.0,65.49,10.36,4.92,0.34,0.45
1221,69.53,0.0,100.0,0.0,0.0,100.0,0.0,0.0,48.79,12.22,4.69,0.29,0.83
1222,53.26,0.0,100.0,0.0,0.0,100.0,0.0,0.0,79.55,12.62,4.87,0.48,0.65
1223,70.76,0.0,100.0,0.0,0.0,100.0,0.0,0.0,38.31,8.84,7.31,0.31,0.51
1224,66.2,0.0,100.0,0.0,0.0,100.0,0.0,0.0,56.13,9.31,5.98,0.35,0.45
1225,54.31,0.0,100.0,0.0,0.0,100.0,0.0,0.0,54.77,12.44,4.93,0.47,0.42
1226,67.3,0.0,100.0,0.0,0.0,100.0,0.0,0.0,27.6,4.75,6.92,0.32,0.4
1227,46.52,0.0,100.0,0.0,0.0,100.0,0.0,0.0,82.47,13.12,4.69,0.52,0.41
1228,54.74,0.0,100.0,0.0,0.0,100.0,0.0,0.0,78.96,12.11,4.84,0.45,0.38
1229,28.12,0.0,100.0,0.0,0.0,100.0,0.0,0.0,300.14,16.0,2.34,0.72,0.34
1230,49.08,0.0,100.0,0.0,0.0,100.0,0.0,0.0,51.37,14.38,3.66,0.52,0.39
1231,85.53,0.04,96.0,4.0,0.0,96.0,0.0,0.0,22.13,0.58,5.02,0.19,0.4
1232,69.75,0.0,100.0,0.0,0.0,100.0,0.0,0.0,42.17,10.29,5.34,0.32,0.33
1233,54.52,0.0,100.0,0.0,0.0,100.0,0.0,0.0,74.03,12.09,4.25,0.45,0.33
1234,67.9,0.0,100.0,0.0,0.0,100.0,0.0,0.0,44.24,14.19,3.02,0.31,0.35
1235,69.15,0.0,100.0,0.0,0.0,100.0,0.0,0.0,41.47,10.25,5.16,0.34,0.41
1236,28.12,0.0,100.0,0.0,0.0,100.0,0.0,0.0,353.35,16.0,2.25,0.72,0.6
1237,49.22,0.09,91.0,9.0,0.0,91.0,0.0,0.0,58.17,10.12,4.71,0.36,0.81
1238,66.02,0.0,100.0,0.0,0.0,100.0,0.0,0.0,54.79,4.77,7.31,0.34,0.72
1239,74.06,0.0,100.0,0.0,0.0,100.0,0.0,0.0,39.94,4.54,6.89,0.28,0.51
1240,63.58,0.0,100.0,0.0,0.0,100.0,0.0,0.0,35.81,6.61,5.61,0.35,0.59
1241,65.65,0.0,100.0,0.0,0.0,100.0,0.0,0.0,67.39,10.17,5.67,0.34,0.51
1242,70.98,0.0,100.0,0.0,0.0,100.0,0.0,0.0,27.73,9.77,4.8,0.3,0.4
1243,72.42,0.0,100.0,0.0,0.0,100.0,0.0,0.0,45.6,4.49,7.05,0.27,0.32
1244,54.42,0.0,100.0,0.0,0.0,100.0,0.0,0.0,69.55,7.62,5.29,0.46,0.32
1245,63.86,0.0,100.0,0.0,0.0,100.0,0.0,0.0,53.64,9.0,5.16,0.35,0.36
1246,47.81,0.0,100.0,0.0,0.0,100.0,0.0,0.0,57.69,13.46,4.54,0.53,0.32
1247,69.44,0.0,100.0,0.0,0.0,100.0,0.0,0.0,51.09,8.92,6.25,0.31,0.34
1248,65.68,0.0,100.0,0.0,0.0,100.0,0.0,0.0,64.38,4.86,7.73,0.34,0.33
1249,68.05,0.0,100.0,0.0,0.0,100.0,0.0,0.0,44.87,1.08,6.21,0.26,0.31
1250,63.82,0.0,100.0,0.0,0.0,100.0,0.0,0.0,51.9,10.18,4.77,0.37,0.32
1251,65.04,0.0,100.0,0.0,0.0,100.0,0.0,0.0,60.74,8.38,5.51,0.33,0.42
1252,51.0,0.0,100.0,0.0,0.0,100.0,0.0,0.0,75.41,13.63,4.11,0.48,0.34
1253,65.14,0.0,100.0,0.0,0.0,100.0,0.0,0.0,48.43,5.33,6.56,0.33,0.36
1254,55.11,0.0,100.0,0.0,0.0,100.0,0.0,0.0,42.15,6.37,6.82,0.46,0.37
1255,69.01,0.0,100.0,0.0,0.0,100.0,0.0,0.0,56.26,9.11,6.36,0.31,0.37
1256,51.82,0.0,100.0,0.0,0.0,100.0,0.0,0.0,65.61,6.32,6.09,0.47,0.37
1257,48.6,0.0,100.0,0.0,0.0,100.0,0.0,0.0,38.94,6.99,6.28,0.51,0.41
1258,54.5,0.0,100.0,0.0,0.0,100.0,0.0,0.0,59.34,12.4,5.41,0.46,0.4
1259,64.65,0.0,100.0,0.0,0.0,100.0,0.0,0.0,29.57,12.53,3.92,0.35,0.49
1260,68.52,0.0,100.0,0.0,0.0,100.0,0.0,0.0,45.65,13.06,3.68,0.33,0.36
1261,78.83,0.0,100.0,0.0,0.0,100.0,0.0,0.0,20.61,2.56,7.94,0.19,0.37
1262,74.12,0.0,100.0,0.0,0.0,100.0,0.0,0.0,47.17,11.69,4.53,0.26,0.4
1263,66.58,0.0,100.0,0.0,0.0,100.0,0.0,0.0,37.63,8.65,6.42,0.33,0.38
1264,53.78,0.05,95.0,5.0,0.0,95.0,0.0,0.0,68.78,6.27,5.3,0.39,0.37
1265,71.55,0.0,100.0,0.0,0.0,100.0,0.0,0.0,27.4,12.96,3.85,0.32,0.39
1266,59.77,0.03,97.0,3.0,0.0,97.0,0.0,0.0,48.32,9.12,4.92,0.36,0.43
1267,72.8,0.0,100.0,0.0,0.0,100.0,0.0,0.0,33.72,9.27,6.18,0.3,0.4
1268,55.7,0.0,100.0,0.0,0.0,100.0,0.0,0.0,57.28,6.35,6.57,0.46,0.44
1269,50.41,0.08,92.0,8.0,0.0,92.0,0.0,0.0,15.01,9.37,6.05,0.38,0.42
1270,44.08,0.0,100.0,0.0,0.0,100.0,0.0,0.0,93.16,13.46,3.95,0.53,0.38
1271,67.38,0.0,100.0,0.0,0.0,100.0,0.0,0.0,46.49,5.29,8.07,0.33,0.4
1272,72.31,0.0,100.0,0.0,0.0,100.0,0.0,0.0,40.75,9.66,5.64,0.26,0.42
1273,50.42,0.0,100.0,0.0,0.0,100.0,0.0,0.0,75.61,12.52,4.06,0.5,0.44
1274,53.16,0.0,100.0,0.0,0.0,100.0,0.0,0.0,36.48,7.39,4.55,0.49,0.39
1275,64.34,0.0,100.0,0.0,0.0,100.0,0.0,0.0,59.51,8.85,6.21,0.36,0.43
1276,51.37,0.0,100.0,0.0,0.0,100.0,0.0,0.0,34.12,13.94,3.35,0.48,0.41
1277,56.96,0.0,100.0,0.0,0.0,100.0,0.0,0.0,56.67,13.39,4.23,0.44,0.45
1278,54.05,0.0,100.0,0.0,0.0,100.0,0.0,0.0,56.13,11.72,5.64,0.46,0.49
1279,28.12,0.0,100.0,0.0,0.0,100.0,0.0,0.0,293.61,15.5,2.66,0.72,0.34
1280,65.69,0.0,100.0,0.0,0.0,100.0,0.0,0.0,57.83,10.65,4.67,0.34,0.41
1281,57.12,0.0,100.0,0.0,0.0,100.0,0.0,0.0,48.58,12.01,4.91,0.44,0.4
1282,55.48,0.04,96.0,4.0,0.0,96.0,0.0,0.0,51.98,9.11,3.94,0.39,0.41
1283,69.28,0.0,100.0,0.0,0.0,100.0,0.0,0.0,65.71,4.94,6.66,0.33,0.46
1284,50.88,0.0,100.0,0.0,0.0,100.0,0.0,0.0,86.37,11.88,5.0,0.49,0.54
1285,56.43,0.0,100.0,0.0,0.0,100.0,0.0,0.0,45.68,12.34,4.13,0.44,0.39
1286,67.62,0.0,100.0,0.0,0.0,100.0,0.0,0.0,29.69,2.31,8.1,0.3,0.41
1287,28.12,0.0,100.0,0.0,0.0,100.0,0.0,0.0,424.23,16.0,2.47,0.72,0.36
1288,58.89,0.04,96.0,4.0,0.0,96.0,0.0,0.0,44.13,8.44,5.43,0.33,0.45
1289,57.52,0.05,95.0,5.0,0.0,95.0,0.0,0.0,35.52,8.63,4.34,0.37,0.39
1290,69.86,0.0,100.0,0.0,0.0,100.0,0.0,0.0,38.4,5.16,7.0,0.32,0.41
1291,76.11,0.02,98.0,2.0,0.0,98.0,0.0,0.0,49.02,1.04,7.32,0.22,0.42
1292,70.82,0.0,100.0,0.0,0.0,100.0,0.0,0.0,36.53,5.02,7.31,0.27,0.41
1293,62.17,0.0,100.0,0.0,0.0,100.0,0.0,0.0,42.99,9.91,5.4,0.38,0.45
1294,78.86,0.0,100.0,0.0,0.0,100.0,0.0,0.0,56.38,9.46,5.58,0.24,0.41
1295,66.25,0.0,100.0,0.0,0.0,100.0,0.0,0.0,52.73,14.33,2.88,0.32,0.4
1296,69.44,0.0,100.0,0.0,0.0,100.0,0.0,0.0,45.6,10.18,5.25,0.3,0.41
1297,61.14,0.0,100.0,0.0,0.0,100.0,0.0,0.0,33.31,11.38,3.41,0.35,0.42
1298,43.94,0.0,100.0,0.0,0.0,100.0,0.0,0.0,61.89,13.49,3.93,0.54,0.44
1299,56.63,0.0,100.0,0.0,0.0,100.0,0.0,0.0,44.25,12.26,4.68,0.45,0.39
1300,67.29,0.0,100.0,0.0,0.0,100.0,0.0,0.0,44.51,12.12,4.39,0.33,0.37
1301,78.24,0.0,100.0,0.0,0.0,100.0,0.0,0.0,35.77,2.94,9.35,0.24,0.37
1302,65.54,0.0,100.0,0.0,0.0,100.0,0.0,0.0,37.1,8.8,6.8,0.33,0.37
1303,79.18,0.0,100.0,0.0,0.0,100.0,0.0,0.0,39.4,2.05,7.86,0.2,0.37
1304,87.93,0.0,100.0,0.0,0.0,100.0,0.0,0.0,36.38,1.91,8.78,0.11,0.42
1305,53.86,0.0,100.0,0.0,0.0,100.0,0.0,0.0,37.27,11.88,5.09,0.49,0.36
1306,65.41,0.0,100.0,0.0,0.0,100.0,0.0,0.0,62.44,2.94,8.65,0.3,0.36
1307,69.14,0.0,100.0,0.0,0.0,100.0,0.0,0.0,51.23,9.43,6.72,0.32,0.37
1308,53.12,0.0,100.0,0.0,0.0,100.0,0.0,0.0,60.76,12.65,3.91,0.45,0.35
1309,64.1,0.0,100.0,0.0,0.0,100.0,0.0,0.0,49.97,5.21,7.22,0.35,0.37
1310,66.64,0.0,100.0,0.0,0.0,100.0,0.0,0.0,44.63,6.56,6.14,0.33,0.36
1311,54.06,0.0,100.0,0.0,0.0,100.0,0.0,0.0,43.24,11.65,5.41,0.47,0.35
1312,55.9,0.0,100.0,0.0,0.0,100.0,0.0,0.0,46.87,12.4,3.85,0.46,0.37
1313,68.81,0.0,100.0,0.0,0.0,100.0,0.0,0.0,40.87,8.32,6.57,0.31,0.33
1314,66.63,0.0,100.0,0.0,0.0,100.0,0.0,0.0,41.47,12.82,3.39,0.32,0.36
1315,63.31,0.0,100.0,0.0,0.0,100.0,0.0,0.0,46.36,10.28,4.31,0.38,0.38
1316,67.97,0.0,100.0,0.0,0.0,100.0,0.0,0.0,30.14,2.54,8.64,0.31,0.38
1317,48.34,0.11,89.0,11.0,0.0,89.0,0.0,0.0,51.61,12.01,3.6,0.37,0.4
1318,68.29,0.0,100.0,0.0,0.0,100.0,0.0,0.0,58.04,4.99,7.39,0.29,0.41
1319,74.12,0.0,100.0,0.0,0.0,100.0,0.0,0.0,31.23,5.2,7.97,0.24,0.43
1320,64.62,0.0,100.0,0.0,0.0,100.0,0.0,0.0,32.97,10.33,5.48,0.34,0.42
1321,65.14,0.0,100.0,0.0,0.0,100.0,0.0,0.0,24.91,11.23,4.28,0.34,0.42
1322,47.38,0.0,100.0,0.0,0.0,100.0,0.0,0.0,61.98,13.9,3.62,0.54,0.42
1323,74.28,0.0,100.0,0.0,0.0,100.0,0.0,0.0,33.13,2.11,8.94,0.27,0.41
1324,63.81,0.0,100.0,0.0,0.0,100.0,0.0,0.0,36.54,5.01,6.29,0.35,0.41
1325,61.83,0.0,100.0,0.0,0.0,100.0,0.0,0.0,59.2,9.74,6.11,0.36,0.39
1326,47.33,0.0,100.0,0.0,0.0,100.0,0.0,0.0,79.55,14.74,2.79,0.54,0.42
1327,66.4,0.0,100.0,0.0,0.0,100.0,0.0,0.0,38.5,9.19,6.58,0.35,0.39
1328,53.37,0.0,100.0,0.0,0.0,100.0,0.0,0.0,82.47,7.13,5.4,0.47,0.41
1329,53.43,0.0,100.0,0.0,0.0,100.0,0.0,0.0,41.75,7.02,5.16,0.46,0.4
1330,63.6,0.0,100.0,0.0,0.0,100.0,0.0,0.0,67.43,6.69,6.14,0.34,0.39
1331,76.52,0.0,100.0,0.0,0.0,100.0,0.0,0.0,55.73,3.31,8.2,0.25,0.46
1332,78.9,0.0,100.0,0.0,0.0,100.0,0.0,0.0,64.26,1.9,7.75,0.19,0.41
1333,65.36,0.0,100.0,0.0,0.0,100.0,0.0,0.0,80.17,5.42,7.42,0.34,0.39
1334,65.63,0.0,100.0,0.0,0.0,100.0,0.0,0.0,79.07,10.57,5.3,0.34,0.41
1335,70.39,0.0,100.0,0.0,0.0,100.0,0.0,0.0,38.17,9.82,5.39,0.3,0.4
1336,69.3,0.0,100.0,0.0,0.0,100.0,0.0,0.0,45.6,6.17,5.85,0.31,0.44
1337,73.2,0.0,100.0,0.0,0.0,100.0,0.0,0.0,69.15,2.62,8.14,0.31,0.42
1338,67.04,0.34,66.0,34.0,0.0,66.0,0.0,0.0,54.99,2.06,7.35,0.17,0.33
1339,49.6,0.07,93.0,7.0,0.0,93.0,0.0,0.0,60.26,4.76,6.55,0.37,0.38
1340,50.27,0.0,100.0,0.0,0.0,100.0,0.0,0.0,56.05,14.27,2.86,0.49,0.4
1341,69.21,0.0,100.0,0.0,0.0,100.0,0.0,0.0,44.42,5.32,6.89,0.33,0.41
1342,48.54,0.09,91.0,9.0,0.0,91.0,0.0,0.0,39.62,8.76,4.92,0.38,0.42
1343,53.23,0.0,100.0,0.0,0.0,100.0,0.0,0.0,72.11,6.21,5.89,0.47,0.41
1344,52.14,0.0,100.0,0.0,0.0,100.0,0.0,0.0,52.96,12.45,4.73,0.48,0.41
1345,67.11,0.0,100.0,0.0,0.0,100.0,0.0,0.0,54.41,6.28,5.85,0.33,0.42
1346,49.36,0.0,100.0,0.0,0.0,100.0,0.0,0.0,56.34,12.41,4.42,0.48,0.37
1347,52.13,0.0,100.0,0.0,0.0,100.0,0.0,0.0,38.24,11.81,5.29,0.46,0.42
1348,51.32,0.0,100.0,0.0,0.0,100.0,0.0,0.0,39.83,14.23,3.11,0.49,0.37
1349,67.01,0.0,100.0,0.0,0.0,100.0,0.0,0.0,43.24,6.29,5.73,0.33,0.4
1350,68.11,0.0,100.0,0.0,0.0,100.0,0.0,0.0,47.31,2.64,8.83,0.3,0.44
1351,53.39,0.0,100.0,0.0,0.0,100.0,0.0,0.0,44.25,13.02,4.11,0.47,0.47
1352,69.93,0.0,100.0,0.0,0.0,100.0,0.0,0.0,46.03,5.01,6.88,0.32,0.44
1353,28.12,0.0,100.0,0.0,0.0,100.0,0.0,0.0,287.34,16.0,2.55,0.72,0.36
1354,69.43,0.0,100.0,0.0,0.0,100.0,0.0,0.0,35.95,6.35,6.4,0.29,0.39
1355,68.58,0.0,100.0,0.0,0.0,100.0,0.0,0.0,40.25,5.49,7.05,0.31,0.43
1356,67.75,0.0,100.0,0.0,0.0,100.0,0.0,0.0,57.37,8.87,6.45,0.33,0.43
1357,52.18,0.0,100.0,0.0,0.0,100.0,0.0,0.0,63.99,12.79,3.57,0.49,0.4
1358,49.39,0.0,100.0,0.0,0.0,100.0,0.0,0.0,77.16,7.2,6.1,0.51,0.4
1359,50.77,0.0,100.0,0.0,0.0,100.0,0.0,0.0,39.0,12.73,3.6,0.5,0.5
1360,67.67,0.0,100.0,0.0,0.0,100.0,0.0,0.0,29.26,10.22,5.85,0.33,0.4
1361,54.9,0.0,100.0,0.0,0.0,100.0,0.0,0.0,72.71,6.15,6.16,0.44,0.43
1362,55.18,0.0,100.0,0.0,0.0,100.0,0.0,0.0,28.24,12.55,4.0,0.44,0.42
1363,53.46,0.0,100.0,0.0,0.0,100.0,0.0,0.0,29.01,14.2,3.15,0.47,0.39
1364,47.85,0.0,100.0,0.0,0.0,100.0,0.0,0.0,64.27,14.8,3.49,0.52,0.4
1365,52.95,0.0,100.0,0.0,0.0,100.0,0.0,0.0,35.28,6.23,6.81,0.45,0.42
1366,54.75,0.0,100.0,0.0,0.0,100.0,0.0,0.0,48.74,12.1,5.01,0.45,0.38
1367,49.6,0.0,100.0,0.0,0.0,100.0,0.0,0.0,60.62,12.33,4.44,0.48,0.43
1368,28.12,0.0,100.0,0.0,0.0,100.0,0.0,0.0,157.5,16.0,2.36,0.72,0.36
1369,73.86,0.0,100.0,0.0,0.0,100.0,0.0,0.0,46.61,3.02,8.17,0.27,0.4
1370,70.26,0.0,100.0,0.0,0.0,100.0,0.0,0.0,47.05,13.01,3.82,0.32,0.37
1371,52.11,0.0,100.0,0.0,0.0,100.0,0.0,0.0,53.34,14.59,3.08,0.5,0.35
1372,73.25,0.0,100.0,0.0,0.0,100.0,0.0,0.0,43.12,9.64,5.01,0.26,0.37
1373,79.58,0.04,96.0,4.0,0.0,96.0,0.0,0.0,59.83,1.91,7.31,0.19,0.39
1374,54.81,0.0,100.0,0.0,0.0,100.0,0.0,0.0,49.44,12.38,4.22,0.46,0.36
1375,69.77,0.0,100.0,0.0,0.0,100.0,0.0,0.0,50.47,8.17,5.91,0.29,0.36
1376,55.56,0.05,95.0,5.0,0.0,95.0,0.0,0.0,60.03,12.16,3.56,0.39,0.34
1377,65.3,0.0,100.0,0.0,0.0,100.0,0.0,0.0,36.62,10.94,5.05,0.36,0.35
1378,72.02,0.0,100.0,0.0,0.0,100.0,0.0,0.0,26.65,2.56,8.68,0.29,0.35
1379,70.97,0.0,100.0,0.0,0.0,100.0,0.0,0.0,34.19,8.01,5.53,0.32,0.4
1380,48.68,0.0,100.0,0.0,0.0,100.0,0.0,0.0,60.05,13.04,4.75,0.5,0.35
1381,71.94,0.0,100.0,0.0,0.0,100.0,0.0,0.0,36.3,4.5,6.77,0.28,0.38
1382,68.3,0.0,100.0,0.0,0.0,100.0,0.0,0.0,61.93,8.96,6.86,0.3,0.37
1383,47.49,0.0,100.0,0.0,0.0,100.0,0.0,0.0,46.14,13.44,3.86,0.53,0.36
1384,54.64,0.0,100.0,0.0,0.0,100.0,0.0,0.0,56.34,12.68,4.02,0.47,0.35
1385,47.47,0.0,100.0,0.0,0.0,100.0,0.0,0.0,39.57,13.46,4.56,0.53,0.37
1386,53.99,0.0,100.0,0.0,0.0,100.0,0.0,0.0,50.38,6.45,6.38,0.47,0.36
1387,48.42,0.0,100.0,0.0,0.0,100.0,0.0,0.0,69.16,14.1,3.86,0.51,0.36
1388,68.17,0.0,100.0,0.0,0.0,100.0,0.0,0.0,38.48,9.91,4.89,0.3,0.39
1389,56.59,0.0,100.0,0.0,0.0,100.0,0.0,0.0,48.16,12.7,4.99,0.44,0.41
1390,28.12,0.0,100.0,0.0,0.0,100.0,0.0,0.0,264.12,16.0,2.39,0.72,0.38
1391,53.92,0.0,100.0,0.0,0.0,100.0,0.0,0.0,32.34,12.01,4.41,0.45,0.39
1392,47.78,0.0,100.0,0.0,0.0,100.0,0.0,0.0,55.71,13.65,3.52,0.52,0.38
1393,67.48,0.0,100.0,0.0,0.0,100.0,0.0,0.0,24.02,12.93,3.64,0.32,0.38
1394,63.62,0.0,100.0,0.0,0.0,100.0,0.0,0.0,64.74,4.99,7.06,0.35,0.41
1395,70.85,0.0,100.0,0.0,0.0,100.0,0.0,0.0,53.84,10.75,4.17,0.29,0.38
1396,67.94,0.0,100.0,0.0,0.0,100.0,0.0,0.0,35.24,8.91,5.78,0.34,0.44
1397,57.67,0.04,96.0,4.0,0.0,96.0,0.0,0.0,43.6,8.97,4.07,0.38,0.39
1398,86.68,0.0,100.0,0.0,0.0,100.0,0.0,0.0,33.01,2.19,8.55,0.11,0.41
1399,70.96,0.0,100.0,0.0,0.0,100.0,0.0,0.0,48.59,11.96,4.01,0.29,0.41
1400,75.02,0.0,100.0,0.0,0.0,100.0,0.0,0.0,28.07,2.21,8.37,0.29,0.42
1401,69.97,0.0,100.0,0.0,0.0,100.0,0.0,0.0,51.63,8.48,7.47,0.3,0.42
1402,51.81,0.0,100.0,0.0,0.0,100.0,0.0,0.0,68.32,6.48,6.57,0.47,0.41
1403,28.12,0.0,100.0,0.0,0.0,100.0,0.0,0.0,405.01,15.5,2.53,0.72,0.35
1404,64.56,0.0,100.0,0.0,0.0,100.0,0.0,0.0,45.43,4.57,6.15,0.35,0.4
1405,45.62,0.0,100.0,0.0,0.0,100.0,0.0,0.0,61.01,7.47,5.03,0.54,0.4
1406,51.62,0.05,95.0,5.0,0.0,95.0,0.0,0.0,45.21,10.42,4.56,0.38,0.42
1407,50.79,0.0,100.0,0.0,0.0,100.0,0.0,0.0,85.06,12.01,4.75,0.49,0.41
1408,67.69,0.0,100.0,0.0,0.0,100.0,0.0,0.0,54.13,10.26,5.48,0.31,0.42
1409,47.61,0.0,100.0,0.0,0.0,100.0,0.0,0.0,45.32,7.1,5.9,0.53,0.39
1410,51.51,0.0,100.0,0.0,0.0,100.0,0.0,0.0,43.31,13.96,3.87,0.48,0.41
1411,75.99,0.28,72.0,28.0,0.0,72.0,0.0,0.0,54.7,2.55,6.7,0.34,0.36
1412,67.18,0.0,100.0,0.0,0.0,100.0,0.0,0.0,57.06,8.6,7.03,0.31,0.42
1413,69.28,0.0,100.0,0.0,0.0,100.0,0.0,0.0,39.85,5.37,6.94,0.33,0.38
1414,73.3,0.0,100.0,0.0,0.0,100.0,0.0,0.0,48.12,7.24,5.18,0.3,0.37
1415,54.09,0.0,100.0,0.0,0.0,100.0,0.0,0.0,24.64,13.28,4.17,0.45,0.42
1416,52.31,0.0,100.0,0.0,0.0,100.0,0.0,0.0,52.53,12.55,4.15,0.47,0.38
1417,71.73,0.0,100.0,0.0,0.0,100.0,0.0,0.0,51.52,11.17,3.97,0.32,0.44
1418,68.19,0.0,100.0,0.0,0.0,100.0,0.0,0.0,38.8,2.0,7.59,0.32,0.4
1419,73.31,0.0,100.0,0.0,0.0,100.0,0.0,0.0,56.27,7.95,7.3,0.28,0.4
1420,71.49,0.0,100.0,0.0,0.0,100.0,0.0,0.0,48.56,5.28,8.13,0.28,0.39
1421,54.75,0.0,100.0,0.0,0.0,100.0,0.0,0.0,81.12,13.57,3.48,0.46,0.4
1422,52.55,0.0,100.0,0.0,0.0,100.0,0.0,0.0,54.48,13.34,3.72,0.47,0.41
1423,69.28,0.0,100.0,0.0,0.0,100.0,0.0,0.0,47.47,1.49,8.03,0.3,0.42
1424,46.61,0.0,100.0,0.0,0.0,100.0,0.0,0.0,32.49,13.86,3.45,0.54,0.4
1425,55.55,0.0,100.0,0.0,0.0,100.0,0.0,0.0,48.25,13.19,4.19,0.45,0.38
1426,67.12,0.0,100.0,0.0,0.0,100.0,0.0,0.0,51.07,6.49,5.96,0.31,0.4
1427,54.95,0.0,100.0,0.0,0.0,100.0,0.0,0.0,42.81,14.85,3.11,0.45,0.4
1428,67.49,0.0,100.0,0.0,0.0,100.0,0.0,0.0,54.08,10.16,4.91,0.3,0.4
1429,28.12,0.0,100.0,0.0,0.0,100.0,0.0,0.0,191.49,16.0,2.45,0.72,0.35
1430,63.96,0.0,100.0,0.0,0.0,100.0,0.0,0.0,47.34,5.68,7.67,0.35,0.4
1431,48.54,0.0,100.0,0.0,0.0,100.0,0.0,0.0,62.74,14.5,2.83,0.53,0.41
1432,52.79,0.0,100.0,0.0,0.0,100.0,0.0,0.0,38.97,13.77,3.89,0.47,0.37
1433,66.13,0.0,100.0,0.0,0.0,100.0,0.0,0.0,24.21,10.9,4.32,0.3,0.43
1434,73.39,0.0,100.0,0.0,0.0,100.0,0.0,0.0,40.4,8.29,6.98,0.26,0.44
1435,52.33,0.0,100.0,0.0,0.0,100.0,0.0,0.0,37.93,12.97,3.76,0.49,0.37
1436,47.32,0.0,100.0,0.0,0.0,100.0,0.0,0.0,57.64,7.06,6.48,0.55,0.4
1437,54.63,0.0,100.0,0.0,0.0,100.0,0.0,0.0,66.29,12.4,4.65,0.47,0.4
1438,71.91,0.0,100.0,0.0,0.0,100.0,0.0,0.0,68.05,8.86,6.82,0.29,0.43
1439,66.63,0.0,100.0,0.0,0.0,100.0,0.0,0.0,49.62,5.16,6.97,0.34,0.39
1440,46.53,0.0,100.0,0.0,0.0,100.0,0.0,0.0,33.86,13.53,3.67,0.52,0.41
1441,47.8,0.0,100.0,0.0,0.0,100.0,0.0,0.0,52.76,15.41,2.69,0.52,0.45
1442,28.12,0.0,100.0,0.0,0.0,100.0,0.0,0.0,314.39,16.0,2.28,0.72,0.4
1443,28.12,0.0,100.0,0.0,0.0,100.0,0.0,0.0,231.24,16.0,2.27,0.72,0.42
1444,54.53,0.06,94.0,6.0,0.0,94.0,0.0,0.0,40.32,11.88,3.88,0.35,0.37
1445,57.71,0.0,100.0,0.0,0.0,100.0,0.0,0.0,46.86,11.47,5.54,0.45,0.39
1446,66.22,0.0,100.0,0.0,0.0,100.0,0.0,0.0,51.19,5.97,5.04,0.34,0.39
1447,66.76,0.0,100.0,0.0,0.0,100.0,0.0,0.0,54.13,6.59,5.93,0.33,0.39
1448,55.11,0.0,100.0,0.0,0.0,100.0,0.0,0.0,40.98,7.4,5.4,0.46,0.35
1449,56.35,0.0,100.0,0.0,0.0,100.0,0.0,0.0,32.91,13.51,3.73,0.44,0.51
1450,47.76,0.0,100.0,0.0,0.0,100.0,0.0,0.0,34.32,15.41,2.85,0.52,0.36
1451,46.62,0.09,91.0,9.0,0.0,91.0,0.0,0.0,51.67,5.26,5.53,0.38,0.35
1452,52.09,0.0,100.0,0.0,0.0,100.0,0.0,0.0,56.99,11.73,5.56,0.48,0.36
1453,48.77,0.0,100.0,0.0,0.0,100.0,0.0,0.0,58.16,13.7,3.97,0.52,0.35
1454,59.55,0.0,100.0,0.0,0.0,100.0,0.0,0.0,57.86,6.15,7.11,0.43,0.36
1455,53.82,0.0,100.0,0.0,0.0,100.0,0.0,0.0,70.6,12.6,4.02,0.45,0.38
1456,80.99,0.13,87.0,13.0,0.0,87.0,0.0,0.0,40.14,0.59,6.19,0.22,0.34
1457,50.71,0.09,91.0,9.0,0.0,91.0,0.0,0.0,54.0,4.54,7.0,0.35,0.42
1458,47.41,0.0,100.0,0.0,0.0,100.0,0.0,0.0,68.51,7.02,6.11,0.52,0.45
1459,64.61,0.0,100.0,0.0,0.0,100.0,0.0,0.0,48.67,10.29,4.28,0.34,0.4
1460,59.27,0.0,100.0,0.0,0.0,100.0,0.0,0.0,44.65,13.48,3.86,0.42,0.45
1461,55.58,0.0,100.0,0.0,0.0,100.0,0.0,0.0,49.53,12.84,3.91,0.46,0.46
1462,69.85,0.0,100.0,0.0,0.0,100.0,0.0,0.0,24.44,10.66,5.03,0.33,0.47
1463,52.29,0.0,100.0,0.0,0.0,100.0,0.0,0.0,44.79,13.54,3.88,0.45,0.42
1464,67.75,0.0,100.0,0.0,0.0,100.0,0.0,0.0,20.47,9.1,6.02,0.33,0.45
1465,53.2,0.0,100.0,0.0,0.0,100.0,0.0,0.0,65.44,7.1,5.07,0.5,0.55
1466,54.38,0.04,96.0,4.0,0.0,96.0,0.0,0.0,44.34,8.57,5.99,0.36,0.46
1467,70.46,0.0,100.0,0.0,0.0,100.0,0.0,0.0,24.84,10.6,4.27,0.26,0.54
1468,75.96,0.07,93.0,7.0,0.0,93.0,0.0,0.0,51.86,1.12,7.82,0.25,0.44
1469,74.19,0.0,100.0,0.0,0.0,100.0,0.0,0.0,35.28,3.01,8.42,0.28,0.46
1470,53.44,0.07,93.0,7.0,0.0,93.0,0.0,0.0,49.2,4.9,6.5,0.38,0.41
1471,73.18,0.0,100.0,0.0,0.0,100.0,0.0,0.0,35.54,9.58,5.11,0.28,0.4
1472,69.1,0.0,100.0,0.0,0.0,100.0,0.0,0.0,47.7,2.63,7.18,0.27,0.4
1473,49.65,0.0,100.0,0.0,0.0,100.0,0.0,0.0,41.36,13.1,4.67,0.51,0.4
1474,69.09,0.0,100.0,0.0,0.0,100.0,0.0,0.0,49.6,10.93,3.95,0.3,0.42
1475,38.08,0.07,93.0,7.0,0.0,93.0,0.0,0.0,50.55,6.36,6.1,0.49,0.39
1476,69.13,0.0,100.0,0.0,0.0,100.0,0.0,0.0,44.51,5.2,6.83,0.34,0.37
1477,46.54,0.0,100.0,0.0,0.0,100.0,0.0,0.0,71.3,12.16,5.34,0.51,0.39
1478,48.1,0.0,100.0,0.0,0.0,100.0,0.0,0.0,70.81,7.28,4.96,0.52,0.4
1479,52.7,0.0,100.0,0.0,0.0,100.0,0.0,0.0,46.25,7.5,4.66,0.48,0.39
1480,47.97,0.0,100.0,0.0,0.0,100.0,0.0,0.0,81.92,14.91,2.88,0.5,0.41
1481,65.24,0.0,100.0,0.0,0.0,100.0,0.0,0.0,61.71,5.73,6.91,0.35,0.42
1482,48.85,0.0,100.0,0.0,0.0,100.0,0.0,0.0,48.77,13.44,4.03,0.53,0.4
1483,51.8,0.0,100.0,0.0,0.0,100.0,0.0,0.0,68.19,6.52,6.76,0.48,0.41
1484,47.75,0.1,90.0,10.0,0.0,90.0,0.0,0.0,40.43,4.6,5.93,0.35,0.41
1485,67.27,0.0,100.0,0.0,0.0,100.0,0.0,0.0,28.3,12.81,3.77,0.3,0.51
1486,65.56,0.0,100.0,0.0,0.0,100.0,0.0,0.0,48.95,10.85,4.28,0.35,0.51
1487,74.63,0.0,100.0,0.0,0.0,100.0,0.0,0.0,36.74,2.86,8.19,0.26,0.51
1488,54.42,0.0,100.0,0.0,0.0,100.0,0.0,0.0,48.55,13.91,3.34,0.45,0.39
1489,28.12,0.0,100.0,0.0,0.0,100.0,0.0,0.0,265.13,15.5,2.32,0.72,0.37
1490,73.57,0.0,100.0,0.0,0.0,100.0,0.0,0.0,42.7,5.08,7.48,0.29,0.58
1491,59.57,0.0,100.0,0.0,0.0,100.0,0.0,0.0,48.88,6.35,6.59,0.45,0.42
1492,28.12,0.0,100.0,0.0,0.0,100.0,0.0,0.0,298.22,15.5,2.6,0.72,0.46
1493,66.38,0.0,100.0,0.0,0.0,100.0,0.0,0.0,48.45,13.07,3.37,0.33,0.38
1494,63.08,0.0,100.0,0.0,0.0,100.0,0.0,0.0,41.27,9.42,6.58,0.38,0.46
1495,81.15,0.06,94.0,6.0,0.0,94.0,0.0,0.0,41.99,2.02,7.44,0.21,0.4
1496,67.18,0.0,100.0,0.0,0.0,100.0,0.0,0.0,44.55,4.81,6.95,0.34,0.4
1497,64.89,0.0,100.0,0.0,0.0,100.0,0.0,0.0,54.15,9.13,5.42,0.37,0.44
1498,48.94,0.0,100.0,0.0,0.0,100.0,0.0,0.0,35.67,12.07,5.01,0.49,0.41
1499,53.99,0.0,100.0,0.0,0.0,100.0,0.0,0.0,59.6,6.35,6.73,0.45,0.45
1500,69.91,0.07,93.0,7.0,0.0,93.0,0.0,0.0,41.75,2.29,6.48,0.37,0.46
1501,28.12,0.0,100.0,0.0,0.0,100.0,0.0,0.0,193.71,15.5,2.77,0.72,0.42
1502,67.68,0.05,95.0,5.0,0.0,95.0,0.0,0.0,56.14,1.22,6.71,0.34,0.48
1503,54.78,0.0,100.0,0.0,0.0,100.0,0.0,0.0,29.12,12.09,4.57,0.46,0.47
1504,62.68,0.0,100.0,0.0,0.0,100.0,0.0,0.0,48.1,3.16,7.76,0.4,0.52
1505,46.81,0.0,100.0,0.0,0.0,100.0,0.0,0.0,16.01,13.41,4.27,0.53,0.47
1506,52.49,0.0,100.0,0.0,0.0,100.0,0.0,0.0,49.52,6.48,6.43,0.49,0.48
1507,53.76,0.0,100.0,0.0,0.0,100.0,0.0,0.0,34.44,6.33,7.36,0.46,0.39
1508,58.99,0.0,100.0,0.0,0.0,100.0,0.0,0.0,67.8,10.32,4.16,0.37,0.4
1509,66.1,0.0,100.0,0.0,0.0,100.0,0.0,0.0,38.99,8.26,6.25,0.33,0.43
1510,56.52,0.0,100.0,0.0,0.0,100.0,0.0,0.0,59.38,11.59,5.31,0.44,0.38
1511,68.38,0.0,100.0,0.0,0.0,100.0,0.0,0.0,33.12,12.72,3.46,0.3,0.33
1512,58.88,0.0,100.0,0.0,0.0,100.0,0.0,0.0,47.81,2.81,7.37,0.38,0.36
1513,49.65,0.07,93.0,7.0,0.0,93.0,0.0,0.0,39.12,10.47,4.89,0.39,0.36
1514,67.47,0.0,100.0,0.0,0.0,100.0,0.0,0.0,40.61,10.34,5.31,0.33,0.49
1515,54.18,0.0,100.0,0.0,0.0,100.0,0.0,0.0,68.26,12.16,4.9,0.46,0.37
1516,59.82,0.0,100.0,0.0,0.0,100.0,0.0,0.0,30.99,13.26,4.24,0.42,0.37
1517,52.26,0.0,100.0,0.0,0.0,100.0,0.0,0.0,73.06,12.55,3.87,0.47,0.34
1518,53.56,0.07,93.0,7.0,0.0,93.0,0.0,0.0,48.1,4.51,5.43,0.37,0.36
1519,72.22,0.0,100.0,0.0,0.0,100.0,0.0,0.0,14.79,6.34,6.05,0.29,0.35
1520,28.12,0.0,100.0,0.0,0.0,100.0,0.0,0.0,70.03,16.0,2.32,0.72,0.35
1521,67.86,0.0,100.0,0.0,0.0,100.0,0.0,0.0,45.26,9.15,6.77,0.32,0.37
1522,74.22,0.05,95.0,5.0,0.0,95.0,0.0,0.0,42.15,2.06,7.97,0.31,0.35
1523,81.45,0.07,93.0,7.0,0.0,93.0,0.0,0.0,49.4,2.01,8.23,0.2,0.37
1524,66.87,0.0,100.0,0.0,0.0,100.0,0.0,0.0,39.61,9.79,4.55,0.36,0.37
1525,71.26,0.29,71.0,29.0,0.0,71.0,0.0,0.0,139.54,1.99,6.3,0.38,0.31
1526,64.25,0.0,100.0,0.0,0.0,100.0,0.0,0.0,17.54,10.25,4.43,0.37,0.38
1527,53.97,0.06,94.0,6.0,0.0,94.0,0.0,0.0,47.2,8.94,5.37,0.35,0.39
1528,68.44,0.0,100.0,0.0,0.0,100.0,0.0,0.0,29.74,5.24,6.83,0.33,0.4
1529,57.45,0.03,97.0,3.0,0.0,97.0,0.0,0.0,50.29,4.31,5.52,0.36,0.41
1530,55.9,0.0,100.0,0.0,0.0,100.0,0.0,0.0,77.62,11.96,4.99,0.44,0.41
1531,36.98,0.1,90.0,10.0,0.0,90.0,0.0,0.0,39.2,11.61,4.85,0.47,0.44
1532,49.12,0.09,91.0,9.0,0.0,91.0,0.0,0.0,46.83,9.28,5.49,0.38,0.39
1533,49.21,0.05,95.0,5.0,0.0,95.0,0.0,0.0,57.19,5.8,6.81,0.43,0.41
1534,51.27,0.0,100.0,0.0,0.0,100.0,0.0,0.0,69.41,12.05,5.35,0.47,0.42
1535,48.68,0.0,100.0,0.0,0.0,100.0,0.0,0.0,48.23,13.43,3.87,0.53,0.38
1536,72.77,0.0,100.0,0.0,0.0,100.0,0.0,0.0,38.1,2.63,8.07,0.31,0.42
1537,70.34,0.0,100.0,0.0,0.0,100.0,0.0,0.0,58.55,10.21,5.18,0.3,0.42
1538,28.12,0.0,100.0,0.0,0.0,100.0,0.0,0.0,373.85,15.5,2.77,0.72,0.33
1539,58.22,0.0,100.0,0.0,0.0,100.0,0.0,0.0,45.47,12.28,4.43,0.42,0.4
1540,68.08,0.0,100.0,0.0,0.0,100.0,0.0,0.0,48.26,5.46,7.51,0.31,0.42
1541,70.27,0.0,100.0,0.0,0.0,100.0,0.0,0.0,30.11,6.67,6.41,0.33,0.38
1542,67.26,0.07,93.0,7.0,0.0,93.0,0.0,0.0,65.14,2.18,8.88,0.37,0.43
1543,52.3,0.0,100.0,0.0,0.0,100.0,0.0,0.0,79.25,6.29,6.03,0.47,0.39
1544,58.25,0.0,100.0,0.0,0.0,100.0,0.0,0.0,68.45,7.4,5.5,0.45,0.38
1545,51.83,0.0,100.0,0.0,0.0,100.0,0.0,0.0,69.41,6.55,6.31,0.47,0.41
1546,51.87,0.0,100.0,0.0,0.0,100.0,0.0,0.0,43.97,12.33,4.22,0.48,0.39
1547,52.35,0.0,100.0,0.0,0.0,100.0,0.0,0.0,49.2,12.69,3.9,0.5,0.41
1548,52.8,0.0,100.0,0.0,0.0,100.0,0.0,0.0,50.78,12.3,4.65,0.47,0.41
1549,65.87,0.0,100.0,0.0,0.0,100.0,0.0,0.0,33.53,6.57,5.94,0.33,0.41
1550,45.94,0.0,100.0,0.0,0.0,100.0,0.0,0.0,64.26,7.04,5.61,0.54,0.42
1551,51.14,0.15,85.0,15.0,0.0,85.0,0.0,0.0,51.69,2.56,8.45,0.22,0.39
1552,64.54,0.06,94.0,6.0,0.0,94.0,0.0,0.0,49.78,2.38,8.0,0.23,0.43
1553,70.66,0.0,100.0,0.0,0.0,100.0,0.0,0.0,35.18,4.96,8.07,0.31,0.4
1554,48.9,0.0,100.0,0.0,0.0,100.0,0.0,0.0,30.36,7.07,5.82,0.48,0.4
1555,72.63,0.0,100.0,0.0,0.0,100.0,0.0,0.0,33.78,5.43,7.67,0.28,0.41
1556,62.0,0.0,100.0,0.0,0.0,100.0,0.0,0.0,42.15,4.55,6.65,0.36,0.42
1557,68.08,0.0,100.0,0.0,0.0,100.0,0.0,0.0,56.38,10.14,4.92,0.33,0.39
1558,66.38,0.0,100.0,0.0,0.0,100.0,0.0,0.0,45.72,9.54,4.16,0.33,0.42
1559,68.66,0.0,100.0,0.0,0.0,100.0,0.0,0.0,52.6,12.86,4.13,0.3,0.4
1560,74.68,0.0,100.0,0.0,0.0,100.0,0.0,0.0,60.9,9.96,5.26,0.28,0.4
1561,67.46,0.0,100.0,0.0,0.0,100.0,0.0,0.0,50.49,8.45,6.51,0.32,0.43
1562,47.98,0.11,89.0,11.0,0.0,89.0,0.0,0.0,38.69,8.29,5.46,0.34,0.42
1563,47.6,0.0,100.0,0.0,0.0,100.0,0.0,0.0,64.38,13.79,3.78,0.49,0.46
1564,52.76,0.0,100.0,0.0,0.0,100.0,0.0,0.0,74.22,12.35,4.3,0.48,0.43
1565,54.37,0.0,100.0,0.0,0.0,100.0,0.0,0.0,64.91,6.43,6.66,0.47,0.44
1566,48.4,0.1,90.0,10.0,0.0,90.0,0.0,0.0,30.93,10.22,4.45,0.37,0.39
1567,72.28,0.37,63.0,37.0,0.0,63.0,0.0,0.0,53.59,2.45,7.87,0.18,0.34
1568,73.28,0.0,100.0,0.0,0.0,100.0,0.0,0.0,34.05,8.33,6.72,0.28,0.42
1569,69.5,0.0,100.0,0.0,0.0,100.0,0.0,0.0,46.54,7.13,5.25,0.3,0.41
1570,49.56,0.0,100.0,0.0,0.0,100.0,0.0,0.0,73.18,13.19,3.92,0.51,0.4
1571,65.34,0.0,100.0,0.0,0.0,100.0,0.0,0.0,39.16,5.14,6.83,0.36,0.41
1572,80.13,0.06,94.0,6.0,0.0,94.0,0.0,0.0,40.91,1.41,7.59,0.18,0.45
1573,69.29,0.0,100.0,0.0,0.0,100.0,0.0,0.0,37.69,8.54,6.07,0.3,0.5
1574,80.35,0.0,100.0,0.0,0.0,100.0,0.0,0.0,40.27,1.71,7.71,0.19,0.45
1575,63.64,0.0,100.0,0.0,0.0,100.0,0.0,0.0,35.49,6.43,5.29,0.34,0.46
1576,70.38,0.0,100.0,0.0,0.0,100.0,0.0,0.0,41.3,5.01,7.63,0.28,0.62
1577,74.09,0.0,100.0,0.0,0.0,100.0,0.0,0.0,25.17,10.01,5.21,0.28,0.51
1578,61.51,0.0,100.0,0.0,0.0,100.0,0.0,0.0,81.19,5.7,7.01,0.35,0.41
1579,52.07,0.0,100.0,0.0,0.0,100.0,0.0,0.0,43.85,14.25,3.14,0.48,0.4
1580,52.41,0.08,92.0,8.0,0.0,92.0,0.0,0.0,52.91,9.81,4.54,0.34,0.36
1581,46.16,0.0,100.0,0.0,0.0,100.0,0.0,0.0,77.5,7.82,4.73,0.54,0.41
1582,55.94,0.0,100.0,0.0,0.0,100.0,0.0,0.0,39.7,6.15,6.96,0.43,0.4
1583,65.05,0.0,100.0,0.0,0.0,100.0,0.0,0.0,53.45,5.75,6.45,0.35,0.42
1584,76.77,0.0,100.0,0.0,0.0,100.0,0.0,0.0,54.96,2.11,8.3,0.26,0.41
1585,64.7,0.0,100.0,0.0,0.0,100.0,0.0,0.0,57.14,10.84,5.03,0.36,0.34
1586,68.07,0.0,100.0,0.0,0.0,100.0,0.0,0.0,52.92,12.42,4.61,0.33,0.36
1587,72.56,0.0,100.0,0.0,0.0,100.0,0.0,0.0,41.21,5.31,7.87,0.27,0.37
1588,45.18,0.0,100.0,0.0,0.0,100.0,0.0,0.0,49.41,13.6,3.56,0.55,0.46
1589,66.43,0.0,100.0,0.0,0.0,100.0,0.0,0.0,42.75,8.34,5.96,0.36,0.43
1590,49.01,0.0,100.0,0.0,0.0,100.0,0.0,0.0,28.11,15.4,3.17,0.52,0.41
1591,70.26,0.0,100.0,0.0,0.0,100.0,0.0,0.0,36.0,5.32,7.73,0.33,0.4
1592,65.26,0.0,100.0,0.0,0.0,100.0,0.0,0.0,48.58,2.64,7.48,0.34,0.44
1593,62.22,0.0,100.0,0.0,0.0,100.0,0.0,0.0,62.8,5.12,7.14,0.37,0.38
1594,50.27,0.07,93.0,7.0,0.0,93.0,0.0,0.0,44.89,6.21,5.37,0.37,0.35
1595,53.72,0.0,100.0,0.0,0.0,100.0,0.0,0.0,46.14,13.16,4.3,0.45,0.35
1596,51.73,0.09,91.0,9.0,0.0,91.0,0.0,0.0,28.75,4.52,7.14,0.35,0.42
1597,50.16,0.0,100.0,0.0,0.0,100.0,0.0,0.0,50.28,7.13,5.19,0.48,0.43
1598,78.74,0.06,94.0,6.0,0.0,94.0,0.0,0.0,31.41,2.32,7.49,0.21,0.59
1599,55.35,0.0,100.0,0.0,0.0,100.0,0.0,0.0,49.31,12.56,4.05,0.47,0.5
1600,52.86,0.0,100.0,0.0,0.0,100.0,0.0,0.0,26.9,7.54,4.84,0.49,0.44
1601,64.61,0.0,100.0,0.0,0.0,100.0,0.0,0.0,82.54,10.6,5.28,0.32,0.41
1602,57.16,0.0,100.0,0.0,0.0,100.0,0.0,0.0,48.57,6.45,5.77,0.46,0.49
1603,55.46,0.0,100.0,0.0,0.0,100.0,0.0,0.0,66.69,12.77,4.82,0.45,0.48
1604,69.6,0.0,100.0,0.0,0.0,100.0,0.0,0.0,38.87,6.72,5.59,0.34,0.55
1605,56.71,0.0,100.0,0.0,0.0,100.0,0.0,0.0,36.02,7.41,5.33,0.46,0.45
1606,64.43,0.0,100.0,0.0,0.0,100.0,0.0,0.0,74.49,5.25,6.94,0.35,0.46
1607,68.1,0.0,100.0,0.0,0.0,100.0,0.0,0.0,63.85,2.05,8.84,0.28,0.52
1608,55.55,0.06,94.0,6.0,0.0,94.0,0.0,0.0,44.85,6.2,5.03,0.38,0.45
1609,72.94,0.0,100.0,0.0,0.0,100.0,0.0,0.0,28.46,2.9,8.44,0.27,0.51
1610,64.72,0.0,100.0,0.0,0.0,100.0,0.0,0.0,40.84,5.34,6.7,0.33,0.45
1611,48.7,0.0,100.0,0.0,0.0,100.0,0.0,0.0,64.55,12.73,4.01,0.5,0.46
1612,52.74,0.0,100.0,0.0,0.0,100.0,0.0,0.0,48.94,12.17,4.78,0.46,0.46
1613,64.79,0.0,100.0,0.0,0.0,100.0,0.0,0.0,45.32,12.49,4.5,0.35,0.45
1614,66.4,0.0,100.0,0.0,0.0,100.0,0.0,0.0,39.34,9.34,5.6,0.36,0.43
1615,47.58,0.0,100.0,0.0,0.0,100.0,0.0,0.0,45.79,12.91,4.84,0.52,0.45
1616,43.3,0.07,93.0,7.0,0.0,93.0,0.0,0.0,52.7,11.84,5.17,0.47,0.5
1617,71.72,0.0,100.0,0.0,0.0,100.0,0.0,0.0,41.83,9.1,6.39,0.29,0.52
1618,49.31,0.0,100.0,0.0,0.0,100.0,0.0,0.0,65.56,12.7,4.88,0.51,0.49
1619,49.04,0.0,100.0,0.0,0.0,100.0,0.0,0.0,34.61,6.96,6.1,0.51,0.51
1620,28.12,0.0,100.0,0.0,0.0,100.0,0.0,0.0,299.05,16.0,2.52,0.72,0.45
1621,56.91,0.0,100.0,0.0,0.0,100.0,0.0,0.0,74.13,11.46,5.15,0.43,0.49
1622,28.12,0.0,100.0,0.0,0.0,100.0,0.0,0.0,347.79,16.0,2.19,0.72,0.43
1623,69.06,0.0,100.0,0.0,0.0,100.0,0.0,0.0,33.65,10.09,5.09,0.31,0.55
1624,82.72,0.07,93.0,7.0,0.0,93.0,0.0,0.0,53.13,1.98,7.07,0.18,0.49
1625,59.02,0.0,100.0,0.0,0.0,100.0,0.0,0.0,33.34,10.97,6.43,0.41,0.55
1626,39.29,0.08,92.0,8.0,0.0,92.0,0.0,0.0,86.92,5.81,6.04,0.44,0.49
1627,48.47,0.0,100.0,0.0,0.0,100.0,0.0,0.0,47.86,15.41,3.26,0.52,0.45
1628,49.9,0.0,100.0,0.0,0.0,100.0,0.0,0.0,74.19,6.43,6.17,0.49,0.44
1629,67.07,0.0,100.0,0.0,0.0,100.0,0.0,0.0,66.21,9.68,7.13,0.34,0.47
1630,56.55,0.0,100.0,0.0,0.0,100.0,0.0,0.0,20.46,13.36,4.0,0.45,0.48
1631,75.44,0.0,100.0,0.0,0.0,100.0,0.0,0.0,36.51,2.72,8.82,0.23,0.47
1632,51.96,0.0,100.0,0.0,0.0,100.0,0.0,0.0,43.47,12.03,4.99,0.5,0.41
1633,75.97,0.0,100.0,0.0,0.0,100.0,0.0,0.0,34.82,1.74,9.35,0.24,0.57
1634,50.02,0.0,100.0,0.0,0.0,100.0,0.0,0.0,47.22,11.97,5.36,0.49,0.46
1635,66.83,0.0,100.0,0.0,0.0,100.0,0.0,0.0,46.83,11.37,3.98,0.35,0.45
1636,64.93,0.0,100.0,0.0,0.0,100.0,0.0,0.0,37.26,14.22,3.35,0.33,0.43
1637,51.81,0.0,100.0,0.0,0.0,100.0,0.0,0.0,55.46,6.33,5.97,0.48,0.44
1638,58.7,0.0,100.0,0.0,0.0,100.0,0.0,0.0,44.2,12.6,5.06,0.43,0.43
1639,68.31,0.0,100.0,0.0,0.0,100.0,0.0,0.0,28.83,7.92,4.69,0.34,0.47
1640,64.3,0.0,100.0,0.0,0.0,100.0,0.0,0.0,51.14,12.51,3.76,0.34,0.45
1641,53.01,0.07,93.0,7.0,0.0,93.0,0.0,0.0,55.46,9.83,4.64,0.36,0.4
1642,53.87,0.0,100.0,0.0,0.0,100.0,0.0,0.0,39.45,11.36,5.56,0.45,0.41
1643,67.67,0.0,100.0,0.0,0.0,100.0,0.0,0.0,73.18,9.43,6.59,0.33,0.38
1644,54.51,0.0,100.0,0.0,0.0,100.0,0.0,0.0,53.92,7.11,5.37,0.47,0.38
1645,53.69,0.05,95.0,5.0,0.0,95.0,0.0,0.0,38.42,8.97,5.73,0.36,0.37
1646,44.16,0.0,100.0,0.0,0.0,100.0,0.0,0.0,62.91,13.88,3.28,0.56,0.36
1647,55.13,0.0,100.0,0.0,0.0,100.0,0.0,0.0,71.95,12.77,4.33,0.45,0.36
1648,69.17,0.0,100.0,0.0,0.0,100.0,0.0,0.0,45.37,12.23,4.35,0.31,0.35
1649,70.26,0.0,100.0,0.0,0.0,100.0,0.0,0.0,45.3,8.57,7.1,0.29,0.41
1650,55.1,0.0,100.0,0.0,0.0,100.0,0.0,0.0,56.96,12.23,4.09,0.46,0.43
1651,65.69,0.0,100.0,0.0,0.0,100.0,0.0,0.0,66.43,10.16,4.47,0.32,0.39
1652,53.35,0.0,100.0,0.0,0.0,100.0,0.0,0.0,53.94,6.26,7.01,0.47,0.35
1653,64.33,0.0,100.0,0.0,0.0,100.0,0.0,0.0,45.91,10.09,4.7,0.37,0.36
1654,70.87,0.0,100.0,0.0,0.0,100.0,0.0,0.0,38.36,3.21,7.58,0.29,0.36
1655,72.0,0.0,100.0,0.0,0.0,100.0,0.0,0.0,44.7,11.17,3.99,0.31,0.37
1656,79.69,0.0,100.0,0.0,0.0,100.0,0.0,0.0,27.09,1.39,8.09,0.19,0.41
1657,59.92,0.05,95.0,5.0,0.0,95.0,0.0,0.0,48.96,4.81,6.76,0.32,0.35
1658,48.92,0.0,100.0,0.0,0.0,100.0,0.0,0.0,43.56,13.16,3.92,0.51,0.33
1659,64.26,0.0,100.0,0.0,0.0,100.0,0.0,0.0,37.76,9.23,5.65,0.35,0.38
1660,64.36,0.0,100.0,0.0,0.0,100.0,0.0,0.0,31.24,4.64,6.51,0.37,0.41
1661,65.16,0.0,100.0,0.0,0.0,100.0,0.0,0.0,35.63,5.17,7.25,0.3,0.44
1662,81.05,0.0,100.0,0.0,0.0,100.0,0.0,0.0,44.67,2.52,7.19,0.18,0.41
1663,67.76,0.0,100.0,0.0,0.0,100.0,0.0,0.0,43.0,10.08,5.09,0.32,0.39
1664,70.82,0.0,100.0,0.0,0.0,100.0,0.0,0.0,29.71,2.86,7.71,0.31,0.39
1665,60.48,0.03,97.0,3.0,0.0,97.0,0.0,0.0,42.18,4.29,6.29,0.35,0.41
1666,49.16,0.0,100.0,0.0,0.0,100.0,0.0,0.0,45.98,14.2,3.36,0.52,0.42
1667,47.22,0.0,100.0,0.0,0.0,100.0,0.0,0.0,31.38,6.67,6.15,0.52,0.44
1668,52.79,0.0,100.0,0.0,0.0,100.0,0.0,0.0,46.07,6.9,5.64,0.46,0.45
1669,28.12,0.0,100.0,0.0,0.0,100.0,0.0,0.0,113.54,16.0,2.41,0.72,0.35
1670,51.24,0.0,100.0,0.0,0.0,100.0,0.0,0.0,61.46,13.61,3.72,0.49,0.39
1671,65.34,0.0,100.0,0.0,0.0,100.0,0.0,0.0,50.02,12.53,4.31,0.35,0.47
1672,71.65,0.0,100.0,0.0,0.0,100.0,0.0,0.0,42.16,1.98,8.02,0.29,0.48
1673,63.48,0.0,100.0,0.0,0.0,100.0,0.0,0.0,59.95,8.96,6.27,0.35,0.42
1674,67.67,0.0,100.0,0.0,0.0,100.0,0.0,0.0,72.66,9.05,6.86,0.3,0.45
1675,87.27,0.0,100.0,0.0,0.0,100.0,0.0,0.0,59.06,2.95,8.46,0.11,0.45
1676,65.97,0.0,100.0,0.0,0.0,100.0,0.0,0.0,55.54,10.2,5.1,0.33,0.44
1677,70.47,0.0,100.0,0.0,0.0,100.0,0.0,0.0,53.21,6.47,5.59,0.31,0.43
1678,65.38,0.53,47.0,53.0,0.0,47.0,0.0,0.0,84.79,2.1,7.16,0.22,0.34
1679,71.65,0.0,100.0,0.0,0.0,100.0,0.0,0.0,36.23,8.29,6.81,0.28,0.42
1680,72.75,0.0,100.0,0.0,0.0,100.0,0.0,0.0,38.07,10.31,5.9,0.31,0.42
1681,55.72,0.0,100.0,0.0,0.0,100.0,0.0,0.0,35.03,13.7,3.69,0.44,0.42
1682,62.94,0.0,100.0,0.0,0.0,100.0,0.0,0.0,48.98,4.73,7.64,0.33,0.48
1683,45.77,0.0,100.0,0.0,0.0,100.0,0.0,0.0,83.51,13.84,3.72,0.53,0.41
1684,70.44,0.0,100.0,0.0,0.0,100.0,0.0,0.0,53.48,9.96,5.15,0.31,0.46
1685,50.56,0.15,85.0,15.0,0.0,85.0,0.0,0.0,39.54,2.67,7.52,0.2,0.41
1686,66.64,0.0,100.0,0.0,0.0,100.0,0.0,0.0,59.52,5.25,7.42,0.33,0.45
1687,76.25,0.09,91.0,9.0,0.0,91.0,0.0,0.0,28.0,2.6,8.9,0.27,0.46
1688,71.37,0.0,100.0,0.0,0.0,100.0,0.0,0.0,48.85,2.94,7.99,0.27,0.44
1689,67.3,0.0,100.0,0.0,0.0,100.0,0.0,0.0,53.69,10.22,5.07,0.32,0.45
1690,47.35,0.0,100.0,0.0,0.0,100.0,0.0,0.0,32.17,14.29,3.73,0.53,0.42
1691,67.01,0.0,100.0,0.0,0.0,100.0,0.0,0.0,33.39,4.45,6.47,0.34,0.46
1692,47.31,0.0,100.0,0.0,0.0,100.0,0.0,0.0,35.26,6.98,6.22,0.53,0.44
1693,47.09,0.0,100.0,0.0,0.0,100.0,0.0,0.0,35.79,13.68,4.03,0.54,0.43
1694,52.85,0.0,100.0,0.0,0.0,100.0,0.0,0.0,69.36,12.82,4.08,0.47,0.4
1695,72.14,0.0,100.0,0.0,0.0,100.0,0.0,0.0,59.57,9.81,5.17,0.3,0.44
1696,57.07,0.0,100.0,0.0,0.0,100.0,0.0,0.0,65.27,12.56,4.87,0.43,0.43
1697,65.58,0.0,100.0,0.0,0.0,100.0,0.0,0.0,47.63,10.38,4.7,0.35,0.44
1698,59.58,0.0,100.0,0.0,0.0,100.0,0.0,0.0,54.1,4.89,6.33,0.39,0.45
1699,69.59,0.0,100.0,0.0,0.0,100.0,0.0,0.0,43.62,5.18,7.36,0.31,0.41
1700,47.3,0.0,100.0,0.0,0.0,100.0,0.0,0.0,42.68,13.57,3.93,0.53,0.44
1701,72.16,0.0,100.0,0.0,0.0,100.0,0.0,0.0,36.29,2.54,7.43,0.25,0.47
1702,67.22,0.0,100.0,0.0,0.0,100.0,0.0,0.0,56.14,9.02,6.3,0.34,0.45
1703,50.38,0.0,100.0,0.0,0.0,100.0,0.0,0.0,48.27,6.37,6.16,0.49,0.46
1704,87.82,0.0,100.0,0.0,0.0,100.0,0.0,0.0,21.37,2.45,8.34,0.09,0.42
1705,52.09,0.0,100.0,0.0,0.0,100.0,0.0,0.0,60.26,11.73,5.66,0.48,0.4
1706,66.97,0.0,100.0,0.0,0.0,100.0,0.0,0.0,34.13,5.16,6.97,0.32,0.44
1707,69.57,0.0,100.0,0.0,0.0,100.0,0.0,0.0,49.58,4.47,7.31,0.27,0.41
1708,51.46,0.06,94.0,6.0,0.0,94.0,0.0,0.0,53.28,12.48,3.86,0.38,0.39
1709,71.49,0.0,100.0,0.0,0.0,100.0,0.0,0.0,42.21,5.08,7.39,0.28,0.56
1710,66.24,0.0,100.0,0.0,0.0,100.0,0.0,0.0,53.79,5.6,7.14,0.32,0.41
1711,72.47,0.06,94.0,6.0,0.0,94.0,0.0,0.0,44.0,1.49,7.61,0.31,0.37
1712,48.16,0.0,100.0,0.0,0.0,100.0,0.0,0.0,82.03,7.01,6.09,0.52,0.36
1713,52.59,0.0,100.0,0.0,0.0,100.0,0.0,0.0,46.36,11.41,5.05,0.48,0.35
1714,61.74,0.0,100.0,0.0,0.0,100.0,0.0,0.0,37.36,4.27,5.09,0.36,0.36
1715,54.56,0.0,100.0,0.0,0.0,100.0,0.0,0.0,44.31,6.99,5.39,0.45,0.38
1716,69.77,0.0,100.0,0.0,0.0,100.0,0.0,0.0,44.83,5.63,7.76,0.33,0.36
1717,74.48,0.0,100.0,0.0,0.0,100.0,0.0,0.0,56.85,11.75,4.58,0.27,0.39
1718,40.77,0.13,87.0,13.0,0.0,87.0,0.0,0.0,35.09,4.97,5.78,0.39,0.34
1719,66.41,0.0,100.0,0.0,0.0,100.0,0.0,0.0,42.98,10.61,4.81,0.34,0.35
1720,53.32,0.0,100.0,0.0,0.0,100.0,0.0,0.0,35.62,6.36,6.65,0.48,0.38
1721,70.55,0.0,100.0,0.0,0.0,100.0,0.0,0.0,39.53,11.89,4.56,0.31,0.36
1722,60.28,0.04,96.0,4.0,0.0,96.0,0.0,0.0,49.97,4.36,6.12,0.34,0.36
1723,51.8,0.0,100.0,0.0,0.0,100.0,0.0,0.0,57.32,13.67,3.88,0.46,0.41
1724,85.63,0.0,100.0,0.0,0.0,100.0,0.0,0.0,32.08,1.88,8.06,0.14,0.39
1725,65.54,0.0,100.0,0.0,0.0,100.0,0.0,0.0,52.2,6.12,5.74,0.37,0.37
1726,51.87,0.0,100.0,0.0,0.0,100.0,0.0,0.0,50.08,12.35,4.25,0.48,0.35
1727,72.6,0.0,100.0,0.0,0.0,100.0,0.0,0.0,41.11,2.93,9.15,0.27,0.38
1728,68.76,0.0,100.0,0.0,0.0,100.0,0.0,0.0,41.81,12.02,4.5,0.32,0.43
1729,47.06,0.0,100.0,0.0,0.0,100.0,0.0,0.0,43.6,13.81,3.55,0.53,0.39
1730,51.49,0.0,100.0,0.0,0.0,100.0,0.0,0.0,45.08,7.67,4.75,0.49,0.5
1731,53.37,0.0,100.0,0.0,0.0,100.0,0.0,0.0,52.54,7.21,6.53,0.45,0.41
1732,54.22,0.03,97.0,3.0,0.0,97.0,0.0,0.0,44.55,10.38,4.51,0.39,0.41
1733,55.6,0.0,100.0,0.0,0.0,100.0,0.0,0.0,69.17,14.07,3.23,0.45,0.42
1734,66.17,0.0,100.0,0.0,0.0,100.0,0.0,0.0,61.24,5.73,7.08,0.35,0.4
1735,65.76,0.0,100.0,0.0,0.0,100.0,0.0,0.0,38.98,4.53,6.28,0.35,0.41
1736,65.33,0.0,100.0,0.0,0.0,100.0,0.0,0.0,55.49,8.44,6.82,0.31,0.41
1737,55.83,0.0,100.0,0.0,0.0,100.0,0.0,0.0,50.04,11.4,5.71,0.44,0.4
1738,54.83,0.0,100.0,0.0,0.0,100.0,0.0,0.0,71.23,6.37,6.81,0.46,0.41
1739,70.97,0.0,100.0,0.0,0.0,100.0,0.0,0.0,35.5,9.05,6.21,0.31,0.42
1740,52.72,0.0,100.0,0.0,0.0,100.0,0.0,0.0,64.31,7.18,5.1,0.49,0.41
1741,71.26,0.0,100.0,0.0,0.0,100.0,0.0,0.0,36.97,11.84,4.31,0.3,0.44
1742,55.62,0.0,100.0,0.0,0.0,100.0,0.0,0.0,39.41,11.35,5.47,0.44,0.44
1743,68.11,0.0,100.0,0.0,0.0,100.0,0.0,0.0,43.75,3.43,8.79,0.29,0.44
1744,67.68,0.04,96.0,4.0,0.0,96.0,0.0,0.0,55.05,2.36,7.33,0.33,0.41
1745,59.29,0.04,96.0,4.0,0.0,96.0,0.0,0.0,24.61,5.16,6.29,0.36,0.4
1746,61.24,0.0,100.0,0.0,0.0,100.0,0.0,0.0,50.96,6.1,4.22,0.36,0.39
1747,52.95,0.0,100.0,0.0,0.0,100.0,0.0,0.0,51.54,12.57,4.11,0.49,0.39
1748,64.79,0.0,100.0,0.0,0.0,100.0,0.0,0.0,39.86,5.04,6.09,0.36,0.41
1749,57.04,0.05,95.0,5.0,0.0,95.0,0.0,0.0,50.6,4.45,7.27,0.34,0.44
1750,28.12,0.0,100.0,0.0,0.0,100.0,0.0,0.0,378.48,16.0,2.33,0.72,0.33
1751,56.34,0.0,100.0,0.0,0.0,100.0,0.0,0.0,38.07,11.58,5.86,0.45,0.41
1752,74.55,0.0,100.0,0.0,0.0,100.0,0.0,0.0,32.63,4.64,7.68,0.28,0.41
1753,73.0,0.0,100.0,0.0,0.0,100.0,0.0,0.0,50.72,2.59,8.57,0.27,0.41
1754,49.7,0.0,100.0,0.0,0.0,100.0,0.0,0.0,41.74,12.85,4.15,0.49,0.44
1755,57.92,0.05,95.0,5.0,0.0,95.0,0.0,0.0,24.74,5.07,6.37,0.36,0.37
1756,54.49,0.0,100.0,0.0,0.0,100.0,0.0,0.0,30.95,11.88,4.94,0.47,0.41
1757,49.73,0.0,100.0,0.0,0.0,100.0,0.0,0.0,47.0,13.09,4.38,0.48,0.39
1758,67.15,0.0,100.0,0.0,0.0,100.0,0.0,0.0,34.71,9.31,6.38,0.34,0.41
1759,28.12,0.0,100.0,0.0,0.0,100.0,0.0,0.0,153.02,16.0,2.77,0.72,0.36
1760,51.37,0.0,100.0,0.0,0.0,100.0,0.0,0.0,58.77,13.46,3.58,0.48,0.43
1761,46.98,0.1,90.0,10.0,0.0,90.0,0.0,0.0,67.04,4.62,6.28,0.35,0.4
1762,73.41,0.0,100.0,0.0,0.0,100.0,0.0,0.0,38.27,8.48,7.06,0.29,0.46
1763,52.19,0.06,94.0,6.0,0.0,94.0,0.0,0.0,46.67,9.3,5.27,0.36,0.44
1764,53.3,0.0,100.0,0.0,0.0,100.0,0.0,0.0,65.25,12.35,3.64,0.47,0.43
1765,63.22,0.0,100.0,0.0,0.0,100.0,0.0,0.0,41.78,8.96,5.39,0.38,0.41
1766,43.59,0.07,93.0,7.0,0.0,93.0,0.0,0.0,49.78,11.85,5.3,0.47,0.39
1767,67.83,0.0,100.0,0.0,0.0,100.0,0.0,0.0,69.5,2.61,8.45,0.3,0.43
1768,52.76,0.0,100.0,0.0,0.0,100.0,0.0,0.0,66.27,7.0,5.35,0.46,0.41
1769,52.01,0.0,100.0,0.0,0.0,100.0,0.0,0.0,52.34,7.51,4.69,0.48,0.37
1770,67.72,0.0,100.0,0.0,0.0,100.0,0.0,0.0,28.67,5.54,7.84,0.32,0.44
1771,53.88,0.0,100.0,0.0,0.0,100.0,0.0,0.0,47.23,7.11,6.25,0.48,0.38
1772,47.65,0.0,100.0,0.0,0.0,100.0,0.0,0.0,58.46,13.72,3.46,0.52,0.4
1773,48.14,0.0,100.0,0.0,0.0,100.0,0.0,0.0,70.65,13.4,4.6,0.53,0.41
1774,66.64,0.0,100.0,0.0,0.0,100.0,0.0,0.0,40.52,10.42,5.18,0.36,0.41
1775,28.12,0.0,100.0,0.0,0.0,100.0,0.0,0.0,327.52,16.0,2.07,0.72,0.38
1776,51.29,0.0,100.0,0.0,0.0,100.0,0.0,0.0,78.95,12.42,4.43,0.46,0.4
1777,47.24,0.0,100.0,0.0,0.0,100.0,0.0,0.0,26.39,7.63,5.15,0.53,0.39
1778,49.57,0.0,100.0,0.0,0.0,100.0,0.0,0.0,36.91,13.62,3.86,0.52,0.41
1779,66.66,0.0,100.0,0.0,0.0,100.0,0.0,0.0,38.83,12.29,4.81,0.33,0.41
1780,67.62,0.0,100.0,0.0,0.0,100.0,0.0,0.0,43.67,12.45,4.22,0.34,0.43
1781,28.12,0.0,100.0,0.0,0.0,100.0,0.0,0.0,461.53,16.0,2.17,0.72,0.33
1782,71.77,0.0,100.0,0.0,0.0,100.0,0.0,0.0,41.66,9.21,6.32,0.3,0.36
1783,69.65,0.0,100.0,0.0,0.0,100.0,0.0,0.0,24.66,6.56,5.94,0.32,0.41
1784,53.86,0.06,94.0,6.0,0.0,94.0,0.0,0.0,60.06,10.22,4.73,0.37,0.38
1785,89.76,0.0,100.0,0.0,0.0,100.0,0.0,0.0,64.39,2.52,8.76,0.1,0.36
1786,55.4,0.0,100.0,0.0,0.0,100.0,0.0,0.0,45.14,7.0,5.78,0.44,0.4
1787,54.79,0.0,100.0,0.0,0.0,100.0,0.0,0.0,65.12,6.99,6.0,0.46,0.37
1788,46.22,0.0,100.0,0.0,0.0,100.0,0.0,0.0,81.22,15.45,2.8,0.54,0.35
1789,66.71,0.0,100.0,0.0,0.0,100.0,0.0,0.0,34.2,9.66,5.15,0.34,0.36
1790,73.06,0.0,100.0,0.0,0.0,100.0,0.0,0.0,66.71,12.2,4.28,0.31,0.37
1791,52.19,0.0,100.0,0.0,0.0,100.0,0.0,0.0,48.31,7.17,6.16,0.49,0.36
1792,54.22,0.0,100.0,0.0,0.0,100.0,0.0,0.0,30.47,6.26,6.51,0.48,0.37
1793,54.75,0.0,100.0,0.0,0.0,100.0,0.0,0.0,76.94,11.57,5.8,0.46,0.35
1794,41.36,0.07,93.0,7.0,0.0,93.0,0.0,0.0,26.52,6.3,6.37,0.48,0.36
1795,28.12,0.0,100.0,0.0,0.0,100.0,0.0,0.0,306.4,15.5,3.0,0.72,0.31
1796,52.93,0.02,98.0,2.0,0.0,98.0,0.0,0.0,61.34,6.21,6.31,0.46,0.36
1797,70.24,0.0,100.0,0.0,0.0,100.0,0.0,0.0,50.14,5.55,6.44,0.32,0.36
1798,71.4,0.0,100.0,0.0,0.0,100.0,0.0,0.0,35.15,10.0,5.06,0.3,0.41
1799,68.2,0.0,100.0,0.0,0.0,100.0,0.0,0.0,50.14,1.82,8.48,0.27,0.43
1800,46.56,0.0,100.0,0.0,0.0,100.0,0.0,0.0,35.74,13.84,3.45,0.53,0.42
1801,70.75,0.0,100.0,0.0,0.0,100.0,0.0,0.0,39.22,10.8,4.64,0.3,0.44
1802,65.9,0.0,100.0,0.0,0.0,100.0,0.0,0.0,51.41,10.47,5.07,0.34,0.43
1803,66.12,0.0,100.0,0.0,0.0,100.0,0.0,0.0,58.41,10.49,5.31,0.33,0.49
1804,68.31,0.0,100.0,0.0,0.0,100.0,0.0,0.0,37.44,8.64,6.03,0.32,0.47
1805,51.73,0.0,100.0,0.0,0.0,100.0,0.0,0.0,54.11,14.53,3.11,0.47,0.39
1806,48.57,0.0,100.0,0.0,0.0,100.0,0.0,0.0,38.07,13.78,4.5,0.52,0.4
1807,59.33,0.05,95.0,5.0,0.0,95.0,0.0,0.0,45.34,8.64,6.03,0.33,0.4
1808,70.7,0.0,100.0,0.0,0.0,100.0,0.0,0.0,45.54,13.99,2.8,0.3,0.42
1809,51.04,0.06,94.0,6.0,0.0,94.0,0.0,0.0,24.97,4.65,5.71,0.39,0.39
1810,53.69,0.0,100.0,0.0,0.0,100.0,0.0,0.0,45.39,13.54,3.78,0.46,0.41
1811,64.8,0.0,100.0,0.0,0.0,100.0,0.0,0.0,44.61,5.64,6.4,0.34,0.4
1812,28.12,0.0,100.0,0.0,0.0,100.0,0.0,0.0,408.78,15.5,2.55,0.72,0.36
1813,78.34,0.06,94.0,6.0,0.0,94.0,0.0,0.0,21.69,1.07,6.99,0.23,0.43
1814,54.81,0.04,96.0,4.0,0.0,96.0,0.0,0.0,48.86,6.18,5.01,0.37,0.39
1815,71.55,0.0,100.0,0.0,0.0,100.0,0.0,0.0,40.4,8.68,6.29,0.28,0.42
1816,62.01,0.0,100.0,0.0,0.0,100.0,0.0,0.0,32.53,8.48,5.76,0.36,0.42
1817,53.54,0.0,100.0,0.0,0.0,100.0,0.0,0.0,58.02,14.07,3.96,0.45,0.41
1818,70.6,0.0,100.0,0.0,0.0,100.0,0.0,0.0,40.64,1.74,8.01,0.3,0.43
1819,56.09,0.05,95.0,5.0,0.0,95.0,0.0,0.0,42.0,6.06,5.05,0.36,0.39
1820,86.69,0.0,100.0,0.0,0.0,100.0,0.0,0.0,29.76,2.46,8.54,0.13,0.41
1821,61.67,0.0,100.0,0.0,0.0,100.0,0.0,0.0,73.51,13.35,3.44,0.35,0.4
1822,74.94,0.0,100.0,0.0,0.0,100.0,0.0,0.0,34.0,9.82,4.95,0.27,0.42
1823,64.84,0.0,100.0,0.0,0.0,100.0,0.0,0.0,47.74,10.71,5.14,0.34,0.47
1824,67.76,0.0,100.0,0.0,0.0,100.0,0.0,0.0,69.37,8.64,6.12,0.32,0.44
1825,72.13,0.0,100.0,0.0,0.0,100.0,0.0,0.0,43.33,2.48,8.3,0.28,0.4
1826,61.84,0.0,100.0,0.0,0.0,100.0,0.0,0.0,34.73,4.95,7.11,0.36,0.4
1827,48.97,0.0,100.0,0.0,0.0,100.0,0.0,0.0,55.27,13.71,3.56,0.48,0.4
1828,67.34,0.0,100.0,0.0,0.0,100.0,0.0,0.0,37.91,8.39,5.16,0.34,0.45
1829,63.28,0.0,100.0,0.0,0.0,100.0,0.0,0.0,53.87,7.97,4.54,0.35,0.42
1830,68.48,0.0,100.0,0.0,0.0,100.0,0.0,0.0,51.85,12.08,4.57,0.3,0.4
1831,54.86,0.0,100.0,0.0,0.0,100.0,0.0,0.0,59.67,12.49,4.89,0.47,0.5
1832,52.01,0.0,100.0,0.0,0.0,100.0,0.0,0.0,36.97,13.9,3.8,0.47,0.39
1833,69.43,0.0,100.0,0.0,0.0,100.0,0.0,0.0,56.9,4.95,7.2,0.3,0.42
1834,52.58,0.0,100.0,0.0,0.0,100.0,0.0,0.0,72.28,11.46,5.54,0.45,0.42
1835,49.01,0.0,100.0,0.0,0.0,100.0,0.0,0.0,55.31,12.56,4.85,0.49,0.41
1836,52.04,0.0,100.0,0.0,0.0,100.0,0.0,0.0,29.99,12.38,3.79,0.48,0.38
1837,66.0,0.0,100.0,0.0,0.0,100.0,0.0,0.0,34.69,3.08,7.13,0.41,0.42
1838,73.48,0.0,100.0,0.0,0.0,100.0,0.0,0.0,26.98,2.45,9.02,0.27,0.4
1839,54.11,0.0,100.0,0.0,0.0,100.0,0.0,0.0,43.27,14.53,3.03,0.49,0.41
1840,46.18,0.0,100.0,0.0,0.0,100.0,0.0,0.0,39.12,13.33,4.39,0.52,0.42
1841,67.64,0.0,100.0,0.0,0.0,100.0,0.0,0.0,42.97,4.61,7.48,0.31,0.43
1842,72.07,0.0,100.0,0.0,0.0,100.0,0.0,0.0,46.57,2.85,8.21,0.28,0.45
1843,72.18,0.0,100.0,0.0,0.0,100.0,0.0,0.0,40.29,2.48,8.84,0.27,0.46
1844,64.62,0.0,100.0,0.0,0.0,100.0,0.0,0.0,41.65,4.68,6.72,0.37,0.4
1845,70.25,0.0,100.0,0.0,0.0,100.0,0.0,0.0,61.09,4.66,7.17,0.32,0.41
1846,68.51,0.0,100.0,0.0,0.0,100.0,0.0,0.0,53.94,12.53,4.37,0.32,0.39
1847,50.15,0.07,93.0,7.0,0.0,93.0,0.0,0.0,32.68,4.8,5.62,0.41,0.39
1848,72.64,0.0,100.0,0.0,0.0,100.0,0.0,0.0,34.79,10.95,4.5,0.3,0.39
1849,37.42,0.1,90.0,10.0,0.0,90.0,0.0,0.0,31.71,6.01,6.4,0.48,0.41
1850,28.12,0.0,100.0,0.0,0.0,100.0,0.0,0.0,458.86,16.0,2.38,0.72,0.33
1851,61.13,0.0,100.0,0.0,0.0,100.0,0.0,0.0,66.41,5.11,6.66,0.36,0.37
1852,53.35,0.0,100.0,0.0,0.0,100.0,0.0,0.0,28.66,5.85,7.26,0.46,0.36
1853,50.02,0.0,100.0,0.0,0.0,100.0,0.0,0.0,35.23,7.6,5.57,0.51,0.36
1854,63.37,0.0,100.0,0.0,0.0,100.0,0.0,0.0,69.1,10.35,4.74,0.35,0.37
1855,65.16,0.0,100.0,0.0,0.0,100.0,0.0,0.0,71.72,5.66,6.76,0.33,0.37
1856,50.13,0.06,94.0,6.0,0.0,94.0,0.0,0.0,42.08,6.13,4.75,0.37,0.34
1857,66.12,0.0,100.0,0.0,0.0,100.0,0.0,0.0,30.91,8.83,6.81,0.32,0.38
1858,73.84,0.0,100.0,0.0,0.0,100.0,0.0,0.0,38.57,9.76,5.13,0.26,0.35
1859,63.79,0.0,100.0,0.0,0.0,100.0,0.0,0.0,45.15,10.65,5.07,0.34,0.36
1860,68.75,0.0,100.0,0.0,0.0,100.0,0.0,0.0,33.17,4.39,6.35,0.32,0.37
1861,67.42,0.0,100.0,0.0,0.0,100.0,0.0,0.0,32.25,8.39,6.21,0.33,0.36
1862,44.25,0.05,95.0,5.0,0.0,95.0,0.0,0.0,37.74,12.0,4.74,0.48,0.36
1863,67.78,0.0,100.0,0.0,0.0,100.0,0.0,0.0,43.28,12.07,4.42,0.32,0.41
1864,65.23,0.0,100.0,0.0,0.0,100.0,0.0,0.0,28.95,10.24,5.11,0.34,0.42
1865,53.16,0.07,93.0,7.0,0.0,93.0,0.0,0.0,26.33,4.49,6.86,0.35,0.38
1866,52.93,0.0,100.0,0.0,0.0,100.0,0.0,0.0,57.06,7.09,5.49,0.48,0.38
1867,47.06,0.0,100.0,0.0,0.0,100.0,0.0,0.0,62.95,13.87,4.5,0.52,0.36
1868,53.26,0.0,100.0,0.0,0.0,100.0,0.0,0.0,64.85,6.42,7.29,0.48,0.38
1869,71.2,0.06,94.0,6.0,0.0,94.0,0.0,0.0,46.31,1.95,7.78,0.28,0.39
1870,55.33,0.04,96.0,4.0,0.0,96.0,0.0,0.0,38.45,5.17,6.52,0.37,0.39
1871,64.61,0.0,100.0,0.0,0.0,100.0,0.0,0.0,54.09,4.97,7.12,0.35,0.41
1872,67.39,0.0,100.0,0.0,0.0,100.0,0.0,0.0,43.8,6.65,5.77,0.34,0.44
1873,67.13,0.0,100.0,0.0,0.0,100.0,0.0,0.0,45.03,4.98,5.92,0.35,0.41
1874,67.7,0.0,100.0,0.0,0.0,100.0,0.0,0.0,50.76,12.81,3.49,0.31,0.41
1875,54.02,0.0,100.0,0.0,0.0,100.0,0.0,0.0,50.26,12.59,5.02,0.47,0.39
1876,49.82,0.07,93.0,7.0,0.0,93.0,0.0,0.0,74.45,9.29,5.59,0.39,0.4
1877,72.42,0.0,100.0,0.0,0.0,100.0,0.0,0.0,69.61,5.21,7.04,0.32,0.44
1878,53.85,0.07,93.0,7.0,0.0,93.0,0.0,0.0,56.5,8.76,6.29,0.35,0.39
1879,66.02,0.0,100.0,0.0,0.0,100.0,0.0,0.0,24.94,8.69,5.51,0.34,0.42
1880,89.09,0.0,100.0,0.0,0.0,100.0,0.0,0.0,38.4,2.43,8.83,0.1,0.42
1881,48.23,0.09,91.0,9.0,0.0,91.0,0.0,0.0,42.31,4.38,5.61,0.36,0.39
1882,68.18,0.0,100.0,0.0,0.0,100.0,0.0,0.0,35.47,5.75,6.02,0.33,0.43
1883,77.36,0.0,100.0,0.0,0.0,100.0,0.0,0.0,27.18,1.75,7.03,0.24,0.41
1884,69.49,0.0,100.0,0.0,0.0,100.0,0.0,0.0,42.73,9.6,6.1,0.33,0.44
1885,49.43,0.0,100.0,0.0,0.0,100.0,0.0,0.0,70.76,7.19,5.45,0.48,0.42
1886,66.58,0.0,100.0,0.0,0.0,100.0,0.0,0.0,36.74,5.22,6.14,0.35,0.4
1887,70.97,0.09,91.0,9.0,0.0,91.0,0.0,0.0,45.21,2.41,6.72,0.36,0.43
1888,50.83,0.0,100.0,0.0,0.0,100.0,0.0,0.0,18.39,14.14,3.41,0.49,0.37
1889,73.79,0.0,100.0,0.0,0.0,100.0,0.0,0.0,57.87,11.86,4.46,0.27,0.39
1890,56.36,0.0,100.0,0.0,0.0,100.0,0.0,0.0,65.39,11.72,4.68,0.42,0.47
1891,46.66,0.1,90.0,10.0,0.0,90.0,0.0,0.0,45.74,5.21,6.87,0.37,0.42
1892,49.39,0.08,92.0,8.0,0.0,92.0,0.0,0.0,56.96,12.28,3.49,0.38,0.46
1893,67.61,0.0,100.0,0.0,0.0,100.0,0.0,0.0,58.46,2.04,7.84,0.3,0.47
1894,67.54,0.0,100.0,0.0,0.0,100.0,0.0,0.0,36.01,4.59,7.08,0.31,0.42
1895,54.85,0.0,100.0,0.0,0.0,100.0,0.0,0.0,52.66,6.17,6.31,0.45,0.43
1896,46.1,0.0,100.0,0.0,0.0,100.0,0.0,0.0,68.84,14.69,3.48,0.53,0.42
1897,72.84,0.0,100.0,0.0,0.0,100.0,0.0,0.0,36.72,9.49,5.55,0.28,0.48
1898,57.02,0.0,100.0,0.0,0.0,100.0,0.0,0.0,49.82,12.14,5.21,0.43,0.46
1899,66.56,0.0,100.0,0.0,0.0,100.0,0.0,0.0,55.62,9.22,6.66,0.31,0.46
1900,71.81,0.0,100.0,0.0,0.0,100.0,0.0,0.0,40.73,2.26,8.33,0.28,0.46
1901,55.43,0.0,100.0,0.0,0.0,100.0,0.0,0.0,63.06,11.48,4.84,0.45,0.43
1902,54.33,0.0,100.0,0.0,0.0,100.0,0.0,0.0,67.55,12.55,5.16,0.47,0.43
1903,64.58,0.0,100.0,0.0,0.0,100.0,0.0,0.0,41.32,10.85,4.68,0.35,0.47
1904,64.54,0.0,100.0,0.0,0.0,100.0,0.0,0.0,65.08,8.31,5.2,0.35,0.47
1905,77.87,0.0,100.0,0.0,0.0,100.0,0.0,0.0,43.96,2.43,7.89,0.24,0.43
1906,53.87,0.0,100.0,0.0,0.0,100.0,0.0,0.0,78.86,12.31,4.31,0.46,0.42
1907,70.03,0.0,100.0,0.0,0.0,100.0,0.0,0.0,61.6,9.91,6.07,0.34,0.42
1908,65.81,0.0,100.0,0.0,0.0,100.0,0.0,0.0,38.66,2.44,7.63,0.35,0.42
1909,54.47,0.0,100.0,0.0,0.0,100.0,0.0,0.0,63.58,12.77,4.48,0.45,0.4
1910,73.23,0.0,100.0,0.0,0.0,100.0,0.0,0.0,67.0,9.71,5.48,0.28,0.42
1911,53.93,0.0,100.0,0.0,0.0,100.0,0.0,0.0,59.0,12.16,4.88,0.49,0.42
1912,52.48,0.0,100.0,0.0,0.0,100.0,0.0,0.0,53.72,11.67,5.47,0.48,0.4
1913,80.72,0.06,94.0,6.0,0.0,94.0,0.0,0.0,35.58,1.17,5.24,0.21,0.42
1914,86.92,0.0,100.0,0.0,0.0,100.0,0.0,0.0,63.33,2.31,7.82,0.12,0.41
1915,71.37,0.0,100.0,0.0,0.0,100.0,0.0,0.0,39.8,4.57,6.86,0.29,0.41
1916,54.61,0.0,100.0,0.0,0.0,100.0,0.0,0.0,43.73,7.07,5.86,0.46,0.41
1917,55.2,0.0,100.0,0.0,0.0,100.0,0.0,0.0,29.03,7.24,6.18,0.46,0.46
1918,69.01,0.0,100.0,0.0,0.0,100.0,0.0,0.0,47.77,7.94,6.3,0.32,0.45
1919,72.12,0.0,100.0,0.0,0.0,100.0,0.0,0.0,34.23,6.43,6.36,0.3,0.41
1920,69.82,0.0,100.0,0.0,0.0,100.0,0.0,0.0,23.45,9.46,5.62,0.28,0.39
1921,54.15,0.0,100.0,0.0,0.0,100.0,0.0,0.0,51.6,13.05,4.21,0.48,0.35
1922,83.84,0.0,100.0,0.0,0.0,100.0,0.0,0.0,54.85,1.9,8.57,0.11,0.4
1923,69.1,0.0,100.0,0.0,0.0,100.0,0.0,0.0,38.18,8.65,5.97,0.33,0.36
1924,64.57,0.0,100.0,0.0,0.0,100.0,0.0,0.0,52.44,10.68,4.77,0.35,0.34
1925,64.27,0.0,100.0,0.0,0.0,100.0,0.0,0.0,45.6,10.03,4.29,0.36,0.37
1926,54.61,0.06,94.0,6.0,0.0,94.0,0.0,0.0,47.78,8.62,4.38,0.37,0.36
1927,62.99,0.0,100.0,0.0,0.0,100.0,0.0,0.0,57.46,10.24,4.75,0.34,0.36
1928,65.35,0.0,100.0,0.0,0.0,100.0,0.0,0.0,42.77,5.04,6.89,0.35,0.39
1929,70.21,0.0,100.0,0.0,0.0,100.0,0.0,0.0,34.35,10.06,5.48,0.29,0.43
1930,53.15,0.0,100.0,0.0,0.0,100.0,0.0,0.0,63.17,11.8,5.64,0.47,0.34
1931,71.15,0.0,100.0,0.0,0.0,100.0,0.0,0.0,39.57,4.98,7.06,0.3,0.35
1932,68.31,0.0,100.0,0.0,0.0,100.0,0.0,0.0,36.34,6.3,5.56,0.33,0.36
1933,49.43,0.0,100.0,0.0,0.0,100.0,0.0,0.0,69.74,13.01,3.6,0.48,0.38
1934,51.66,0.0,100.0,0.0,0.0,100.0,0.0,0.0,70.32,14.16,2.94,0.49,0.41
1935,61.98,0.0,100.0,0.0,0.0,100.0,0.0,0.0,40.32,8.99,4.96,0.35,0.4
1936,50.42,0.06,94.0,6.0,0.0,94.0,0.0,0.0,42.24,8.59,4.44,0.37,0.35
1937,48.98,0.0,100.0,0.0,0.0,100.0,0.0,0.0,45.97,13.7,3.84,0.52,0.4
1938,69.32,0.0,100.0,0.0,0.0,100.0,0.0,0.0,37.0,11.88,4.39,0.3,0.41
1939,53.97,0.0,100.0,0.0,0.0,100.0,0.0,0.0,37.13,13.34,3.73,0.45,0.44
1940,56.41,0.0,100.0,0.0,0.0,100.0,0.0,0.0,58.71,12.13,4.43,0.45,0.4
1941,66.12,0.0,100.0,0.0,0.0,100.0,0.0,0.0,57.42,12.06,4.14,0.33,0.47
1942,43.67,0.25,75.0,25.0,0.0,75.0,0.0,0.0,42.51,2.12,7.04,0.24,0.39
1943,52.33,0.0,100.0,0.0,0.0,100.0,0.0,0.0,66.15,13.0,3.49,0.49,0.5
1944,55.52,0.0,100.0,0.0,0.0,100.0,0.0,0.0,47.63,11.61,5.21,0.44,0.47
1945,85.91,0.0,100.0,0.0,0.0,100.0,0.0,0.0,58.35,1.6,8.57,0.1,0.47
1946,28.12,0.0,100.0,0.0,0.0,100.0,0.0,0.0,308.58,16.0,2.12,0.72,0.41
1947,71.07,0.0,100.0,0.0,0.0,100.0,0.0,0.0,54.94,4.63,7.73,0.3,0.43
1948,55.18,0.0,100.0,0.0,0.0,100.0,0.0,0.0,76.19,7.06,5.89,0.46,0.43
1949,68.22,0.0,100.0,0.0,0.0,100.0,0.0,0.0,35.45,12.32,3.89,0.32,0.45
1950,54.02,0.07,93.0,7.0,0.0,93.0,0.0,0.0,55.33,4.51,6.95,0.36,0.43
1951,74.69,0.0,100.0,0.0,0.0,100.0,0.0,0.0,43.72,1.69,9.93,0.24,0.47
1952,49.92,0.06,94.0,6.0,0.0,94.0,0.0,0.0,59.81,9.06,5.68,0.39,0.4
1953,67.1,0.1,90.0,10.0,0.0,90.0,0.0,0.0,69.76,2.93,7.76,0.33,0.43
1954,52.87,0.0,100.0,0.0,0.0,100.0,0.0,0.0,50.04,13.49,3.52,0.49,0.4
1955,45.71,0.0,100.0,0.0,0.0,100.0,0.0,0.0,58.87,7.03,5.48,0.54,0.42
1956,50.11,0.0,100.0,0.0,0.0,100.0,0.0,0.0,58.63,12.69,4.45,0.49,0.47
1957,28.12,0.0,100.0,0.0,0.0,100.0,0.0,0.0,255.47,16.0,2.69,0.72,0.39
1958,57.69,0.05,95.0,5.0,0.0,95.0,0.0,0.0,43.6,8.2,5.57,0.33,0.47
1959,53.49,0.0,100.0,0.0,0.0,100.0,0.0,0.0,69.11,7.1,5.4,0.47,0.43
1960,71.56,0.0,100.0,0.0,0.0,100.0,0.0,0.0,21.18,10.4,4.62,0.32,0.4
1961,71.09,0.0,100.0,0.0,0.0,100.0,0.0,0.0,70.22,3.36,7.84,0.25,0.44
1962,74.92,0.22,78.0,22.0,0.0,78.0,0.0,0.0,85.03,2.56,6.78,0.29,0.4
1963,69.6,0.0,100.0,0.0,0.0,100.0,0.0,0.0,26.2,6.57,5.66,0.32,0.42
1964,52.59,0.0,100.0,0.0,0.0,100.0,0.0,0.0,60.08,12.49,4.6,0.48,0.43
1965,70.06,0.0,100.0,0.0,0.0,100.0,0.0,0.0,62.72,9.1,5.83,0.32,0.44
1966,70.0,0.0,100.0,0.0,0.0,100.0,0.0,0.0,19.25,8.41,6.02,0.3,0.42
1967,66.27,0.0,100.0,0.0,0.0,100.0,0.0,0.0,31.36,9.02,6.56,0.34,0.44
1968,69.66,0.0,100.0,0.0,0.0,100.0,0.0,0.0,44.74,12.47,3.86,0.32,0.43
1969,56.2,0.0,100.0,0.0,0.0,100.0,0.0,0.0,34.54,13.36,4.26,0.43,0.43
1970,70.89,0.0,100.0,0.0,0.0,100.0,0.0,0.0,29.64,1.67,7.29,0.31,0.43
1971,52.68,0.0,100.0,0.0,0.0,100.0,0.0,0.0,61.79,12.81,4.15,0.47,0.41
1972,73.22,0.0,100.0,0.0,0.0,100.0,0.0,0.0,55.74,4.85,7.79,0.25,0.42
1973,83.75,0.0,100.0,0.0,0.0,100.0,0.0,0.0,45.12,2.6,8.41,0.13,0.45
1974,51.61,0.0,100.0,0.0,0.0,100.0,0.0,0.0,44.62,13.7,4.13,0.48,0.38
1975,69.46,0.0,100.0,0.0,0.0,100.0,0.0,0.0,58.37,9.96,4.78,0.28,0.41
1976,47.95,0.0,100.0,0.0,0.0,100.0,0.0,0.0,78.62,12.51,4.76,0.48,0.42
1977,45.22,0.0,100.0,0.0,0.0,100.0,0.0,0.0,51.95,13.55,3.84,0.54,0.39
1978,66.68,0.0,100.0,0.0,0.0,100.0,0.0,0.0,57.29,5.15,7.08,0.31,0.43
1979,68.37,0.0,100.0,0.0,0.0,100.0,0.0,0.0,35.94,11.46,4.41,0.29,0.44
1980,73.18,0.0,100.0,0.0,0.0,100.0,0.0,0.0,40.24,9.78,5.21,0.29,0.41
1981,72.34,0.0,100.0,0.0,0.0,100.0,0.0,0.0,55.13,5.12,7.08,0.29,0.42
1982,68.99,0.0,100.0,0.0,0.0,100.0,0.0,0.0,57.31,8.63,6.47,0.32,0.42
1983,61.18,0.0,100.0,0.0,0.0,100.0,0.0,0.0,51.74,3.06,7.71,0.36,0.42
1984,70.34,0.0,100.0,0.0,0.0,100.0,0.0,0.0,49.43,9.77,5.34,0.3,0.43
1985,59.33,0.0,100.0,0.0,0.0,100.0,0.0,0.0,70.09,11.4,5.53,0.43,0.44
1986,51.77,0.0,100.0,0.0,0.0,100.0,0.0,0.0,45.64,12.81,3.83,0.47,0.46
1987,65.44,0.0,100.0,0.0,0.0,100.0,0.0,0.0,36.04,10.32,5.52,0.31,0.44
1988,65.59,0.0,100.0,0.0,0.0,100.0,0.0,0.0,59.42,8.48,6.83,0.33,0.4
1989,51.61,0.0,100.0,0.0,0.0,100.0,0.0,0.0,54.83,12.19,4.24,0.47,0.39
1990,62.25,0.0,100.0,0.0,0.0,100.0,0.0,0.0,56.26,9.48,5.91,0.35,0.37
1991,61.03,0.33,67.0,33.0,0.0,67.0,0.0,0.0,36.69,1.82,6.61,0.24,0.33
1992,71.02,0.0,100.0,0.0,0.0,100.0,0.0,0.0,28.99,9.95,5.25,0.31,0.49
1993,51.79,0.0,100.0,0.0,0.0,100.0,0.0,0.0,65.61,6.12,6.59,0.45,0.35
1994,70.8,0.0,100.0,0.0,0.0,100.0,0.0,0.0,54.43,5.05,7.81,0.29,0.46
1995,57.85,0.0,100.0,0.0,0.0,100.0,0.0,0.0,46.37,5.82,5.99,0.44,0.43
1996,85.92,0.0,100.0,0.0,0.0,100.0,0.0,0.0,47.14,2.44,9.33,0.14,0.45
1997,66.43,0.11,89.0,11.0,0.0,89.0,0.0,0.0,51.76,1.27,5.7,0.35,0.42
1998,49.39,0.0,100.0,0.0,0.0,100.0,0.0,0.0,81.0,12.41,4.27,0.48,0.41
1999,70.04,0.0,100.0,0.0,0.0,100.0,0.0,0.0,23.85,9.94,5.1,0.29,0.37
2000,48.57,0.0,100.0,0.0,0.0,100.0,0.0,0.0,59.56,13.62,4.11,0.52,0.49
